# Blender 4.4.1
# www.blender.org
mtllib title.mtl
o テキスト
v -3.029000 -0.044000 -0.170000
v -3.051712 -0.056153 -0.170000
v -3.073032 -0.067727 -0.170000
v -3.093234 -0.078891 -0.170000
v -3.112592 -0.089815 -0.170000
v -3.131381 -0.100670 -0.170000
v -3.149875 -0.111625 -0.170000
v -3.168348 -0.122851 -0.170000
v -3.187074 -0.134519 -0.170000
v -3.206328 -0.146797 -0.170000
v -3.226384 -0.159856 -0.170000
v -3.247517 -0.173867 -0.170000
v -3.270000 -0.189000 -0.170000
v -3.218000 -0.257000 -0.170000
v -3.196777 -0.241480 -0.170000
v -3.176468 -0.226843 -0.170000
v -3.156859 -0.212969 -0.170000
v -3.137741 -0.199741 -0.170000
v -3.118900 -0.187041 -0.170000
v -3.100125 -0.174750 -0.170000
v -3.081204 -0.162751 -0.170000
v -3.061926 -0.150926 -0.170000
v -3.042078 -0.139156 -0.170000
v -3.021449 -0.127324 -0.170000
v -2.999827 -0.115311 -0.170000
v -2.977000 -0.103000 -0.170000
v -3.101808 0.138525 -0.170000
v -3.087288 0.122204 -0.170000
v -3.071532 0.105187 -0.170000
v -3.054630 0.087630 -0.170000
v -3.036673 0.069683 -0.170000
v -3.017751 0.051500 -0.170000
v -2.997953 0.033234 -0.170000
v -2.977371 0.015037 -0.170000
v -2.956094 -0.002938 -0.170000
v -2.934213 -0.020537 -0.170000
v -2.911819 -0.037609 -0.170000
v -2.889000 -0.054000 -0.170000
v -2.888000 -0.323000 -0.170000
v -2.888060 -0.331925 -0.170000
v -2.888232 -0.341148 -0.170000
v -2.888500 -0.350594 -0.170000
v -2.888852 -0.360185 -0.170000
v -2.889273 -0.369846 -0.170000
v -2.889750 -0.379500 -0.170000
v -2.890269 -0.389071 -0.170000
v -2.890815 -0.398482 -0.170000
v -2.891375 -0.407656 -0.170000
v -2.891935 -0.416519 -0.170000
v -2.892482 -0.424992 -0.170000
v -2.893000 -0.433000 -0.170000
v -2.802000 -0.433000 -0.170000
v -2.802748 -0.425412 -0.170000
v -2.803486 -0.417213 -0.170000
v -2.804203 -0.408500 -0.170000
v -2.804889 -0.399370 -0.170000
v -2.805533 -0.389921 -0.170000
v -2.806125 -0.380250 -0.170000
v -2.806655 -0.370454 -0.170000
v -2.807111 -0.360630 -0.170000
v -2.807485 -0.350875 -0.170000
v -2.807764 -0.341287 -0.170000
v -2.807939 -0.331963 -0.170000
v -2.808000 -0.323000 -0.170000
v -2.809000 -0.105000 -0.170000
v -2.785391 -0.118296 -0.170000
v -2.761046 -0.131199 -0.170000
v -2.735937 -0.143734 -0.170000
v -2.710037 -0.155926 -0.170000
v -2.683317 -0.167798 -0.170000
v -2.655750 -0.179375 -0.170000
v -2.627308 -0.190681 -0.170000
v -2.597963 -0.201741 -0.170000
v -2.567688 -0.212578 -0.170000
v -2.536454 -0.223218 -0.170000
v -2.504234 -0.233683 -0.170000
v -2.471000 -0.244000 -0.170000
v -2.423000 -0.170000 -0.170000
v -2.468935 -0.158329 -0.170000
v -2.512306 -0.145880 -0.170000
v -2.553219 -0.132750 -0.170000
v -2.591778 -0.119037 -0.170000
v -2.628087 -0.104838 -0.170000
v -2.662250 -0.090250 -0.170000
v -2.694372 -0.075370 -0.170000
v -2.724556 -0.060296 -0.170000
v -2.752906 -0.045125 -0.170000
v -2.779528 -0.029954 -0.170000
v -2.804524 -0.014880 -0.170000
v -2.828000 -0.000000 -0.170000
v -2.850041 0.014677 -0.170000
v -2.871579 0.030083 -0.170000
v -2.892485 0.046031 -0.170000
v -2.912630 0.062333 -0.170000
v -2.931886 0.078802 -0.170000
v -2.950125 0.095250 -0.170000
v -2.967218 0.111490 -0.170000
v -2.983037 0.127333 -0.170000
v -2.997453 0.142594 -0.170000
v -3.010338 0.157083 -0.170000
v -3.021563 0.170615 -0.170000
v -3.031000 0.183000 -0.170000
v -3.013821 0.183000 -0.170000
v -2.987065 0.183000 -0.170000
v -2.952657 0.183000 -0.170000
v -2.912519 0.183000 -0.170000
v -2.868575 0.183000 -0.170000
v -2.822750 0.183000 -0.170000
v -2.776967 0.183000 -0.170000
v -2.733148 0.183000 -0.170000
v -2.693219 0.183000 -0.170000
v -2.659102 0.183000 -0.170000
v -2.632721 0.183000 -0.170000
v -2.616000 0.183000 -0.170000
v -2.606819 0.182959 -0.170000
v -2.596889 0.182843 -0.170000
v -2.586375 0.182656 -0.170000
v -2.575444 0.182407 -0.170000
v -2.564264 0.182103 -0.170000
v -2.553000 0.181750 -0.170000
v -2.541819 0.181355 -0.170000
v -2.530889 0.180926 -0.170000
v -2.520375 0.180469 -0.170000
v -2.510444 0.179991 -0.170000
v -2.501264 0.179499 -0.170000
v -2.493000 0.179000 -0.170000
v -2.493000 0.263000 -0.170000
v -2.501473 0.262061 -0.170000
v -2.510782 0.261241 -0.170000
v -2.520766 0.260531 -0.170000
v -2.531259 0.259926 -0.170000
v -2.542100 0.259418 -0.170000
v -2.553125 0.259000 -0.170000
v -2.564171 0.258666 -0.170000
v -2.575074 0.258407 -0.170000
v -2.585672 0.258219 -0.170000
v -2.595801 0.258093 -0.170000
v -2.605298 0.258022 -0.170000
v -2.614000 0.258000 -0.170000
v -2.810000 0.258000 -0.170000
v -2.810000 0.322000 -0.170000
v -2.809978 0.329193 -0.170000
v -2.809908 0.336713 -0.170000
v -2.809782 0.344469 -0.170000
v -2.809593 0.352370 -0.170000
v -2.809335 0.360328 -0.170000
v -2.809000 0.368250 -0.170000
v -2.808582 0.376047 -0.170000
v -2.808074 0.383630 -0.170000
v -2.807469 0.390906 -0.170000
v -2.806759 0.397787 -0.170000
v -2.805939 0.404182 -0.170000
v -2.805000 0.410000 -0.170000
v -2.897000 0.410000 -0.170000
v -2.896042 0.404182 -0.170000
v -2.895167 0.397787 -0.170000
v -2.894375 0.390906 -0.170000
v -2.893667 0.383630 -0.170000
v -2.893042 0.376047 -0.170000
v -2.892500 0.368250 -0.170000
v -2.892042 0.360328 -0.170000
v -2.891667 0.352370 -0.170000
v -2.891375 0.344469 -0.170000
v -2.891167 0.336713 -0.170000
v -2.891042 0.329193 -0.170000
v -2.891000 0.322000 -0.170000
v -2.891000 0.258000 -0.170000
v -3.056000 0.258000 -0.170000
v -3.061747 0.258023 -0.170000
v -3.067472 0.258097 -0.170000
v -3.073156 0.258234 -0.170000
v -3.078778 0.258444 -0.170000
v -3.084316 0.258738 -0.170000
v -3.089750 0.259125 -0.170000
v -3.095059 0.259616 -0.170000
v -3.100222 0.260222 -0.170000
v -3.105219 0.260953 -0.170000
v -3.110028 0.261819 -0.170000
v -3.114629 0.262832 -0.170000
v -3.119000 0.264000 -0.170000
v -3.171000 0.214000 -0.170000
v -3.166422 0.209172 -0.170000
v -3.161713 0.204208 -0.170000
v -3.156906 0.199141 -0.170000
v -3.152037 0.194000 -0.170000
v -3.147140 0.188818 -0.170000
v -3.142250 0.183625 -0.170000
v -3.137402 0.178453 -0.170000
v -3.132630 0.173333 -0.170000
v -3.127969 0.168297 -0.170000
v -3.123454 0.163375 -0.170000
v -3.119119 0.158599 -0.170000
v -3.115000 0.154000 -0.170000
v -1.975000 0.232000 -0.170000
v -1.969720 0.242392 -0.170000
v -1.963931 0.253472 -0.170000
v -1.957703 0.265094 -0.170000
v -1.951111 0.277111 -0.170000
v -1.944227 0.289378 -0.170000
v -1.937125 0.301750 -0.170000
v -1.929877 0.314080 -0.170000
v -1.922555 0.326222 -0.170000
v -1.915234 0.338031 -0.170000
v -1.907986 0.349361 -0.170000
v -1.900884 0.360066 -0.170000
v -1.894000 0.370000 -0.170000
v -1.947000 0.393000 -0.170000
v -1.953464 0.383506 -0.170000
v -1.960296 0.373130 -0.170000
v -1.967406 0.362031 -0.170000
v -1.974704 0.350370 -0.170000
v -1.982098 0.338307 -0.170000
v -1.989500 0.326000 -0.170000
v -1.996818 0.313610 -0.170000
v -2.003963 0.301296 -0.170000
v -2.010844 0.289219 -0.170000
v -2.017370 0.277537 -0.170000
v -2.023453 0.266411 -0.170000
v -2.029000 0.256000 -0.170000
v -2.087000 0.273000 -0.170000
v -2.081280 0.284022 -0.170000
v -2.075157 0.295509 -0.170000
v -2.068687 0.307344 -0.170000
v -2.061926 0.319407 -0.170000
v -2.054928 0.331582 -0.170000
v -2.047750 0.343750 -0.170000
v -2.040447 0.355793 -0.170000
v -2.033074 0.367593 -0.170000
v -2.025688 0.379031 -0.170000
v -2.018343 0.389991 -0.170000
v -2.011095 0.400353 -0.170000
v -2.004000 0.410000 -0.170000
v -2.057000 0.433000 -0.170000
v -2.063752 0.423258 -0.170000
v -2.070926 0.412648 -0.170000
v -2.078407 0.401344 -0.170000
v -2.086075 0.389519 -0.170000
v -2.093812 0.377346 -0.170000
v -2.101500 0.365000 -0.170000
v -2.109022 0.352654 -0.170000
v -2.116259 0.340481 -0.170000
v -2.123094 0.328656 -0.170000
v -2.129407 0.317352 -0.170000
v -2.135082 0.306742 -0.170000
v -2.140000 0.297000 -0.170000
v -2.022819 0.100163 -0.170000
v -2.021218 0.065556 -0.170000
v -2.019109 0.025531 -0.170000
v -2.016407 -0.018556 -0.170000
v -2.013025 -0.065351 -0.170000
v -2.008875 -0.113500 -0.170000
v -2.003871 -0.161649 -0.170000
v -1.997926 -0.208444 -0.170000
v -1.990953 -0.252531 -0.170000
v -1.982866 -0.292556 -0.170000
v -1.973577 -0.327163 -0.170000
v -1.963000 -0.355000 -0.170000
v -1.957744 -0.365233 -0.170000
v -1.951949 -0.374449 -0.170000
v -1.945578 -0.382672 -0.170000
v -1.938593 -0.389926 -0.170000
v -1.930954 -0.396236 -0.170000
v -1.922625 -0.401625 -0.170000
v -1.913566 -0.406119 -0.170000
v -1.903741 -0.409741 -0.170000
v -1.893109 -0.412516 -0.170000
v -1.881634 -0.414468 -0.170000
v -1.869277 -0.415621 -0.170000
v -1.856000 -0.416000 -0.170000
v -1.843112 -0.415939 -0.170000
v -1.829977 -0.415759 -0.170000
v -1.816641 -0.415469 -0.170000
v -1.803148 -0.415074 -0.170000
v -1.789545 -0.414582 -0.170000
v -1.775875 -0.414000 -0.170000
v -1.762185 -0.413335 -0.170000
v -1.748519 -0.412593 -0.170000
v -1.734922 -0.411781 -0.170000
v -1.721440 -0.410907 -0.170000
v -1.708117 -0.409978 -0.170000
v -1.695000 -0.409000 -0.170000
v -1.685000 -0.326000 -0.170000
v -1.698473 -0.327687 -0.170000
v -1.711870 -0.329245 -0.170000
v -1.725156 -0.330672 -0.170000
v -1.738296 -0.331963 -0.170000
v -1.751256 -0.333115 -0.170000
v -1.764000 -0.334125 -0.170000
v -1.776494 -0.334989 -0.170000
v -1.788704 -0.335704 -0.170000
v -1.800594 -0.336266 -0.170000
v -1.812130 -0.336671 -0.170000
v -1.823277 -0.336917 -0.170000
v -1.834000 -0.337000 -0.170000
v -1.841024 -0.336829 -0.170000
v -1.847602 -0.336296 -0.170000
v -1.853750 -0.335375 -0.170000
v -1.859482 -0.334037 -0.170000
v -1.864810 -0.332255 -0.170000
v -1.869750 -0.330000 -0.170000
v -1.874315 -0.327245 -0.170000
v -1.878519 -0.323963 -0.170000
v -1.882375 -0.320125 -0.170000
v -1.885898 -0.315704 -0.170000
v -1.889102 -0.310671 -0.170000
v -1.892000 -0.305000 -0.170000
v -1.900986 -0.282407 -0.170000
v -1.908972 -0.253843 -0.170000
v -1.916000 -0.220375 -0.170000
v -1.922111 -0.183074 -0.170000
v -1.927347 -0.143009 -0.170000
v -1.931750 -0.101250 -0.170000
v -1.935361 -0.058866 -0.170000
v -1.938222 -0.016926 -0.170000
v -1.940375 0.023500 -0.170000
v -1.941861 0.061343 -0.170000
v -1.942722 0.095532 -0.170000
v -1.943000 0.125000 -0.170000
v -1.663000 0.125000 -0.170000
v -1.652586 0.055796 -0.170000
v -1.639356 -0.008051 -0.170000
v -1.623328 -0.066891 -0.170000
v -1.604518 -0.121074 -0.170000
v -1.582945 -0.170952 -0.170000
v -1.558625 -0.216875 -0.170000
v -1.531576 -0.259194 -0.170000
v -1.501815 -0.298259 -0.170000
v -1.469359 -0.334422 -0.170000
v -1.434227 -0.368032 -0.170000
v -1.396435 -0.399442 -0.170000
v -1.356000 -0.429000 -0.170000
v -1.283000 -0.370000 -0.170000
v -1.291176 -0.365527 -0.170000
v -1.299657 -0.360630 -0.170000
v -1.308375 -0.355344 -0.170000
v -1.317259 -0.349704 -0.170000
v -1.326241 -0.343744 -0.170000
v -1.335250 -0.337500 -0.170000
v -1.344218 -0.331006 -0.170000
v -1.353074 -0.324296 -0.170000
v -1.361750 -0.317406 -0.170000
v -1.370176 -0.310370 -0.170000
v -1.378282 -0.303223 -0.170000
v -1.386000 -0.296000 -0.170000
v -1.410177 -0.272744 -0.170000
v -1.433167 -0.247870 -0.170000
v -1.454906 -0.221219 -0.170000
v -1.475333 -0.192630 -0.170000
v -1.494385 -0.161943 -0.170000
v -1.512000 -0.129000 -0.170000
v -1.528115 -0.093640 -0.170000
v -1.542667 -0.055704 -0.170000
v -1.555594 -0.015031 -0.170000
v -1.566833 0.028537 -0.170000
v -1.576323 0.075161 -0.170000
v -1.584000 0.125000 -0.170000
v -1.416000 0.125000 -0.170000
v -1.406213 0.124998 -0.170000
v -1.396370 0.124981 -0.170000
v -1.386500 0.124938 -0.170000
v -1.376630 0.124852 -0.170000
v -1.366787 0.124711 -0.170000
v -1.357000 0.124500 -0.170000
v -1.347296 0.124206 -0.170000
v -1.337704 0.123815 -0.170000
v -1.328250 0.123312 -0.170000
v -1.318963 0.122685 -0.170000
v -1.309870 0.121919 -0.170000
v -1.301000 0.121000 -0.170000
v -1.301000 0.205000 -0.170000
v -1.309870 0.204271 -0.170000
v -1.318958 0.203588 -0.170000
v -1.328234 0.202953 -0.170000
v -1.337667 0.202370 -0.170000
v -1.347224 0.201843 -0.170000
v -1.356875 0.201375 -0.170000
v -1.366589 0.200969 -0.170000
v -1.376333 0.200630 -0.170000
v -1.386078 0.200359 -0.170000
v -1.395792 0.200162 -0.170000
v -1.405443 0.200041 -0.170000
v -1.415000 0.200000 -0.170000
v -1.591000 0.200000 -0.170000
v -1.591499 0.208041 -0.170000
v -1.591991 0.216162 -0.170000
v -1.592469 0.224359 -0.170000
v -1.592926 0.232630 -0.170000
v -1.593355 0.240969 -0.170000
v -1.593750 0.249375 -0.170000
v -1.594103 0.257843 -0.170000
v -1.594407 0.266370 -0.170000
v -1.594656 0.274953 -0.170000
v -1.594843 0.283588 -0.170000
v -1.594959 0.292271 -0.170000
v -1.595000 0.301000 -0.170000
v -1.594939 0.307025 -0.170000
v -1.594759 0.313537 -0.170000
v -1.594469 0.320437 -0.170000
v -1.594074 0.327630 -0.170000
v -1.593582 0.335016 -0.170000
v -1.593000 0.342500 -0.170000
v -1.592334 0.349984 -0.170000
v -1.591593 0.357370 -0.170000
v -1.590781 0.364563 -0.170000
v -1.589907 0.371463 -0.170000
v -1.588978 0.377975 -0.170000
v -1.588000 0.384000 -0.170000
v -1.682000 0.384000 -0.170000
v -1.681271 0.378243 -0.170000
v -1.680584 0.372028 -0.170000
v -1.679938 0.365438 -0.170000
v -1.679334 0.358556 -0.170000
v -1.678771 0.351465 -0.170000
v -1.678250 0.344250 -0.170000
v -1.677771 0.336993 -0.170000
v -1.677333 0.329778 -0.170000
v -1.676938 0.322687 -0.170000
v -1.676583 0.315806 -0.170000
v -1.676271 0.309215 -0.170000
v -1.676000 0.303000 -0.170000
v -1.675730 0.294041 -0.170000
v -1.675421 0.285162 -0.170000
v -1.675078 0.276359 -0.170000
v -1.674704 0.267630 -0.170000
v -1.674302 0.258969 -0.170000
v -1.673875 0.250375 -0.170000
v -1.673428 0.241843 -0.170000
v -1.672963 0.233370 -0.170000
v -1.672484 0.224953 -0.170000
v -1.671995 0.216588 -0.170000
v -1.671499 0.208271 -0.170000
v -1.671000 0.200000 -0.170000
v -1.909000 0.200000 -0.170000
v -1.915607 0.200041 -0.170000
v -1.921935 0.200162 -0.170000
v -1.928000 0.200359 -0.170000
v -1.933815 0.200630 -0.170000
v -1.939394 0.200969 -0.170000
v -1.944750 0.201375 -0.170000
v -1.949898 0.201843 -0.170000
v -1.954852 0.202370 -0.170000
v -1.959625 0.202953 -0.170000
v -1.964232 0.203588 -0.170000
v -1.968685 0.204271 -0.170000
v -1.973000 0.205000 -0.170000
v -2.029000 0.177000 -0.170000
v -2.028271 0.172713 -0.170000
v -2.027588 0.168370 -0.170000
v -2.026953 0.164000 -0.170000
v -2.026370 0.159630 -0.170000
v -2.025843 0.155287 -0.170000
v -2.025375 0.151000 -0.170000
v -2.024969 0.146796 -0.170000
v -2.024630 0.142704 -0.170000
v -2.024359 0.138750 -0.170000
v -2.024162 0.134963 -0.170000
v -2.024041 0.131370 -0.170000
v -2.024000 0.128000 -0.170000
v -0.702000 0.308000 -0.170000
v -0.712244 0.288452 -0.170000
v -0.723370 0.266532 -0.170000
v -0.735219 0.242578 -0.170000
v -0.747630 0.216926 -0.170000
v -0.760443 0.189913 -0.170000
v -0.773500 0.161875 -0.170000
v -0.786640 0.133150 -0.170000
v -0.799704 0.104074 -0.170000
v -0.812531 0.074984 -0.170000
v -0.824963 0.046218 -0.170000
v -0.836839 0.018111 -0.170000
v -0.848000 -0.009000 -0.170000
v -0.858248 -0.034597 -0.170000
v -0.868903 -0.062111 -0.170000
v -0.879828 -0.091125 -0.170000
v -0.890889 -0.121222 -0.170000
v -0.901950 -0.151986 -0.170000
v -0.912875 -0.183000 -0.170000
v -0.923529 -0.213847 -0.170000
v -0.933778 -0.244111 -0.170000
v -0.943484 -0.273375 -0.170000
v -0.952514 -0.301222 -0.170000
v -0.960731 -0.327236 -0.170000
v -0.968000 -0.351000 -0.170000
v -0.879000 -0.380000 -0.170000
v -0.872308 -0.353829 -0.170000
v -0.864796 -0.326463 -0.170000
v -0.856563 -0.298125 -0.170000
v -0.847704 -0.269037 -0.170000
v -0.838317 -0.239421 -0.170000
v -0.828500 -0.209500 -0.170000
v -0.818350 -0.179495 -0.170000
v -0.807963 -0.149630 -0.170000
v -0.797437 -0.120125 -0.170000
v -0.786870 -0.091204 -0.170000
v -0.776359 -0.063088 -0.170000
v -0.766000 -0.036000 -0.170000
v -0.755565 -0.009558 -0.170000
v -0.744357 0.018037 -0.170000
v -0.732516 0.046437 -0.170000
v -0.720185 0.075296 -0.170000
v -0.707508 0.104266 -0.170000
v -0.694625 0.133000 -0.170000
v -0.681680 0.161150 -0.170000
v -0.668815 0.188370 -0.170000
v -0.656172 0.214313 -0.170000
v -0.643893 0.238630 -0.170000
v -0.632122 0.260975 -0.170000
v -0.621000 0.281000 -0.170000
v -0.461000 0.279000 -0.170000
v -0.459251 0.273343 -0.170000
v -0.457509 0.267412 -0.170000
v -0.455781 0.261266 -0.170000
v -0.454074 0.254963 -0.170000
v -0.452395 0.248563 -0.170000
v -0.450750 0.242125 -0.170000
v -0.449147 0.235708 -0.170000
v -0.447593 0.229370 -0.170000
v -0.446094 0.223172 -0.170000
v -0.444657 0.217171 -0.170000
v -0.443290 0.211428 -0.170000
v -0.442000 0.206000 -0.170000
v -0.438300 0.188784 -0.170000
v -0.433736 0.168440 -0.170000
v -0.428359 0.145422 -0.170000
v -0.422222 0.120185 -0.170000
v -0.415377 0.093185 -0.170000
v -0.407875 0.064875 -0.170000
v -0.399769 0.035711 -0.170000
v -0.391111 0.006148 -0.170000
v -0.381953 -0.023359 -0.170000
v -0.372347 -0.052357 -0.170000
v -0.362345 -0.080388 -0.170000
v -0.352000 -0.107000 -0.170000
v -0.342385 -0.130190 -0.170000
v -0.332079 -0.153690 -0.170000
v -0.321141 -0.177391 -0.170000
v -0.309630 -0.201185 -0.170000
v -0.297605 -0.224966 -0.170000
v -0.285125 -0.248625 -0.170000
v -0.272249 -0.272055 -0.170000
v -0.259037 -0.295148 -0.170000
v -0.245547 -0.317797 -0.170000
v -0.231838 -0.339894 -0.170000
v -0.217969 -0.361330 -0.170000
v -0.204000 -0.382000 -0.170000
v -0.119000 -0.346000 -0.170000
v -0.134615 -0.324798 -0.170000
v -0.149921 -0.302796 -0.170000
v -0.164859 -0.280156 -0.170000
v -0.179370 -0.257037 -0.170000
v -0.193395 -0.233598 -0.170000
v -0.206875 -0.210000 -0.170000
v -0.219750 -0.186402 -0.170000
v -0.231963 -0.162963 -0.170000
v -0.243453 -0.139844 -0.170000
v -0.254162 -0.117204 -0.170000
v -0.264031 -0.095203 -0.170000
v -0.273000 -0.074000 -0.170000
v -0.283924 -0.047049 -0.170000
v -0.294639 -0.018394 -0.170000
v -0.305062 0.011672 -0.170000
v -0.315111 0.042852 -0.170000
v -0.324701 0.074851 -0.170000
v -0.333750 0.107375 -0.170000
v -0.342174 0.140128 -0.170000
v -0.349889 0.172815 -0.170000
v -0.356812 0.205141 -0.170000
v -0.362861 0.236810 -0.170000
v -0.367951 0.267528 -0.170000
v -0.372000 0.297000 -0.170000
v 0.798000 0.275928 -0.170000
v 0.798000 0.255759 -0.170000
v 0.798000 0.229063 -0.170000
v 0.798000 0.197407 -0.170000
v 0.798000 0.162363 -0.170000
v 0.798000 0.125500 -0.170000
v 0.798000 0.088387 -0.170000
v 0.798000 0.052593 -0.170000
v 0.798000 0.019687 -0.170000
v 0.798000 -0.008759 -0.170000
v 0.798000 -0.031178 -0.170000
v 0.798000 -0.046000 -0.170000
v 0.797960 -0.052403 -0.170000
v 0.797843 -0.059060 -0.170000
v 0.797656 -0.065891 -0.170000
v 0.797408 -0.072815 -0.170000
v 0.797103 -0.079753 -0.170000
v 0.796750 -0.086625 -0.170000
v 0.796355 -0.093351 -0.170000
v 0.795926 -0.099852 -0.170000
v 0.795469 -0.106047 -0.170000
v 0.794991 -0.111857 -0.170000
v 0.794499 -0.117201 -0.170000
v 0.794000 -0.122000 -0.170000
v 0.886000 -0.122000 -0.170000
v 0.885482 -0.117907 -0.170000
v 0.884935 -0.113171 -0.170000
v 0.884375 -0.107859 -0.170000
v 0.883815 -0.102037 -0.170000
v 0.883269 -0.095770 -0.170000
v 0.882750 -0.089125 -0.170000
v 0.882273 -0.082167 -0.170000
v 0.881852 -0.074963 -0.170000
v 0.881500 -0.067578 -0.170000
v 0.881232 -0.060079 -0.170000
v 0.881060 -0.052531 -0.170000
v 0.881000 -0.045000 -0.170000
v 0.881000 -0.030198 -0.170000
v 0.881000 -0.007833 -0.170000
v 0.881000 0.020531 -0.170000
v 0.881000 0.053333 -0.170000
v 0.881000 0.089010 -0.170000
v 0.881000 0.126000 -0.170000
v 0.881000 0.162740 -0.170000
v 0.881000 0.197667 -0.170000
v 0.881000 0.229219 -0.170000
v 0.881000 0.255833 -0.170000
v 0.881000 0.275948 -0.170000
v 0.881000 0.288000 -0.170000
v 0.881041 0.292835 -0.170000
v 0.881158 0.298264 -0.170000
v 0.881344 0.304172 -0.170000
v 0.881593 0.310444 -0.170000
v 0.881897 0.316967 -0.170000
v 0.882250 0.323625 -0.170000
v 0.882645 0.330304 -0.170000
v 0.883074 0.336889 -0.170000
v 0.883531 0.343266 -0.170000
v 0.884009 0.349319 -0.170000
v 0.884501 0.354936 -0.170000
v 0.885000 0.360000 -0.170000
v 0.794000 0.360000 -0.170000
v 0.794499 0.355050 -0.170000
v 0.794991 0.349736 -0.170000
v 0.795469 0.344109 -0.170000
v 0.795926 0.338222 -0.170000
v 0.796355 0.332127 -0.170000
v 0.796750 0.325875 -0.170000
v 0.797103 0.319519 -0.170000
v 0.797408 0.313111 -0.170000
v 0.797656 0.306703 -0.170000
v 0.797843 0.300347 -0.170000
v 0.797960 0.294095 -0.170000
v 0.798000 0.288000 -0.170000
v 0.333000 0.270135 -0.170000
v 0.333000 0.257750 -0.170000
v 0.333000 0.244156 -0.170000
v 0.333000 0.229667 -0.170000
v 0.333000 0.214594 -0.170000
v 0.333000 0.199250 -0.170000
v 0.333000 0.183948 -0.170000
v 0.333000 0.169000 -0.170000
v 0.333000 0.154719 -0.170000
v 0.333000 0.141417 -0.170000
v 0.333000 0.129406 -0.170000
v 0.333000 0.119000 -0.170000
v 0.333691 0.062257 -0.170000
v 0.335778 0.011639 -0.170000
v 0.339281 -0.033438 -0.170000
v 0.344222 -0.073556 -0.170000
v 0.350622 -0.109299 -0.170000
v 0.358500 -0.141250 -0.170000
v 0.367879 -0.169993 -0.170000
v 0.378778 -0.196111 -0.170000
v 0.391219 -0.220188 -0.170000
v 0.405222 -0.242806 -0.170000
v 0.420809 -0.264549 -0.170000
v 0.438000 -0.286000 -0.170000
v 0.454943 -0.304781 -0.170000
v 0.473130 -0.322162 -0.170000
v 0.492344 -0.338203 -0.170000
v 0.512371 -0.352963 -0.170000
v 0.532994 -0.366501 -0.170000
v 0.554000 -0.378875 -0.170000
v 0.575173 -0.390145 -0.170000
v 0.596296 -0.400370 -0.170000
v 0.617156 -0.409609 -0.170000
v 0.637537 -0.417921 -0.170000
v 0.657224 -0.425365 -0.170000
v 0.676000 -0.432000 -0.170000
v 0.741000 -0.363000 -0.170000
v 0.718155 -0.356888 -0.170000
v 0.695658 -0.350023 -0.170000
v 0.673563 -0.342359 -0.170000
v 0.651926 -0.333852 -0.170000
v 0.630803 -0.324455 -0.170000
v 0.610250 -0.314125 -0.170000
v 0.590322 -0.302815 -0.170000
v 0.571074 -0.290482 -0.170000
v 0.552563 -0.277078 -0.170000
v 0.534843 -0.262560 -0.170000
v 0.517970 -0.246883 -0.170000
v 0.502000 -0.230000 -0.170000
v 0.485452 -0.209228 -0.170000
v 0.471199 -0.188157 -0.170000
v 0.459078 -0.166406 -0.170000
v 0.448926 -0.143593 -0.170000
v 0.440579 -0.119334 -0.170000
v 0.433875 -0.093250 -0.170000
v 0.428650 -0.064957 -0.170000
v 0.424741 -0.034074 -0.170000
v 0.421984 -0.000219 -0.170000
v 0.420218 0.036991 -0.170000
v 0.419277 0.077936 -0.170000
v 0.419000 0.123000 -0.170000
v 0.419000 0.133423 -0.170000
v 0.419000 0.145468 -0.170000
v 0.419000 0.158797 -0.170000
v 0.419000 0.173074 -0.170000
v 0.419000 0.187962 -0.170000
v 0.419000 0.203125 -0.170000
v 0.419000 0.218225 -0.170000
v 0.419000 0.232926 -0.170000
v 0.419000 0.246891 -0.170000
v 0.419000 0.259782 -0.170000
v 0.419000 0.271264 -0.170000
v 0.419000 0.281000 -0.170000
v 0.419041 0.289377 -0.170000
v 0.419162 0.297514 -0.170000
v 0.419360 0.305422 -0.170000
v 0.419630 0.313111 -0.170000
v 0.419969 0.320592 -0.170000
v 0.420375 0.327875 -0.170000
v 0.420843 0.334970 -0.170000
v 0.421370 0.341889 -0.170000
v 0.421953 0.348641 -0.170000
v 0.422588 0.355236 -0.170000
v 0.423272 0.361686 -0.170000
v 0.424000 0.368000 -0.170000
v 0.330000 0.368000 -0.170000
v 0.330479 0.361686 -0.170000
v 0.330917 0.355236 -0.170000
v 0.331313 0.348641 -0.170000
v 0.331667 0.341889 -0.170000
v 0.331979 0.334970 -0.170000
v 0.332250 0.327875 -0.170000
v 0.332479 0.320592 -0.170000
v 0.332667 0.313111 -0.170000
v 0.332813 0.305422 -0.170000
v 0.332917 0.297514 -0.170000
v 0.332979 0.289377 -0.170000
v 0.333000 0.281000 -0.170000
v 1.779000 0.071000 -0.170000
v 1.783812 0.087175 -0.170000
v 1.790079 0.106736 -0.170000
v 1.797547 0.128984 -0.170000
v 1.805963 0.153222 -0.170000
v 1.815074 0.178752 -0.170000
v 1.824625 0.204875 -0.170000
v 1.834364 0.230894 -0.170000
v 1.844037 0.256111 -0.170000
v 1.853391 0.279828 -0.170000
v 1.862172 0.301347 -0.170000
v 1.870126 0.319970 -0.170000
v 1.877000 0.335000 -0.170000
v 1.800000 0.361000 -0.170000
v 1.793755 0.346811 -0.170000
v 1.786209 0.328741 -0.170000
v 1.777641 0.307531 -0.170000
v 1.768334 0.283926 -0.170000
v 1.758568 0.258668 -0.170000
v 1.748625 0.232500 -0.170000
v 1.738787 0.206166 -0.170000
v 1.729333 0.180407 -0.170000
v 1.720547 0.155969 -0.170000
v 1.712708 0.133593 -0.170000
v 1.706099 0.114022 -0.170000
v 1.701000 0.098000 -0.170000
v 1.382002 0.208635 -0.170000
v 1.391019 0.176667 -0.170000
v 1.401063 0.144281 -0.170000
v 1.412148 0.111667 -0.170000
v 1.424289 0.079010 -0.170000
v 1.437500 0.046500 -0.170000
v 1.451794 0.014323 -0.170000
v 1.467185 -0.017333 -0.170000
v 1.483688 -0.048281 -0.170000
v 1.501315 -0.078333 -0.170000
v 1.520081 -0.107302 -0.170000
v 1.540000 -0.135000 -0.170000
v 1.566658 -0.168301 -0.170000
v 1.595009 -0.200157 -0.170000
v 1.624875 -0.230500 -0.170000
v 1.656074 -0.259259 -0.170000
v 1.688426 -0.286366 -0.170000
v 1.721750 -0.311750 -0.170000
v 1.755866 -0.335343 -0.170000
v 1.790593 -0.357074 -0.170000
v 1.825750 -0.376875 -0.170000
v 1.861158 -0.394676 -0.170000
v 1.896635 -0.410407 -0.170000
v 1.932000 -0.424000 -0.170000
v 2.001000 -0.354000 -0.170000
v 1.965156 -0.342388 -0.170000
v 1.929250 -0.328607 -0.170000
v 1.893469 -0.312734 -0.170000
v 1.858000 -0.294852 -0.170000
v 1.823032 -0.275039 -0.170000
v 1.788750 -0.253375 -0.170000
v 1.755344 -0.229940 -0.170000
v 1.723000 -0.204815 -0.170000
v 1.691907 -0.178078 -0.170000
v 1.662250 -0.149810 -0.170000
v 1.634219 -0.120091 -0.170000
v 1.608000 -0.089000 -0.170000
v 1.588639 -0.062331 -0.170000
v 1.570107 -0.033482 -0.170000
v 1.552485 -0.002688 -0.170000
v 1.535852 0.029815 -0.170000
v 1.520289 0.063789 -0.170000
v 1.505875 0.099000 -0.170000
v 1.492691 0.135211 -0.170000
v 1.480815 0.172185 -0.170000
v 1.470328 0.209687 -0.170000
v 1.461310 0.247481 -0.170000
v 1.453841 0.285331 -0.170000
v 1.448000 0.323000 -0.170000
v 1.356000 0.297000 -0.170000
v 1.357749 0.292613 -0.170000
v 1.359486 0.287986 -0.170000
v 1.361203 0.283172 -0.170000
v 1.362889 0.278222 -0.170000
v 1.364533 0.273189 -0.170000
v 1.366125 0.268125 -0.170000
v 1.367655 0.263082 -0.170000
v 1.369111 0.258111 -0.170000
v 1.370485 0.253266 -0.170000
v 1.371764 0.248597 -0.170000
v 1.372940 0.244158 -0.170000
v 1.374000 0.240000 -0.170000
v 2.046000 -0.002000 -0.170000
v 2.051737 0.015594 -0.170000
v 2.059227 0.036838 -0.170000
v 2.068141 0.060922 -0.170000
v 2.078149 0.087037 -0.170000
v 2.088920 0.114374 -0.170000
v 2.100126 0.142125 -0.170000
v 2.111435 0.169480 -0.170000
v 2.122519 0.195630 -0.170000
v 2.133047 0.219766 -0.170000
v 2.142690 0.241079 -0.170000
v 2.151118 0.258760 -0.170000
v 2.158000 0.272000 -0.170000
v 2.079000 0.301000 -0.170000
v 2.071774 0.285086 -0.170000
v 2.063273 0.265773 -0.170000
v 2.053766 0.243703 -0.170000
v 2.043519 0.219519 -0.170000
v 2.032799 0.193862 -0.170000
v 2.021875 0.167375 -0.170000
v 2.011014 0.140701 -0.170000
v 2.000482 0.114481 -0.170000
v 1.990547 0.089359 -0.170000
v 1.981477 0.065977 -0.170000
v 1.973539 0.044976 -0.170000
v 1.967000 0.027000 -0.170000
v 2.542590 0.135105 -0.170000
v 2.546885 0.112593 -0.170000
v 2.551922 0.088719 -0.170000
v 2.557741 0.063741 -0.170000
v 2.564379 0.037915 -0.170000
v 2.571875 0.011500 -0.170000
v 2.580267 -0.015249 -0.170000
v 2.589593 -0.042074 -0.170000
v 2.599891 -0.068719 -0.170000
v 2.611199 -0.094926 -0.170000
v 2.623556 -0.120439 -0.170000
v 2.637000 -0.145000 -0.170000
v 2.657052 -0.177133 -0.170000
v 2.679667 -0.207977 -0.170000
v 2.704781 -0.237453 -0.170000
v 2.732333 -0.265482 -0.170000
v 2.762260 -0.291982 -0.170000
v 2.794500 -0.316875 -0.170000
v 2.828990 -0.340080 -0.170000
v 2.865667 -0.361519 -0.170000
v 2.904469 -0.381109 -0.170000
v 2.945334 -0.398773 -0.170000
v 2.988198 -0.414430 -0.170000
v 3.033000 -0.428000 -0.170000
v 3.098000 -0.353000 -0.170000
v 3.089423 -0.351628 -0.170000
v 3.080713 -0.350023 -0.170000
v 3.071907 -0.348203 -0.170000
v 3.063037 -0.346185 -0.170000
v 3.054140 -0.343987 -0.170000
v 3.045250 -0.341625 -0.170000
v 3.036402 -0.339117 -0.170000
v 3.027630 -0.336482 -0.170000
v 3.018969 -0.333734 -0.170000
v 3.010454 -0.330894 -0.170000
v 3.002120 -0.327976 -0.170000
v 2.994000 -0.325000 -0.170000
v 2.968827 -0.316137 -0.170000
v 2.943441 -0.305597 -0.170000
v 2.918048 -0.293453 -0.170000
v 2.892853 -0.279778 -0.170000
v 2.868060 -0.264644 -0.170000
v 2.843876 -0.248125 -0.170000
v 2.820503 -0.230293 -0.170000
v 2.798149 -0.211222 -0.170000
v 2.777016 -0.190984 -0.170000
v 2.757311 -0.169653 -0.170000
v 2.739237 -0.147300 -0.170000
v 2.723000 -0.124000 -0.170000
v 2.709960 -0.102041 -0.170000
v 2.697839 -0.078829 -0.170000
v 2.686641 -0.054609 -0.170000
v 2.676371 -0.029630 -0.170000
v 2.667031 -0.004136 -0.170000
v 2.658626 0.021625 -0.170000
v 2.651157 0.047407 -0.170000
v 2.644630 0.072963 -0.170000
v 2.639047 0.098047 -0.170000
v 2.634413 0.122412 -0.170000
v 2.630729 0.145812 -0.170000
v 2.628000 0.168000 -0.170000
v 3.187000 0.168000 -0.170000
v 3.187000 0.156228 -0.170000
v 3.187000 0.142241 -0.170000
v 3.187000 0.126531 -0.170000
v 3.187000 0.109593 -0.170000
v 3.187000 0.091918 -0.170000
v 3.187000 0.074000 -0.170000
v 3.187000 0.056332 -0.170000
v 3.187000 0.039407 -0.170000
v 3.187000 0.023719 -0.170000
v 3.187000 0.009759 -0.170000
v 3.187000 -0.001978 -0.170000
v 3.187000 -0.011000 -0.170000
v 3.186978 -0.015656 -0.170000
v 3.186912 -0.020583 -0.170000
v 3.186797 -0.025719 -0.170000
v 3.186630 -0.031000 -0.170000
v 3.186407 -0.036365 -0.170000
v 3.186125 -0.041750 -0.170000
v 3.185781 -0.047094 -0.170000
v 3.185370 -0.052333 -0.170000
v 3.184891 -0.057406 -0.170000
v 3.184338 -0.062250 -0.170000
v 3.183709 -0.066802 -0.170000
v 3.183000 -0.071000 -0.170000
v 3.270000 -0.071000 -0.170000
v 3.269521 -0.066322 -0.170000
v 3.269084 -0.061329 -0.170000
v 3.268688 -0.056078 -0.170000
v 3.268334 -0.050630 -0.170000
v 3.268021 -0.045042 -0.170000
v 3.267750 -0.039375 -0.170000
v 3.267521 -0.033687 -0.170000
v 3.267334 -0.028037 -0.170000
v 3.267188 -0.022484 -0.170000
v 3.267084 -0.017088 -0.170000
v 3.267021 -0.011907 -0.170000
v 3.267000 -0.007000 -0.170000
v 3.267000 0.002517 -0.170000
v 3.267000 0.014718 -0.170000
v 3.267000 0.029078 -0.170000
v 3.267000 0.045074 -0.170000
v 3.267000 0.062181 -0.170000
v 3.267000 0.079875 -0.170000
v 3.267000 0.097631 -0.170000
v 3.267000 0.114926 -0.170000
v 3.267000 0.131234 -0.170000
v 3.267000 0.146032 -0.170000
v 3.267000 0.158796 -0.170000
v 3.267000 0.169000 -0.170000
v 3.267002 0.174506 -0.170000
v 3.267015 0.180468 -0.170000
v 3.267047 0.186797 -0.170000
v 3.267112 0.193407 -0.170000
v 3.267217 0.200212 -0.170000
v 3.267375 0.207125 -0.170000
v 3.267596 0.214058 -0.170000
v 3.267889 0.220926 -0.170000
v 3.268266 0.227641 -0.170000
v 3.268737 0.234116 -0.170000
v 3.269311 0.240264 -0.170000
v 3.270000 0.246000 -0.170000
v 3.262747 0.245291 -0.170000
v 3.255472 0.244662 -0.170000
v 3.248157 0.244109 -0.170000
v 3.240778 0.243630 -0.170000
v 3.233316 0.243219 -0.170000
v 3.225750 0.242875 -0.170000
v 3.218059 0.242593 -0.170000
v 3.210222 0.242370 -0.170000
v 3.202219 0.242203 -0.170000
v 3.194028 0.242088 -0.170000
v 3.185629 0.242021 -0.170000
v 3.177000 0.242000 -0.170000
v 2.956000 0.242000 -0.170000
v 2.956000 0.335000 -0.170000
v 2.956022 0.340295 -0.170000
v 2.956093 0.345694 -0.170000
v 2.956219 0.351219 -0.170000
v 2.956408 0.356889 -0.170000
v 2.956666 0.362726 -0.170000
v 2.957000 0.368750 -0.170000
v 2.957418 0.374983 -0.170000
v 2.957926 0.381444 -0.170000
v 2.958532 0.388156 -0.170000
v 2.959241 0.395139 -0.170000
v 2.960062 0.402413 -0.170000
v 2.961000 0.410000 -0.170000
v 2.865000 0.410000 -0.170000
v 2.866168 0.402413 -0.170000
v 2.867181 0.395139 -0.170000
v 2.868047 0.388156 -0.170000
v 2.868778 0.381444 -0.170000
v 2.869384 0.374983 -0.170000
v 2.869875 0.368750 -0.170000
v 2.870262 0.362726 -0.170000
v 2.870556 0.356889 -0.170000
v 2.870766 0.351219 -0.170000
v 2.870903 0.345694 -0.170000
v 2.870978 0.340295 -0.170000
v 2.871000 0.335000 -0.170000
v 2.871000 0.242000 -0.170000
v 2.647000 0.242000 -0.170000
v 2.638118 0.242062 -0.170000
v 2.629944 0.242245 -0.170000
v 2.622437 0.242547 -0.170000
v 2.615556 0.242963 -0.170000
v 2.609257 0.243490 -0.170000
v 2.603500 0.244125 -0.170000
v 2.598243 0.244864 -0.170000
v 2.593445 0.245704 -0.170000
v 2.589063 0.246641 -0.170000
v 2.585056 0.247671 -0.170000
v 2.581382 0.248792 -0.170000
v 2.578000 0.250000 -0.170000
v 2.524000 0.216000 -0.170000
v 2.525270 0.212031 -0.170000
v 2.526570 0.207667 -0.170000
v 2.527891 0.202969 -0.170000
v 2.529222 0.198000 -0.170000
v 2.530554 0.192823 -0.170000
v 2.531875 0.187500 -0.170000
v 2.533175 0.182094 -0.170000
v 2.534445 0.176667 -0.170000
v 2.535672 0.171281 -0.170000
v 2.536847 0.166000 -0.170000
v 2.537960 0.160885 -0.170000
v 2.539000 0.156000 -0.170000
v -3.029000 -0.044000 0.170000
v -3.051712 -0.056153 0.170000
v -3.073032 -0.067727 0.170000
v -3.093234 -0.078891 0.170000
v -3.112592 -0.089815 0.170000
v -3.131381 -0.100670 0.170000
v -3.149875 -0.111625 0.170000
v -3.168348 -0.122851 0.170000
v -3.187074 -0.134519 0.170000
v -3.206328 -0.146797 0.170000
v -3.226384 -0.159856 0.170000
v -3.247517 -0.173867 0.170000
v -3.270000 -0.189000 0.170000
v -3.218000 -0.257000 0.170000
v -3.196777 -0.241480 0.170000
v -3.176468 -0.226843 0.170000
v -3.156859 -0.212969 0.170000
v -3.137741 -0.199741 0.170000
v -3.118900 -0.187041 0.170000
v -3.100125 -0.174750 0.170000
v -3.081204 -0.162751 0.170000
v -3.061926 -0.150926 0.170000
v -3.042078 -0.139156 0.170000
v -3.021449 -0.127324 0.170000
v -2.999827 -0.115311 0.170000
v -2.977000 -0.103000 0.170000
v -3.101808 0.138525 0.170000
v -3.087288 0.122204 0.170000
v -3.071532 0.105187 0.170000
v -3.054630 0.087630 0.170000
v -3.036673 0.069683 0.170000
v -3.017751 0.051500 0.170000
v -2.997953 0.033234 0.170000
v -2.977371 0.015037 0.170000
v -2.956094 -0.002938 0.170000
v -2.934213 -0.020537 0.170000
v -2.911819 -0.037609 0.170000
v -2.889000 -0.054000 0.170000
v -2.888000 -0.323000 0.170000
v -2.888060 -0.331925 0.170000
v -2.888232 -0.341148 0.170000
v -2.888500 -0.350594 0.170000
v -2.888852 -0.360185 0.170000
v -2.889273 -0.369846 0.170000
v -2.889750 -0.379500 0.170000
v -2.890269 -0.389071 0.170000
v -2.890815 -0.398482 0.170000
v -2.891375 -0.407656 0.170000
v -2.891935 -0.416519 0.170000
v -2.892482 -0.424992 0.170000
v -2.893000 -0.433000 0.170000
v -2.802000 -0.433000 0.170000
v -2.802748 -0.425412 0.170000
v -2.803486 -0.417213 0.170000
v -2.804203 -0.408500 0.170000
v -2.804889 -0.399370 0.170000
v -2.805533 -0.389921 0.170000
v -2.806125 -0.380250 0.170000
v -2.806655 -0.370454 0.170000
v -2.807111 -0.360630 0.170000
v -2.807485 -0.350875 0.170000
v -2.807764 -0.341287 0.170000
v -2.807939 -0.331963 0.170000
v -2.808000 -0.323000 0.170000
v -2.809000 -0.105000 0.170000
v -2.785391 -0.118296 0.170000
v -2.761046 -0.131199 0.170000
v -2.735937 -0.143734 0.170000
v -2.710037 -0.155926 0.170000
v -2.683317 -0.167798 0.170000
v -2.655750 -0.179375 0.170000
v -2.627308 -0.190681 0.170000
v -2.597963 -0.201741 0.170000
v -2.567688 -0.212578 0.170000
v -2.536454 -0.223218 0.170000
v -2.504234 -0.233683 0.170000
v -2.471000 -0.244000 0.170000
v -2.423000 -0.170000 0.170000
v -2.468935 -0.158329 0.170000
v -2.512306 -0.145880 0.170000
v -2.553219 -0.132750 0.170000
v -2.591778 -0.119037 0.170000
v -2.628087 -0.104838 0.170000
v -2.662250 -0.090250 0.170000
v -2.694372 -0.075370 0.170000
v -2.724556 -0.060296 0.170000
v -2.752906 -0.045125 0.170000
v -2.779528 -0.029954 0.170000
v -2.804524 -0.014880 0.170000
v -2.828000 0.000000 0.170000
v -2.850041 0.014677 0.170000
v -2.871579 0.030083 0.170000
v -2.892485 0.046031 0.170000
v -2.912630 0.062333 0.170000
v -2.931886 0.078802 0.170000
v -2.950125 0.095250 0.170000
v -2.967218 0.111490 0.170000
v -2.983037 0.127333 0.170000
v -2.997453 0.142594 0.170000
v -3.010338 0.157083 0.170000
v -3.021563 0.170615 0.170000
v -3.031000 0.183000 0.170000
v -3.013821 0.183000 0.170000
v -2.987065 0.183000 0.170000
v -2.952657 0.183000 0.170000
v -2.912519 0.183000 0.170000
v -2.868575 0.183000 0.170000
v -2.822750 0.183000 0.170000
v -2.776967 0.183000 0.170000
v -2.733148 0.183000 0.170000
v -2.693219 0.183000 0.170000
v -2.659102 0.183000 0.170000
v -2.632721 0.183000 0.170000
v -2.616000 0.183000 0.170000
v -2.606819 0.182959 0.170000
v -2.596889 0.182843 0.170000
v -2.586375 0.182656 0.170000
v -2.575444 0.182407 0.170000
v -2.564264 0.182103 0.170000
v -2.553000 0.181750 0.170000
v -2.541819 0.181355 0.170000
v -2.530889 0.180926 0.170000
v -2.520375 0.180469 0.170000
v -2.510444 0.179991 0.170000
v -2.501264 0.179499 0.170000
v -2.493000 0.179000 0.170000
v -2.493000 0.263000 0.170000
v -2.501473 0.262061 0.170000
v -2.510782 0.261241 0.170000
v -2.520766 0.260531 0.170000
v -2.531259 0.259926 0.170000
v -2.542100 0.259418 0.170000
v -2.553125 0.259000 0.170000
v -2.564171 0.258666 0.170000
v -2.575074 0.258407 0.170000
v -2.585672 0.258219 0.170000
v -2.595801 0.258093 0.170000
v -2.605298 0.258022 0.170000
v -2.614000 0.258000 0.170000
v -2.810000 0.258000 0.170000
v -2.810000 0.322000 0.170000
v -2.809978 0.329193 0.170000
v -2.809908 0.336713 0.170000
v -2.809782 0.344469 0.170000
v -2.809593 0.352370 0.170000
v -2.809335 0.360328 0.170000
v -2.809000 0.368250 0.170000
v -2.808582 0.376047 0.170000
v -2.808074 0.383630 0.170000
v -2.807469 0.390906 0.170000
v -2.806759 0.397787 0.170000
v -2.805939 0.404182 0.170000
v -2.805000 0.410000 0.170000
v -2.897000 0.410000 0.170000
v -2.896042 0.404182 0.170000
v -2.895167 0.397787 0.170000
v -2.894375 0.390906 0.170000
v -2.893667 0.383630 0.170000
v -2.893042 0.376047 0.170000
v -2.892500 0.368250 0.170000
v -2.892042 0.360328 0.170000
v -2.891667 0.352370 0.170000
v -2.891375 0.344469 0.170000
v -2.891167 0.336713 0.170000
v -2.891042 0.329193 0.170000
v -2.891000 0.322000 0.170000
v -2.891000 0.258000 0.170000
v -3.056000 0.258000 0.170000
v -3.061747 0.258023 0.170000
v -3.067472 0.258097 0.170000
v -3.073156 0.258234 0.170000
v -3.078778 0.258444 0.170000
v -3.084316 0.258738 0.170000
v -3.089750 0.259125 0.170000
v -3.095059 0.259616 0.170000
v -3.100222 0.260222 0.170000
v -3.105219 0.260953 0.170000
v -3.110028 0.261819 0.170000
v -3.114629 0.262832 0.170000
v -3.119000 0.264000 0.170000
v -3.171000 0.214000 0.170000
v -3.166422 0.209172 0.170000
v -3.161713 0.204208 0.170000
v -3.156906 0.199141 0.170000
v -3.152037 0.194000 0.170000
v -3.147140 0.188818 0.170000
v -3.142250 0.183625 0.170000
v -3.137402 0.178453 0.170000
v -3.132630 0.173333 0.170000
v -3.127969 0.168297 0.170000
v -3.123454 0.163375 0.170000
v -3.119119 0.158599 0.170000
v -3.115000 0.154000 0.170000
v -1.975000 0.232000 0.170000
v -1.969720 0.242392 0.170000
v -1.963931 0.253472 0.170000
v -1.957703 0.265094 0.170000
v -1.951111 0.277111 0.170000
v -1.944227 0.289378 0.170000
v -1.937125 0.301750 0.170000
v -1.929877 0.314080 0.170000
v -1.922555 0.326222 0.170000
v -1.915234 0.338031 0.170000
v -1.907986 0.349361 0.170000
v -1.900884 0.360066 0.170000
v -1.894000 0.370000 0.170000
v -1.947000 0.393000 0.170000
v -1.953464 0.383506 0.170000
v -1.960296 0.373130 0.170000
v -1.967406 0.362031 0.170000
v -1.974704 0.350370 0.170000
v -1.982098 0.338307 0.170000
v -1.989500 0.326000 0.170000
v -1.996818 0.313610 0.170000
v -2.003963 0.301296 0.170000
v -2.010844 0.289219 0.170000
v -2.017370 0.277537 0.170000
v -2.023453 0.266411 0.170000
v -2.029000 0.256000 0.170000
v -2.087000 0.273000 0.170000
v -2.081280 0.284022 0.170000
v -2.075157 0.295509 0.170000
v -2.068687 0.307344 0.170000
v -2.061926 0.319407 0.170000
v -2.054928 0.331582 0.170000
v -2.047750 0.343750 0.170000
v -2.040447 0.355793 0.170000
v -2.033074 0.367593 0.170000
v -2.025688 0.379031 0.170000
v -2.018343 0.389991 0.170000
v -2.011095 0.400353 0.170000
v -2.004000 0.410000 0.170000
v -2.057000 0.433000 0.170000
v -2.063752 0.423258 0.170000
v -2.070926 0.412648 0.170000
v -2.078407 0.401344 0.170000
v -2.086075 0.389519 0.170000
v -2.093812 0.377346 0.170000
v -2.101500 0.365000 0.170000
v -2.109022 0.352654 0.170000
v -2.116259 0.340481 0.170000
v -2.123094 0.328656 0.170000
v -2.129407 0.317352 0.170000
v -2.135082 0.306742 0.170000
v -2.140000 0.297000 0.170000
v -2.022819 0.100163 0.170000
v -2.021218 0.065556 0.170000
v -2.019109 0.025531 0.170000
v -2.016407 -0.018556 0.170000
v -2.013025 -0.065351 0.170000
v -2.008875 -0.113500 0.170000
v -2.003871 -0.161649 0.170000
v -1.997926 -0.208444 0.170000
v -1.990953 -0.252531 0.170000
v -1.982866 -0.292556 0.170000
v -1.973577 -0.327163 0.170000
v -1.963000 -0.355000 0.170000
v -1.957744 -0.365233 0.170000
v -1.951949 -0.374449 0.170000
v -1.945578 -0.382672 0.170000
v -1.938593 -0.389926 0.170000
v -1.930954 -0.396236 0.170000
v -1.922625 -0.401625 0.170000
v -1.913566 -0.406119 0.170000
v -1.903741 -0.409741 0.170000
v -1.893109 -0.412516 0.170000
v -1.881634 -0.414468 0.170000
v -1.869277 -0.415621 0.170000
v -1.856000 -0.416000 0.170000
v -1.843112 -0.415939 0.170000
v -1.829977 -0.415759 0.170000
v -1.816641 -0.415469 0.170000
v -1.803148 -0.415074 0.170000
v -1.789545 -0.414582 0.170000
v -1.775875 -0.414000 0.170000
v -1.762185 -0.413335 0.170000
v -1.748519 -0.412593 0.170000
v -1.734922 -0.411781 0.170000
v -1.721440 -0.410907 0.170000
v -1.708117 -0.409978 0.170000
v -1.695000 -0.409000 0.170000
v -1.685000 -0.326000 0.170000
v -1.698473 -0.327687 0.170000
v -1.711870 -0.329245 0.170000
v -1.725156 -0.330672 0.170000
v -1.738296 -0.331963 0.170000
v -1.751256 -0.333115 0.170000
v -1.764000 -0.334125 0.170000
v -1.776494 -0.334989 0.170000
v -1.788704 -0.335704 0.170000
v -1.800594 -0.336266 0.170000
v -1.812130 -0.336671 0.170000
v -1.823277 -0.336917 0.170000
v -1.834000 -0.337000 0.170000
v -1.841024 -0.336829 0.170000
v -1.847602 -0.336296 0.170000
v -1.853750 -0.335375 0.170000
v -1.859482 -0.334037 0.170000
v -1.864810 -0.332255 0.170000
v -1.869750 -0.330000 0.170000
v -1.874315 -0.327245 0.170000
v -1.878519 -0.323963 0.170000
v -1.882375 -0.320125 0.170000
v -1.885898 -0.315704 0.170000
v -1.889102 -0.310671 0.170000
v -1.892000 -0.305000 0.170000
v -1.900986 -0.282407 0.170000
v -1.908972 -0.253843 0.170000
v -1.916000 -0.220375 0.170000
v -1.922111 -0.183074 0.170000
v -1.927347 -0.143009 0.170000
v -1.931750 -0.101250 0.170000
v -1.935361 -0.058866 0.170000
v -1.938222 -0.016926 0.170000
v -1.940375 0.023500 0.170000
v -1.941861 0.061343 0.170000
v -1.942722 0.095532 0.170000
v -1.943000 0.125000 0.170000
v -1.663000 0.125000 0.170000
v -1.652586 0.055796 0.170000
v -1.639356 -0.008051 0.170000
v -1.623328 -0.066891 0.170000
v -1.604518 -0.121074 0.170000
v -1.582945 -0.170952 0.170000
v -1.558625 -0.216875 0.170000
v -1.531576 -0.259194 0.170000
v -1.501815 -0.298259 0.170000
v -1.469359 -0.334422 0.170000
v -1.434227 -0.368032 0.170000
v -1.396435 -0.399442 0.170000
v -1.356000 -0.429000 0.170000
v -1.283000 -0.370000 0.170000
v -1.291176 -0.365527 0.170000
v -1.299657 -0.360630 0.170000
v -1.308375 -0.355344 0.170000
v -1.317259 -0.349704 0.170000
v -1.326241 -0.343744 0.170000
v -1.335250 -0.337500 0.170000
v -1.344218 -0.331006 0.170000
v -1.353074 -0.324296 0.170000
v -1.361750 -0.317406 0.170000
v -1.370176 -0.310370 0.170000
v -1.378282 -0.303223 0.170000
v -1.386000 -0.296000 0.170000
v -1.410177 -0.272744 0.170000
v -1.433167 -0.247870 0.170000
v -1.454906 -0.221219 0.170000
v -1.475333 -0.192630 0.170000
v -1.494385 -0.161943 0.170000
v -1.512000 -0.129000 0.170000
v -1.528115 -0.093640 0.170000
v -1.542667 -0.055704 0.170000
v -1.555594 -0.015031 0.170000
v -1.566833 0.028537 0.170000
v -1.576323 0.075161 0.170000
v -1.584000 0.125000 0.170000
v -1.416000 0.125000 0.170000
v -1.406213 0.124998 0.170000
v -1.396370 0.124982 0.170000
v -1.386500 0.124938 0.170000
v -1.376630 0.124852 0.170000
v -1.366787 0.124711 0.170000
v -1.357000 0.124500 0.170000
v -1.347296 0.124206 0.170000
v -1.337704 0.123815 0.170000
v -1.328250 0.123313 0.170000
v -1.318963 0.122685 0.170000
v -1.309870 0.121919 0.170000
v -1.301000 0.121000 0.170000
v -1.301000 0.205000 0.170000
v -1.309870 0.204271 0.170000
v -1.318958 0.203588 0.170000
v -1.328234 0.202953 0.170000
v -1.337667 0.202370 0.170000
v -1.347224 0.201843 0.170000
v -1.356875 0.201375 0.170000
v -1.366589 0.200969 0.170000
v -1.376333 0.200630 0.170000
v -1.386078 0.200359 0.170000
v -1.395792 0.200162 0.170000
v -1.405443 0.200041 0.170000
v -1.415000 0.200000 0.170000
v -1.591000 0.200000 0.170000
v -1.591499 0.208041 0.170000
v -1.591991 0.216162 0.170000
v -1.592469 0.224359 0.170000
v -1.592926 0.232630 0.170000
v -1.593355 0.240969 0.170000
v -1.593750 0.249375 0.170000
v -1.594103 0.257843 0.170000
v -1.594407 0.266370 0.170000
v -1.594656 0.274953 0.170000
v -1.594843 0.283588 0.170000
v -1.594959 0.292271 0.170000
v -1.595000 0.301000 0.170000
v -1.594939 0.307025 0.170000
v -1.594759 0.313537 0.170000
v -1.594469 0.320437 0.170000
v -1.594074 0.327630 0.170000
v -1.593582 0.335016 0.170000
v -1.593000 0.342500 0.170000
v -1.592334 0.349984 0.170000
v -1.591593 0.357370 0.170000
v -1.590781 0.364563 0.170000
v -1.589907 0.371463 0.170000
v -1.588978 0.377975 0.170000
v -1.588000 0.384000 0.170000
v -1.682000 0.384000 0.170000
v -1.681271 0.378243 0.170000
v -1.680584 0.372028 0.170000
v -1.679938 0.365438 0.170000
v -1.679334 0.358556 0.170000
v -1.678771 0.351465 0.170000
v -1.678250 0.344250 0.170000
v -1.677771 0.336993 0.170000
v -1.677333 0.329778 0.170000
v -1.676938 0.322687 0.170000
v -1.676583 0.315806 0.170000
v -1.676271 0.309215 0.170000
v -1.676000 0.303000 0.170000
v -1.675730 0.294041 0.170000
v -1.675421 0.285162 0.170000
v -1.675078 0.276359 0.170000
v -1.674704 0.267630 0.170000
v -1.674302 0.258969 0.170000
v -1.673875 0.250375 0.170000
v -1.673428 0.241843 0.170000
v -1.672963 0.233370 0.170000
v -1.672484 0.224953 0.170000
v -1.671995 0.216588 0.170000
v -1.671499 0.208271 0.170000
v -1.671000 0.200000 0.170000
v -1.909000 0.200000 0.170000
v -1.915607 0.200041 0.170000
v -1.921935 0.200162 0.170000
v -1.928000 0.200359 0.170000
v -1.933815 0.200630 0.170000
v -1.939394 0.200969 0.170000
v -1.944750 0.201375 0.170000
v -1.949898 0.201843 0.170000
v -1.954852 0.202370 0.170000
v -1.959625 0.202953 0.170000
v -1.964232 0.203588 0.170000
v -1.968685 0.204271 0.170000
v -1.973000 0.205000 0.170000
v -2.029000 0.177000 0.170000
v -2.028271 0.172713 0.170000
v -2.027588 0.168370 0.170000
v -2.026953 0.164000 0.170000
v -2.026370 0.159630 0.170000
v -2.025843 0.155287 0.170000
v -2.025375 0.151000 0.170000
v -2.024969 0.146796 0.170000
v -2.024630 0.142704 0.170000
v -2.024359 0.138750 0.170000
v -2.024162 0.134963 0.170000
v -2.024041 0.131370 0.170000
v -2.024000 0.128000 0.170000
v -0.702000 0.308000 0.170000
v -0.712244 0.288452 0.170000
v -0.723370 0.266532 0.170000
v -0.735219 0.242578 0.170000
v -0.747630 0.216926 0.170000
v -0.760443 0.189913 0.170000
v -0.773500 0.161875 0.170000
v -0.786640 0.133150 0.170000
v -0.799704 0.104074 0.170000
v -0.812531 0.074984 0.170000
v -0.824963 0.046218 0.170000
v -0.836839 0.018111 0.170000
v -0.848000 -0.009000 0.170000
v -0.858248 -0.034597 0.170000
v -0.868903 -0.062111 0.170000
v -0.879828 -0.091125 0.170000
v -0.890889 -0.121222 0.170000
v -0.901950 -0.151986 0.170000
v -0.912875 -0.183000 0.170000
v -0.923529 -0.213847 0.170000
v -0.933778 -0.244111 0.170000
v -0.943484 -0.273375 0.170000
v -0.952514 -0.301222 0.170000
v -0.960731 -0.327236 0.170000
v -0.968000 -0.351000 0.170000
v -0.879000 -0.380000 0.170000
v -0.872308 -0.353829 0.170000
v -0.864796 -0.326463 0.170000
v -0.856563 -0.298125 0.170000
v -0.847704 -0.269037 0.170000
v -0.838317 -0.239421 0.170000
v -0.828500 -0.209500 0.170000
v -0.818350 -0.179495 0.170000
v -0.807963 -0.149630 0.170000
v -0.797437 -0.120125 0.170000
v -0.786870 -0.091204 0.170000
v -0.776359 -0.063088 0.170000
v -0.766000 -0.036000 0.170000
v -0.755565 -0.009558 0.170000
v -0.744357 0.018037 0.170000
v -0.732516 0.046438 0.170000
v -0.720185 0.075296 0.170000
v -0.707508 0.104266 0.170000
v -0.694625 0.133000 0.170000
v -0.681680 0.161150 0.170000
v -0.668815 0.188370 0.170000
v -0.656172 0.214313 0.170000
v -0.643893 0.238630 0.170000
v -0.632122 0.260975 0.170000
v -0.621000 0.281000 0.170000
v -0.461000 0.279000 0.170000
v -0.459251 0.273343 0.170000
v -0.457509 0.267412 0.170000
v -0.455781 0.261266 0.170000
v -0.454074 0.254963 0.170000
v -0.452395 0.248563 0.170000
v -0.450750 0.242125 0.170000
v -0.449147 0.235708 0.170000
v -0.447593 0.229370 0.170000
v -0.446094 0.223172 0.170000
v -0.444657 0.217171 0.170000
v -0.443290 0.211428 0.170000
v -0.442000 0.206000 0.170000
v -0.438300 0.188784 0.170000
v -0.433736 0.168440 0.170000
v -0.428359 0.145422 0.170000
v -0.422222 0.120185 0.170000
v -0.415377 0.093185 0.170000
v -0.407875 0.064875 0.170000
v -0.399769 0.035711 0.170000
v -0.391111 0.006148 0.170000
v -0.381953 -0.023359 0.170000
v -0.372347 -0.052356 0.170000
v -0.362345 -0.080388 0.170000
v -0.352000 -0.107000 0.170000
v -0.342385 -0.130190 0.170000
v -0.332079 -0.153690 0.170000
v -0.321141 -0.177391 0.170000
v -0.309630 -0.201185 0.170000
v -0.297605 -0.224966 0.170000
v -0.285125 -0.248625 0.170000
v -0.272249 -0.272055 0.170000
v -0.259037 -0.295148 0.170000
v -0.245547 -0.317797 0.170000
v -0.231838 -0.339894 0.170000
v -0.217969 -0.361330 0.170000
v -0.204000 -0.382000 0.170000
v -0.119000 -0.346000 0.170000
v -0.134615 -0.324798 0.170000
v -0.149921 -0.302796 0.170000
v -0.164859 -0.280156 0.170000
v -0.179370 -0.257037 0.170000
v -0.193395 -0.233598 0.170000
v -0.206875 -0.210000 0.170000
v -0.219750 -0.186402 0.170000
v -0.231963 -0.162963 0.170000
v -0.243453 -0.139844 0.170000
v -0.254162 -0.117204 0.170000
v -0.264031 -0.095203 0.170000
v -0.273000 -0.074000 0.170000
v -0.283924 -0.047049 0.170000
v -0.294639 -0.018394 0.170000
v -0.305062 0.011672 0.170000
v -0.315111 0.042852 0.170000
v -0.324701 0.074851 0.170000
v -0.333750 0.107375 0.170000
v -0.342174 0.140128 0.170000
v -0.349889 0.172815 0.170000
v -0.356812 0.205141 0.170000
v -0.362861 0.236810 0.170000
v -0.367951 0.267528 0.170000
v -0.372000 0.297000 0.170000
v 0.798000 0.275928 0.170000
v 0.798000 0.255759 0.170000
v 0.798000 0.229063 0.170000
v 0.798000 0.197407 0.170000
v 0.798000 0.162363 0.170000
v 0.798000 0.125500 0.170000
v 0.798000 0.088387 0.170000
v 0.798000 0.052593 0.170000
v 0.798000 0.019688 0.170000
v 0.798000 -0.008759 0.170000
v 0.798000 -0.031178 0.170000
v 0.798000 -0.046000 0.170000
v 0.797960 -0.052403 0.170000
v 0.797843 -0.059060 0.170000
v 0.797656 -0.065891 0.170000
v 0.797408 -0.072815 0.170000
v 0.797103 -0.079753 0.170000
v 0.796750 -0.086625 0.170000
v 0.796355 -0.093351 0.170000
v 0.795926 -0.099852 0.170000
v 0.795469 -0.106047 0.170000
v 0.794991 -0.111856 0.170000
v 0.794499 -0.117201 0.170000
v 0.794000 -0.122000 0.170000
v 0.886000 -0.122000 0.170000
v 0.885482 -0.117907 0.170000
v 0.884935 -0.113171 0.170000
v 0.884375 -0.107859 0.170000
v 0.883815 -0.102037 0.170000
v 0.883269 -0.095770 0.170000
v 0.882750 -0.089125 0.170000
v 0.882273 -0.082167 0.170000
v 0.881852 -0.074963 0.170000
v 0.881500 -0.067578 0.170000
v 0.881232 -0.060079 0.170000
v 0.881060 -0.052531 0.170000
v 0.881000 -0.045000 0.170000
v 0.881000 -0.030198 0.170000
v 0.881000 -0.007833 0.170000
v 0.881000 0.020531 0.170000
v 0.881000 0.053333 0.170000
v 0.881000 0.089010 0.170000
v 0.881000 0.126000 0.170000
v 0.881000 0.162740 0.170000
v 0.881000 0.197667 0.170000
v 0.881000 0.229219 0.170000
v 0.881000 0.255833 0.170000
v 0.881000 0.275948 0.170000
v 0.881000 0.288000 0.170000
v 0.881041 0.292835 0.170000
v 0.881158 0.298264 0.170000
v 0.881344 0.304172 0.170000
v 0.881593 0.310444 0.170000
v 0.881897 0.316967 0.170000
v 0.882250 0.323625 0.170000
v 0.882645 0.330304 0.170000
v 0.883074 0.336889 0.170000
v 0.883531 0.343266 0.170000
v 0.884009 0.349319 0.170000
v 0.884501 0.354936 0.170000
v 0.885000 0.360000 0.170000
v 0.794000 0.360000 0.170000
v 0.794499 0.355050 0.170000
v 0.794991 0.349736 0.170000
v 0.795469 0.344109 0.170000
v 0.795926 0.338222 0.170000
v 0.796355 0.332127 0.170000
v 0.796750 0.325875 0.170000
v 0.797103 0.319519 0.170000
v 0.797408 0.313111 0.170000
v 0.797656 0.306703 0.170000
v 0.797843 0.300347 0.170000
v 0.797960 0.294095 0.170000
v 0.798000 0.288000 0.170000
v 0.333000 0.270135 0.170000
v 0.333000 0.257750 0.170000
v 0.333000 0.244156 0.170000
v 0.333000 0.229667 0.170000
v 0.333000 0.214594 0.170000
v 0.333000 0.199250 0.170000
v 0.333000 0.183948 0.170000
v 0.333000 0.169000 0.170000
v 0.333000 0.154719 0.170000
v 0.333000 0.141417 0.170000
v 0.333000 0.129406 0.170000
v 0.333000 0.119000 0.170000
v 0.333691 0.062257 0.170000
v 0.335778 0.011639 0.170000
v 0.339281 -0.033438 0.170000
v 0.344222 -0.073556 0.170000
v 0.350622 -0.109299 0.170000
v 0.358500 -0.141250 0.170000
v 0.367879 -0.169993 0.170000
v 0.378778 -0.196111 0.170000
v 0.391219 -0.220188 0.170000
v 0.405222 -0.242806 0.170000
v 0.420809 -0.264549 0.170000
v 0.438000 -0.286000 0.170000
v 0.454943 -0.304781 0.170000
v 0.473130 -0.322162 0.170000
v 0.492344 -0.338203 0.170000
v 0.512371 -0.352963 0.170000
v 0.532994 -0.366501 0.170000
v 0.554000 -0.378875 0.170000
v 0.575173 -0.390145 0.170000
v 0.596296 -0.400370 0.170000
v 0.617156 -0.409609 0.170000
v 0.637537 -0.417921 0.170000
v 0.657224 -0.425365 0.170000
v 0.676000 -0.432000 0.170000
v 0.741000 -0.363000 0.170000
v 0.718155 -0.356888 0.170000
v 0.695658 -0.350023 0.170000
v 0.673563 -0.342359 0.170000
v 0.651926 -0.333852 0.170000
v 0.630803 -0.324455 0.170000
v 0.610250 -0.314125 0.170000
v 0.590322 -0.302815 0.170000
v 0.571074 -0.290482 0.170000
v 0.552563 -0.277078 0.170000
v 0.534843 -0.262560 0.170000
v 0.517970 -0.246883 0.170000
v 0.502000 -0.230000 0.170000
v 0.485452 -0.209228 0.170000
v 0.471199 -0.188157 0.170000
v 0.459078 -0.166406 0.170000
v 0.448926 -0.143593 0.170000
v 0.440579 -0.119334 0.170000
v 0.433875 -0.093250 0.170000
v 0.428650 -0.064957 0.170000
v 0.424741 -0.034074 0.170000
v 0.421984 -0.000219 0.170000
v 0.420218 0.036991 0.170000
v 0.419277 0.077936 0.170000
v 0.419000 0.123000 0.170000
v 0.419000 0.133423 0.170000
v 0.419000 0.145468 0.170000
v 0.419000 0.158797 0.170000
v 0.419000 0.173074 0.170000
v 0.419000 0.187962 0.170000
v 0.419000 0.203125 0.170000
v 0.419000 0.218225 0.170000
v 0.419000 0.232926 0.170000
v 0.419000 0.246891 0.170000
v 0.419000 0.259782 0.170000
v 0.419000 0.271264 0.170000
v 0.419000 0.281000 0.170000
v 0.419041 0.289377 0.170000
v 0.419162 0.297514 0.170000
v 0.419360 0.305422 0.170000
v 0.419630 0.313111 0.170000
v 0.419969 0.320592 0.170000
v 0.420375 0.327875 0.170000
v 0.420843 0.334970 0.170000
v 0.421370 0.341889 0.170000
v 0.421953 0.348641 0.170000
v 0.422588 0.355236 0.170000
v 0.423272 0.361686 0.170000
v 0.424000 0.368000 0.170000
v 0.330000 0.368000 0.170000
v 0.330479 0.361686 0.170000
v 0.330917 0.355236 0.170000
v 0.331313 0.348641 0.170000
v 0.331667 0.341889 0.170000
v 0.331979 0.334970 0.170000
v 0.332250 0.327875 0.170000
v 0.332479 0.320592 0.170000
v 0.332667 0.313111 0.170000
v 0.332813 0.305422 0.170000
v 0.332917 0.297514 0.170000
v 0.332979 0.289377 0.170000
v 0.333000 0.281000 0.170000
v 1.779000 0.071000 0.170000
v 1.783812 0.087175 0.170000
v 1.790079 0.106736 0.170000
v 1.797547 0.128984 0.170000
v 1.805963 0.153222 0.170000
v 1.815074 0.178752 0.170000
v 1.824625 0.204875 0.170000
v 1.834364 0.230894 0.170000
v 1.844037 0.256111 0.170000
v 1.853391 0.279828 0.170000
v 1.862172 0.301347 0.170000
v 1.870126 0.319970 0.170000
v 1.877000 0.335000 0.170000
v 1.800000 0.361000 0.170000
v 1.793755 0.346811 0.170000
v 1.786209 0.328741 0.170000
v 1.777641 0.307531 0.170000
v 1.768334 0.283926 0.170000
v 1.758568 0.258668 0.170000
v 1.748625 0.232500 0.170000
v 1.738787 0.206166 0.170000
v 1.729333 0.180407 0.170000
v 1.720547 0.155969 0.170000
v 1.712708 0.133593 0.170000
v 1.706099 0.114022 0.170000
v 1.701000 0.098000 0.170000
v 1.382002 0.208635 0.170000
v 1.391019 0.176667 0.170000
v 1.401063 0.144281 0.170000
v 1.412148 0.111667 0.170000
v 1.424289 0.079010 0.170000
v 1.437500 0.046500 0.170000
v 1.451794 0.014323 0.170000
v 1.467185 -0.017333 0.170000
v 1.483688 -0.048281 0.170000
v 1.501315 -0.078333 0.170000
v 1.520081 -0.107302 0.170000
v 1.540000 -0.135000 0.170000
v 1.566658 -0.168301 0.170000
v 1.595009 -0.200157 0.170000
v 1.624875 -0.230500 0.170000
v 1.656074 -0.259259 0.170000
v 1.688426 -0.286366 0.170000
v 1.721750 -0.311750 0.170000
v 1.755866 -0.335343 0.170000
v 1.790593 -0.357074 0.170000
v 1.825750 -0.376875 0.170000
v 1.861158 -0.394676 0.170000
v 1.896635 -0.410407 0.170000
v 1.932000 -0.424000 0.170000
v 2.001000 -0.354000 0.170000
v 1.965156 -0.342388 0.170000
v 1.929250 -0.328607 0.170000
v 1.893469 -0.312734 0.170000
v 1.858000 -0.294852 0.170000
v 1.823032 -0.275039 0.170000
v 1.788750 -0.253375 0.170000
v 1.755344 -0.229940 0.170000
v 1.723000 -0.204815 0.170000
v 1.691907 -0.178078 0.170000
v 1.662250 -0.149810 0.170000
v 1.634219 -0.120091 0.170000
v 1.608000 -0.089000 0.170000
v 1.588639 -0.062331 0.170000
v 1.570107 -0.033482 0.170000
v 1.552485 -0.002688 0.170000
v 1.535852 0.029815 0.170000
v 1.520289 0.063789 0.170000
v 1.505875 0.099000 0.170000
v 1.492691 0.135211 0.170000
v 1.480815 0.172185 0.170000
v 1.470328 0.209687 0.170000
v 1.461310 0.247481 0.170000
v 1.453841 0.285331 0.170000
v 1.448000 0.323000 0.170000
v 1.356000 0.297000 0.170000
v 1.357749 0.292613 0.170000
v 1.359486 0.287986 0.170000
v 1.361203 0.283172 0.170000
v 1.362889 0.278222 0.170000
v 1.364533 0.273189 0.170000
v 1.366125 0.268125 0.170000
v 1.367655 0.263082 0.170000
v 1.369111 0.258111 0.170000
v 1.370485 0.253266 0.170000
v 1.371764 0.248597 0.170000
v 1.372940 0.244158 0.170000
v 1.374000 0.240000 0.170000
v 2.046000 -0.002000 0.170000
v 2.051737 0.015594 0.170000
v 2.059227 0.036838 0.170000
v 2.068141 0.060922 0.170000
v 2.078149 0.087037 0.170000
v 2.088920 0.114374 0.170000
v 2.100126 0.142125 0.170000
v 2.111435 0.169480 0.170000
v 2.122519 0.195630 0.170000
v 2.133047 0.219766 0.170000
v 2.142690 0.241079 0.170000
v 2.151118 0.258760 0.170000
v 2.158000 0.272000 0.170000
v 2.079000 0.301000 0.170000
v 2.071774 0.285086 0.170000
v 2.063273 0.265773 0.170000
v 2.053766 0.243703 0.170000
v 2.043519 0.219519 0.170000
v 2.032799 0.193862 0.170000
v 2.021875 0.167375 0.170000
v 2.011014 0.140701 0.170000
v 2.000482 0.114481 0.170000
v 1.990547 0.089359 0.170000
v 1.981477 0.065977 0.170000
v 1.973539 0.044976 0.170000
v 1.967000 0.027000 0.170000
v 2.542590 0.135105 0.170000
v 2.546885 0.112593 0.170000
v 2.551922 0.088719 0.170000
v 2.557741 0.063741 0.170000
v 2.564379 0.037915 0.170000
v 2.571875 0.011500 0.170000
v 2.580267 -0.015249 0.170000
v 2.589593 -0.042074 0.170000
v 2.599891 -0.068719 0.170000
v 2.611199 -0.094926 0.170000
v 2.623556 -0.120439 0.170000
v 2.637000 -0.145000 0.170000
v 2.657052 -0.177133 0.170000
v 2.679667 -0.207977 0.170000
v 2.704781 -0.237453 0.170000
v 2.732333 -0.265482 0.170000
v 2.762260 -0.291982 0.170000
v 2.794500 -0.316875 0.170000
v 2.828990 -0.340080 0.170000
v 2.865667 -0.361519 0.170000
v 2.904469 -0.381109 0.170000
v 2.945334 -0.398773 0.170000
v 2.988198 -0.414430 0.170000
v 3.033000 -0.428000 0.170000
v 3.098000 -0.353000 0.170000
v 3.089423 -0.351628 0.170000
v 3.080713 -0.350023 0.170000
v 3.071907 -0.348203 0.170000
v 3.063037 -0.346185 0.170000
v 3.054140 -0.343987 0.170000
v 3.045250 -0.341625 0.170000
v 3.036402 -0.339117 0.170000
v 3.027630 -0.336482 0.170000
v 3.018969 -0.333734 0.170000
v 3.010454 -0.330894 0.170000
v 3.002120 -0.327976 0.170000
v 2.994000 -0.325000 0.170000
v 2.968827 -0.316137 0.170000
v 2.943441 -0.305597 0.170000
v 2.918048 -0.293453 0.170000
v 2.892853 -0.279778 0.170000
v 2.868060 -0.264644 0.170000
v 2.843876 -0.248125 0.170000
v 2.820503 -0.230293 0.170000
v 2.798149 -0.211222 0.170000
v 2.777016 -0.190984 0.170000
v 2.757311 -0.169653 0.170000
v 2.739237 -0.147300 0.170000
v 2.723000 -0.124000 0.170000
v 2.709960 -0.102041 0.170000
v 2.697839 -0.078829 0.170000
v 2.686641 -0.054609 0.170000
v 2.676371 -0.029630 0.170000
v 2.667031 -0.004136 0.170000
v 2.658626 0.021625 0.170000
v 2.651157 0.047407 0.170000
v 2.644630 0.072963 0.170000
v 2.639047 0.098047 0.170000
v 2.634413 0.122412 0.170000
v 2.630729 0.145812 0.170000
v 2.628000 0.168000 0.170000
v 3.187000 0.168000 0.170000
v 3.187000 0.156228 0.170000
v 3.187000 0.142241 0.170000
v 3.187000 0.126531 0.170000
v 3.187000 0.109593 0.170000
v 3.187000 0.091918 0.170000
v 3.187000 0.074000 0.170000
v 3.187000 0.056332 0.170000
v 3.187000 0.039407 0.170000
v 3.187000 0.023719 0.170000
v 3.187000 0.009759 0.170000
v 3.187000 -0.001978 0.170000
v 3.187000 -0.011000 0.170000
v 3.186978 -0.015656 0.170000
v 3.186912 -0.020583 0.170000
v 3.186797 -0.025719 0.170000
v 3.186630 -0.031000 0.170000
v 3.186407 -0.036365 0.170000
v 3.186125 -0.041750 0.170000
v 3.185781 -0.047094 0.170000
v 3.185370 -0.052333 0.170000
v 3.184891 -0.057406 0.170000
v 3.184338 -0.062250 0.170000
v 3.183709 -0.066802 0.170000
v 3.183000 -0.071000 0.170000
v 3.270000 -0.071000 0.170000
v 3.269521 -0.066322 0.170000
v 3.269084 -0.061329 0.170000
v 3.268688 -0.056078 0.170000
v 3.268334 -0.050630 0.170000
v 3.268021 -0.045042 0.170000
v 3.267750 -0.039375 0.170000
v 3.267521 -0.033687 0.170000
v 3.267334 -0.028037 0.170000
v 3.267188 -0.022484 0.170000
v 3.267084 -0.017088 0.170000
v 3.267021 -0.011907 0.170000
v 3.267000 -0.007000 0.170000
v 3.267000 0.002517 0.170000
v 3.267000 0.014718 0.170000
v 3.267000 0.029078 0.170000
v 3.267000 0.045074 0.170000
v 3.267000 0.062181 0.170000
v 3.267000 0.079875 0.170000
v 3.267000 0.097631 0.170000
v 3.267000 0.114926 0.170000
v 3.267000 0.131234 0.170000
v 3.267000 0.146032 0.170000
v 3.267000 0.158796 0.170000
v 3.267000 0.169000 0.170000
v 3.267002 0.174506 0.170000
v 3.267015 0.180468 0.170000
v 3.267047 0.186797 0.170000
v 3.267112 0.193407 0.170000
v 3.267217 0.200212 0.170000
v 3.267375 0.207125 0.170000
v 3.267596 0.214058 0.170000
v 3.267889 0.220926 0.170000
v 3.268266 0.227641 0.170000
v 3.268737 0.234116 0.170000
v 3.269311 0.240264 0.170000
v 3.270000 0.246000 0.170000
v 3.262747 0.245291 0.170000
v 3.255472 0.244662 0.170000
v 3.248157 0.244109 0.170000
v 3.240778 0.243630 0.170000
v 3.233316 0.243219 0.170000
v 3.225750 0.242875 0.170000
v 3.218059 0.242593 0.170000
v 3.210222 0.242370 0.170000
v 3.202219 0.242203 0.170000
v 3.194028 0.242088 0.170000
v 3.185629 0.242021 0.170000
v 3.177000 0.242000 0.170000
v 2.956000 0.242000 0.170000
v 2.956000 0.335000 0.170000
v 2.956022 0.340295 0.170000
v 2.956093 0.345694 0.170000
v 2.956219 0.351219 0.170000
v 2.956408 0.356889 0.170000
v 2.956666 0.362726 0.170000
v 2.957000 0.368750 0.170000
v 2.957418 0.374983 0.170000
v 2.957926 0.381444 0.170000
v 2.958532 0.388156 0.170000
v 2.959241 0.395139 0.170000
v 2.960062 0.402413 0.170000
v 2.961000 0.410000 0.170000
v 2.865000 0.410000 0.170000
v 2.866168 0.402413 0.170000
v 2.867181 0.395139 0.170000
v 2.868047 0.388156 0.170000
v 2.868778 0.381444 0.170000
v 2.869384 0.374983 0.170000
v 2.869875 0.368750 0.170000
v 2.870262 0.362726 0.170000
v 2.870556 0.356889 0.170000
v 2.870766 0.351219 0.170000
v 2.870903 0.345694 0.170000
v 2.870978 0.340295 0.170000
v 2.871000 0.335000 0.170000
v 2.871000 0.242000 0.170000
v 2.647000 0.242000 0.170000
v 2.638118 0.242062 0.170000
v 2.629944 0.242245 0.170000
v 2.622437 0.242547 0.170000
v 2.615556 0.242963 0.170000
v 2.609257 0.243490 0.170000
v 2.603500 0.244125 0.170000
v 2.598243 0.244864 0.170000
v 2.593445 0.245704 0.170000
v 2.589063 0.246641 0.170000
v 2.585056 0.247671 0.170000
v 2.581382 0.248792 0.170000
v 2.578000 0.250000 0.170000
v 2.524000 0.216000 0.170000
v 2.525270 0.212031 0.170000
v 2.526570 0.207667 0.170000
v 2.527891 0.202969 0.170000
v 2.529222 0.198000 0.170000
v 2.530554 0.192823 0.170000
v 2.531875 0.187500 0.170000
v 2.533175 0.182094 0.170000
v 2.534445 0.176667 0.170000
v 2.535672 0.171281 0.170000
v 2.536847 0.166000 0.170000
v 2.537960 0.160885 0.170000
v 2.539000 0.156000 0.170000
v 2.542590 0.135105 0.170000
v 2.542590 0.135105 -0.170000
v 2.546885 0.112593 0.170000
v 2.546885 0.112593 -0.170000
v 2.551922 0.088719 0.170000
v 2.551922 0.088719 -0.170000
v 2.557741 0.063741 0.170000
v 2.557741 0.063741 -0.170000
v 2.564379 0.037915 0.170000
v 2.564379 0.037915 -0.170000
v 2.571875 0.011500 0.170000
v 2.571875 0.011500 -0.170000
v 2.580267 -0.015249 0.170000
v 2.580267 -0.015249 -0.170000
v 2.589593 -0.042074 0.170000
v 2.589593 -0.042074 -0.170000
v 2.599891 -0.068719 0.170000
v 2.599891 -0.068719 -0.170000
v 2.611199 -0.094926 0.170000
v 2.611199 -0.094926 -0.170000
v 2.623556 -0.120439 0.170000
v 2.623556 -0.120439 -0.170000
v 2.637000 -0.145000 0.170000
v 2.637000 -0.145000 -0.170000
v 2.657052 -0.177133 0.170000
v 2.657052 -0.177133 -0.170000
v 2.679667 -0.207977 0.170000
v 2.679667 -0.207977 -0.170000
v 2.704781 -0.237453 0.170000
v 2.704781 -0.237453 -0.170000
v 2.732333 -0.265482 0.170000
v 2.732333 -0.265482 -0.170000
v 2.762260 -0.291982 0.170000
v 2.762260 -0.291982 -0.170000
v 2.794500 -0.316875 0.170000
v 2.794500 -0.316875 -0.170000
v 2.828990 -0.340080 0.170000
v 2.828990 -0.340080 -0.170000
v 2.865667 -0.361519 0.170000
v 2.865667 -0.361519 -0.170000
v 2.904469 -0.381109 0.170000
v 2.904469 -0.381109 -0.170000
v 2.945334 -0.398773 0.170000
v 2.945334 -0.398773 -0.170000
v 2.988198 -0.414430 0.170000
v 2.988198 -0.414430 -0.170000
v 3.033000 -0.428000 0.170000
v 3.033000 -0.428000 -0.170000
v 3.098000 -0.353000 0.170000
v 3.098000 -0.353000 -0.170000
v 3.089423 -0.351628 0.170000
v 3.089423 -0.351628 -0.170000
v 3.080713 -0.350023 0.170000
v 3.080713 -0.350023 -0.170000
v 3.071907 -0.348203 0.170000
v 3.071907 -0.348203 -0.170000
v 3.063037 -0.346185 0.170000
v 3.063037 -0.346185 -0.170000
v 3.054140 -0.343987 0.170000
v 3.054140 -0.343987 -0.170000
v 3.045250 -0.341625 0.170000
v 3.045250 -0.341625 -0.170000
v 3.036402 -0.339117 0.170000
v 3.036402 -0.339117 -0.170000
v 3.027630 -0.336482 0.170000
v 3.027630 -0.336482 -0.170000
v 3.018969 -0.333734 0.170000
v 3.018969 -0.333734 -0.170000
v 3.010454 -0.330894 0.170000
v 3.010454 -0.330894 -0.170000
v 3.002120 -0.327976 0.170000
v 3.002120 -0.327976 -0.170000
v 2.994000 -0.325000 0.170000
v 2.994000 -0.325000 -0.170000
v 2.968827 -0.316137 0.170000
v 2.968827 -0.316137 -0.170000
v 2.943441 -0.305597 0.170000
v 2.943441 -0.305597 -0.170000
v 2.918048 -0.293453 0.170000
v 2.918048 -0.293453 -0.170000
v 2.892853 -0.279778 0.170000
v 2.892853 -0.279778 -0.170000
v 2.868060 -0.264644 0.170000
v 2.868060 -0.264644 -0.170000
v 2.843876 -0.248125 0.170000
v 2.843876 -0.248125 -0.170000
v 2.820503 -0.230293 0.170000
v 2.820503 -0.230293 -0.170000
v 2.798149 -0.211222 0.170000
v 2.798149 -0.211222 -0.170000
v 2.777016 -0.190984 0.170000
v 2.777016 -0.190984 -0.170000
v 2.757311 -0.169653 0.170000
v 2.757311 -0.169653 -0.170000
v 2.739237 -0.147300 0.170000
v 2.739237 -0.147300 -0.170000
v 2.723000 -0.124000 0.170000
v 2.723000 -0.124000 -0.170000
v 2.709960 -0.102041 0.170000
v 2.709960 -0.102041 -0.170000
v 2.697839 -0.078829 0.170000
v 2.697839 -0.078829 -0.170000
v 2.686641 -0.054609 0.170000
v 2.686641 -0.054609 -0.170000
v 2.676371 -0.029630 0.170000
v 2.676371 -0.029630 -0.170000
v 2.667031 -0.004136 0.170000
v 2.667031 -0.004136 -0.170000
v 2.658626 0.021625 0.170000
v 2.658626 0.021625 -0.170000
v 2.651157 0.047407 0.170000
v 2.651157 0.047407 -0.170000
v 2.644630 0.072963 0.170000
v 2.644630 0.072963 -0.170000
v 2.639047 0.098047 0.170000
v 2.639047 0.098047 -0.170000
v 2.634413 0.122412 0.170000
v 2.634413 0.122412 -0.170000
v 2.630729 0.145812 0.170000
v 2.630729 0.145812 -0.170000
v 2.628000 0.168000 0.170000
v 2.628000 0.168000 -0.170000
v 3.187000 0.168000 0.170000
v 3.187000 0.168000 -0.170000
v 3.187000 0.156228 0.170000
v 3.187000 0.156228 -0.170000
v 3.187000 0.142241 0.170000
v 3.187000 0.142241 -0.170000
v 3.187000 0.126531 0.170000
v 3.187000 0.126531 -0.170000
v 3.187000 0.109593 0.170000
v 3.187000 0.109593 -0.170000
v 3.187000 0.091918 0.170000
v 3.187000 0.091918 -0.170000
v 3.187000 0.074000 0.170000
v 3.187000 0.074000 -0.170000
v 3.187000 0.056332 0.170000
v 3.187000 0.056332 -0.170000
v 3.187000 0.039407 0.170000
v 3.187000 0.039407 -0.170000
v 3.187000 0.023719 0.170000
v 3.187000 0.023719 -0.170000
v 3.187000 0.009759 0.170000
v 3.187000 0.009759 -0.170000
v 3.187000 -0.001978 0.170000
v 3.187000 -0.001978 -0.170000
v 3.187000 -0.011000 0.170000
v 3.187000 -0.011000 -0.170000
v 3.186978 -0.015656 0.170000
v 3.186978 -0.015656 -0.170000
v 3.186912 -0.020583 0.170000
v 3.186912 -0.020583 -0.170000
v 3.186797 -0.025719 0.170000
v 3.186797 -0.025719 -0.170000
v 3.186630 -0.031000 0.170000
v 3.186630 -0.031000 -0.170000
v 3.186407 -0.036365 0.170000
v 3.186407 -0.036365 -0.170000
v 3.186125 -0.041750 0.170000
v 3.186125 -0.041750 -0.170000
v 3.185781 -0.047094 0.170000
v 3.185781 -0.047094 -0.170000
v 3.185370 -0.052333 0.170000
v 3.185370 -0.052333 -0.170000
v 3.184891 -0.057406 0.170000
v 3.184891 -0.057406 -0.170000
v 3.184338 -0.062250 0.170000
v 3.184338 -0.062250 -0.170000
v 3.183709 -0.066802 0.170000
v 3.183709 -0.066802 -0.170000
v 3.183000 -0.071000 0.170000
v 3.183000 -0.071000 -0.170000
v 3.270000 -0.071000 0.170000
v 3.270000 -0.071000 -0.170000
v 3.269521 -0.066322 0.170000
v 3.269521 -0.066322 -0.170000
v 3.269084 -0.061329 0.170000
v 3.269084 -0.061329 -0.170000
v 3.268688 -0.056078 0.170000
v 3.268688 -0.056078 -0.170000
v 3.268334 -0.050630 0.170000
v 3.268334 -0.050630 -0.170000
v 3.268021 -0.045042 0.170000
v 3.268021 -0.045042 -0.170000
v 3.267750 -0.039375 0.170000
v 3.267750 -0.039375 -0.170000
v 3.267521 -0.033687 0.170000
v 3.267521 -0.033687 -0.170000
v 3.267334 -0.028037 0.170000
v 3.267334 -0.028037 -0.170000
v 3.267188 -0.022484 0.170000
v 3.267188 -0.022484 -0.170000
v 3.267084 -0.017088 0.170000
v 3.267084 -0.017088 -0.170000
v 3.267021 -0.011907 0.170000
v 3.267021 -0.011907 -0.170000
v 3.267000 -0.007000 0.170000
v 3.267000 -0.007000 -0.170000
v 3.267000 0.002517 0.170000
v 3.267000 0.002517 -0.170000
v 3.267000 0.014718 0.170000
v 3.267000 0.014718 -0.170000
v 3.267000 0.029078 0.170000
v 3.267000 0.029078 -0.170000
v 3.267000 0.045074 0.170000
v 3.267000 0.045074 -0.170000
v 3.267000 0.062181 0.170000
v 3.267000 0.062181 -0.170000
v 3.267000 0.079875 0.170000
v 3.267000 0.079875 -0.170000
v 3.267000 0.097631 0.170000
v 3.267000 0.097631 -0.170000
v 3.267000 0.114926 0.170000
v 3.267000 0.114926 -0.170000
v 3.267000 0.131234 0.170000
v 3.267000 0.131234 -0.170000
v 3.267000 0.146032 0.170000
v 3.267000 0.146032 -0.170000
v 3.267000 0.158796 0.170000
v 3.267000 0.158796 -0.170000
v 3.267000 0.169000 0.170000
v 3.267000 0.169000 -0.170000
v 3.267002 0.174506 0.170000
v 3.267002 0.174506 -0.170000
v 3.267015 0.180468 0.170000
v 3.267015 0.180468 -0.170000
v 3.267047 0.186797 0.170000
v 3.267047 0.186797 -0.170000
v 3.267112 0.193407 0.170000
v 3.267112 0.193407 -0.170000
v 3.267217 0.200212 0.170000
v 3.267217 0.200212 -0.170000
v 3.267375 0.207125 0.170000
v 3.267375 0.207125 -0.170000
v 3.267596 0.214058 0.170000
v 3.267596 0.214058 -0.170000
v 3.267889 0.220926 0.170000
v 3.267889 0.220926 -0.170000
v 3.268266 0.227641 0.170000
v 3.268266 0.227641 -0.170000
v 3.268737 0.234116 0.170000
v 3.268737 0.234116 -0.170000
v 3.269311 0.240264 0.170000
v 3.269311 0.240264 -0.170000
v 3.270000 0.246000 0.170000
v 3.270000 0.246000 -0.170000
v 3.262747 0.245291 0.170000
v 3.262747 0.245291 -0.170000
v 3.255472 0.244662 0.170000
v 3.255472 0.244662 -0.170000
v 3.248157 0.244109 0.170000
v 3.248157 0.244109 -0.170000
v 3.240778 0.243630 0.170000
v 3.240778 0.243630 -0.170000
v 3.233316 0.243219 0.170000
v 3.233316 0.243219 -0.170000
v 3.225750 0.242875 0.170000
v 3.225750 0.242875 -0.170000
v 3.218059 0.242593 0.170000
v 3.218059 0.242593 -0.170000
v 3.210222 0.242370 0.170000
v 3.210222 0.242370 -0.170000
v 3.202219 0.242203 0.170000
v 3.202219 0.242203 -0.170000
v 3.194028 0.242088 0.170000
v 3.194028 0.242088 -0.170000
v 3.185629 0.242021 0.170000
v 3.185629 0.242021 -0.170000
v 3.177000 0.242000 0.170000
v 3.177000 0.242000 -0.170000
v 2.956000 0.242000 0.170000
v 2.956000 0.242000 -0.170000
v 2.956000 0.335000 0.170000
v 2.956000 0.335000 -0.170000
v 2.956022 0.340295 0.170000
v 2.956022 0.340295 -0.170000
v 2.956093 0.345694 0.170000
v 2.956093 0.345694 -0.170000
v 2.956219 0.351219 0.170000
v 2.956219 0.351219 -0.170000
v 2.956408 0.356889 0.170000
v 2.956408 0.356889 -0.170000
v 2.956666 0.362726 0.170000
v 2.956666 0.362726 -0.170000
v 2.957000 0.368750 0.170000
v 2.957000 0.368750 -0.170000
v 2.957418 0.374983 0.170000
v 2.957418 0.374983 -0.170000
v 2.957926 0.381444 0.170000
v 2.957926 0.381444 -0.170000
v 2.958532 0.388156 0.170000
v 2.958532 0.388156 -0.170000
v 2.959241 0.395139 0.170000
v 2.959241 0.395139 -0.170000
v 2.960062 0.402413 0.170000
v 2.960062 0.402413 -0.170000
v 2.961000 0.410000 0.170000
v 2.961000 0.410000 -0.170000
v 2.865000 0.410000 0.170000
v 2.865000 0.410000 -0.170000
v 2.866168 0.402413 0.170000
v 2.866168 0.402413 -0.170000
v 2.867181 0.395139 0.170000
v 2.867181 0.395139 -0.170000
v 2.868047 0.388156 0.170000
v 2.868047 0.388156 -0.170000
v 2.868778 0.381444 0.170000
v 2.868778 0.381444 -0.170000
v 2.869384 0.374983 0.170000
v 2.869384 0.374983 -0.170000
v 2.869875 0.368750 0.170000
v 2.869875 0.368750 -0.170000
v 2.870262 0.362726 0.170000
v 2.870262 0.362726 -0.170000
v 2.870556 0.356889 0.170000
v 2.870556 0.356889 -0.170000
v 2.870766 0.351219 0.170000
v 2.870766 0.351219 -0.170000
v 2.870903 0.345694 0.170000
v 2.870903 0.345694 -0.170000
v 2.870978 0.340295 0.170000
v 2.870978 0.340295 -0.170000
v 2.871000 0.335000 0.170000
v 2.871000 0.335000 -0.170000
v 2.871000 0.242000 0.170000
v 2.871000 0.242000 -0.170000
v 2.647000 0.242000 0.170000
v 2.647000 0.242000 -0.170000
v 2.638118 0.242062 0.170000
v 2.638118 0.242062 -0.170000
v 2.629944 0.242245 0.170000
v 2.629944 0.242245 -0.170000
v 2.622437 0.242547 0.170000
v 2.622437 0.242547 -0.170000
v 2.615556 0.242963 0.170000
v 2.615556 0.242963 -0.170000
v 2.609257 0.243490 0.170000
v 2.609257 0.243490 -0.170000
v 2.603500 0.244125 0.170000
v 2.603500 0.244125 -0.170000
v 2.598243 0.244864 0.170000
v 2.598243 0.244864 -0.170000
v 2.593445 0.245704 0.170000
v 2.593445 0.245704 -0.170000
v 2.589063 0.246641 0.170000
v 2.589063 0.246641 -0.170000
v 2.585056 0.247671 0.170000
v 2.585056 0.247671 -0.170000
v 2.581382 0.248792 0.170000
v 2.581382 0.248792 -0.170000
v 2.578000 0.250000 0.170000
v 2.578000 0.250000 -0.170000
v 2.524000 0.216000 0.170000
v 2.524000 0.216000 -0.170000
v 2.525270 0.212031 0.170000
v 2.525270 0.212031 -0.170000
v 2.526570 0.207667 0.170000
v 2.526570 0.207667 -0.170000
v 2.527891 0.202969 0.170000
v 2.527891 0.202969 -0.170000
v 2.529222 0.198000 0.170000
v 2.529222 0.198000 -0.170000
v 2.530554 0.192823 0.170000
v 2.530554 0.192823 -0.170000
v 2.531875 0.187500 0.170000
v 2.531875 0.187500 -0.170000
v 2.533175 0.182094 0.170000
v 2.533175 0.182094 -0.170000
v 2.534445 0.176667 0.170000
v 2.534445 0.176667 -0.170000
v 2.535672 0.171281 0.170000
v 2.535672 0.171281 -0.170000
v 2.536847 0.166000 0.170000
v 2.536847 0.166000 -0.170000
v 2.537960 0.160885 0.170000
v 2.537960 0.160885 -0.170000
v 2.539000 0.156000 0.170000
v 2.539000 0.156000 -0.170000
v 1.779000 0.071000 0.170000
v 1.779000 0.071000 -0.170000
v 1.783812 0.087175 0.170000
v 1.783812 0.087175 -0.170000
v 1.790079 0.106736 0.170000
v 1.790079 0.106736 -0.170000
v 1.797547 0.128984 0.170000
v 1.797547 0.128984 -0.170000
v 1.805963 0.153222 0.170000
v 1.805963 0.153222 -0.170000
v 1.815074 0.178752 0.170000
v 1.815074 0.178752 -0.170000
v 1.824625 0.204875 0.170000
v 1.824625 0.204875 -0.170000
v 1.834364 0.230894 0.170000
v 1.834364 0.230894 -0.170000
v 1.844037 0.256111 0.170000
v 1.844037 0.256111 -0.170000
v 1.853391 0.279828 0.170000
v 1.853391 0.279828 -0.170000
v 1.862172 0.301347 0.170000
v 1.862172 0.301347 -0.170000
v 1.870126 0.319970 0.170000
v 1.870126 0.319970 -0.170000
v 1.877000 0.335000 0.170000
v 1.877000 0.335000 -0.170000
v 1.800000 0.361000 0.170000
v 1.800000 0.361000 -0.170000
v 1.793755 0.346811 0.170000
v 1.793755 0.346811 -0.170000
v 1.786209 0.328741 0.170000
v 1.786209 0.328741 -0.170000
v 1.777641 0.307531 0.170000
v 1.777641 0.307531 -0.170000
v 1.768334 0.283926 0.170000
v 1.768334 0.283926 -0.170000
v 1.758568 0.258668 0.170000
v 1.758568 0.258668 -0.170000
v 1.748625 0.232500 0.170000
v 1.748625 0.232500 -0.170000
v 1.738787 0.206166 0.170000
v 1.738787 0.206166 -0.170000
v 1.729333 0.180407 0.170000
v 1.729333 0.180407 -0.170000
v 1.720547 0.155969 0.170000
v 1.720547 0.155969 -0.170000
v 1.712708 0.133593 0.170000
v 1.712708 0.133593 -0.170000
v 1.706099 0.114022 0.170000
v 1.706099 0.114022 -0.170000
v 1.701000 0.098000 0.170000
v 1.701000 0.098000 -0.170000
v 1.382002 0.208635 0.170000
v 1.382002 0.208635 -0.170000
v 1.391019 0.176667 0.170000
v 1.391019 0.176667 -0.170000
v 1.401063 0.144281 0.170000
v 1.401063 0.144281 -0.170000
v 1.412148 0.111667 0.170000
v 1.412148 0.111667 -0.170000
v 1.424289 0.079010 0.170000
v 1.424289 0.079010 -0.170000
v 1.437500 0.046500 0.170000
v 1.437500 0.046500 -0.170000
v 1.451794 0.014323 0.170000
v 1.451794 0.014323 -0.170000
v 1.467185 -0.017333 0.170000
v 1.467185 -0.017333 -0.170000
v 1.483688 -0.048281 0.170000
v 1.483688 -0.048281 -0.170000
v 1.501315 -0.078333 0.170000
v 1.501315 -0.078333 -0.170000
v 1.520081 -0.107302 0.170000
v 1.520081 -0.107302 -0.170000
v 1.540000 -0.135000 0.170000
v 1.540000 -0.135000 -0.170000
v 1.566658 -0.168301 0.170000
v 1.566658 -0.168301 -0.170000
v 1.595009 -0.200157 0.170000
v 1.595009 -0.200157 -0.170000
v 1.624875 -0.230500 0.170000
v 1.624875 -0.230500 -0.170000
v 1.656074 -0.259259 0.170000
v 1.656074 -0.259259 -0.170000
v 1.688426 -0.286366 0.170000
v 1.688426 -0.286366 -0.170000
v 1.721750 -0.311750 0.170000
v 1.721750 -0.311750 -0.170000
v 1.755866 -0.335343 0.170000
v 1.755866 -0.335343 -0.170000
v 1.790593 -0.357074 0.170000
v 1.790593 -0.357074 -0.170000
v 1.825750 -0.376875 0.170000
v 1.825750 -0.376875 -0.170000
v 1.861158 -0.394676 0.170000
v 1.861158 -0.394676 -0.170000
v 1.896635 -0.410407 0.170000
v 1.896635 -0.410407 -0.170000
v 1.932000 -0.424000 0.170000
v 1.932000 -0.424000 -0.170000
v 2.001000 -0.354000 0.170000
v 2.001000 -0.354000 -0.170000
v 1.965156 -0.342388 0.170000
v 1.965156 -0.342388 -0.170000
v 1.929250 -0.328607 0.170000
v 1.929250 -0.328607 -0.170000
v 1.893469 -0.312734 0.170000
v 1.893469 -0.312734 -0.170000
v 1.858000 -0.294852 0.170000
v 1.858000 -0.294852 -0.170000
v 1.823032 -0.275039 0.170000
v 1.823032 -0.275039 -0.170000
v 1.788750 -0.253375 0.170000
v 1.788750 -0.253375 -0.170000
v 1.755344 -0.229940 0.170000
v 1.755344 -0.229940 -0.170000
v 1.723000 -0.204815 0.170000
v 1.723000 -0.204815 -0.170000
v 1.691907 -0.178078 0.170000
v 1.691907 -0.178078 -0.170000
v 1.662250 -0.149810 0.170000
v 1.662250 -0.149810 -0.170000
v 1.634219 -0.120091 0.170000
v 1.634219 -0.120091 -0.170000
v 1.608000 -0.089000 0.170000
v 1.608000 -0.089000 -0.170000
v 1.588639 -0.062331 0.170000
v 1.588639 -0.062331 -0.170000
v 1.570107 -0.033482 0.170000
v 1.570107 -0.033482 -0.170000
v 1.552485 -0.002688 0.170000
v 1.552485 -0.002688 -0.170000
v 1.535852 0.029815 0.170000
v 1.535852 0.029815 -0.170000
v 1.520289 0.063789 0.170000
v 1.520289 0.063789 -0.170000
v 1.505875 0.099000 0.170000
v 1.505875 0.099000 -0.170000
v 1.492691 0.135211 0.170000
v 1.492691 0.135211 -0.170000
v 1.480815 0.172185 0.170000
v 1.480815 0.172185 -0.170000
v 1.470328 0.209687 0.170000
v 1.470328 0.209687 -0.170000
v 1.461310 0.247481 0.170000
v 1.461310 0.247481 -0.170000
v 1.453841 0.285331 0.170000
v 1.453841 0.285331 -0.170000
v 1.448000 0.323000 0.170000
v 1.448000 0.323000 -0.170000
v 1.356000 0.297000 0.170000
v 1.356000 0.297000 -0.170000
v 1.357749 0.292613 0.170000
v 1.357749 0.292613 -0.170000
v 1.359486 0.287986 0.170000
v 1.359486 0.287986 -0.170000
v 1.361203 0.283172 0.170000
v 1.361203 0.283172 -0.170000
v 1.362889 0.278222 0.170000
v 1.362889 0.278222 -0.170000
v 1.364533 0.273189 0.170000
v 1.364533 0.273189 -0.170000
v 1.366125 0.268125 0.170000
v 1.366125 0.268125 -0.170000
v 1.367655 0.263082 0.170000
v 1.367655 0.263082 -0.170000
v 1.369111 0.258111 0.170000
v 1.369111 0.258111 -0.170000
v 1.370485 0.253266 0.170000
v 1.370485 0.253266 -0.170000
v 1.371764 0.248597 0.170000
v 1.371764 0.248597 -0.170000
v 1.372940 0.244158 0.170000
v 1.372940 0.244158 -0.170000
v 1.374000 0.240000 0.170000
v 1.374000 0.240000 -0.170000
v 2.046000 -0.002000 0.170000
v 2.046000 -0.002000 -0.170000
v 2.051737 0.015594 0.170000
v 2.051737 0.015594 -0.170000
v 2.059227 0.036838 0.170000
v 2.059227 0.036838 -0.170000
v 2.068141 0.060922 0.170000
v 2.068141 0.060922 -0.170000
v 2.078149 0.087037 0.170000
v 2.078149 0.087037 -0.170000
v 2.088920 0.114374 0.170000
v 2.088920 0.114374 -0.170000
v 2.100126 0.142125 0.170000
v 2.100126 0.142125 -0.170000
v 2.111435 0.169480 0.170000
v 2.111435 0.169480 -0.170000
v 2.122519 0.195630 0.170000
v 2.122519 0.195630 -0.170000
v 2.133047 0.219766 0.170000
v 2.133047 0.219766 -0.170000
v 2.142690 0.241079 0.170000
v 2.142690 0.241079 -0.170000
v 2.151118 0.258760 0.170000
v 2.151118 0.258760 -0.170000
v 2.158000 0.272000 0.170000
v 2.158000 0.272000 -0.170000
v 2.079000 0.301000 0.170000
v 2.079000 0.301000 -0.170000
v 2.071774 0.285086 0.170000
v 2.071774 0.285086 -0.170000
v 2.063273 0.265773 0.170000
v 2.063273 0.265773 -0.170000
v 2.053766 0.243703 0.170000
v 2.053766 0.243703 -0.170000
v 2.043519 0.219519 0.170000
v 2.043519 0.219519 -0.170000
v 2.032799 0.193862 0.170000
v 2.032799 0.193862 -0.170000
v 2.021875 0.167375 0.170000
v 2.021875 0.167375 -0.170000
v 2.011014 0.140701 0.170000
v 2.011014 0.140701 -0.170000
v 2.000482 0.114481 0.170000
v 2.000482 0.114481 -0.170000
v 1.990547 0.089359 0.170000
v 1.990547 0.089359 -0.170000
v 1.981477 0.065977 0.170000
v 1.981477 0.065977 -0.170000
v 1.973539 0.044976 0.170000
v 1.973539 0.044976 -0.170000
v 1.967000 0.027000 0.170000
v 1.967000 0.027000 -0.170000
v 0.333000 0.270135 0.170000
v 0.333000 0.270135 -0.170000
v 0.333000 0.257750 0.170000
v 0.333000 0.257750 -0.170000
v 0.333000 0.244156 0.170000
v 0.333000 0.244156 -0.170000
v 0.333000 0.229667 0.170000
v 0.333000 0.229667 -0.170000
v 0.333000 0.214594 0.170000
v 0.333000 0.214594 -0.170000
v 0.333000 0.199250 0.170000
v 0.333000 0.199250 -0.170000
v 0.333000 0.183948 0.170000
v 0.333000 0.183948 -0.170000
v 0.333000 0.169000 0.170000
v 0.333000 0.169000 -0.170000
v 0.333000 0.154719 0.170000
v 0.333000 0.154719 -0.170000
v 0.333000 0.141417 0.170000
v 0.333000 0.141417 -0.170000
v 0.333000 0.129406 0.170000
v 0.333000 0.129406 -0.170000
v 0.333000 0.119000 0.170000
v 0.333000 0.119000 -0.170000
v 0.333691 0.062257 0.170000
v 0.333691 0.062257 -0.170000
v 0.335778 0.011639 0.170000
v 0.335778 0.011639 -0.170000
v 0.339281 -0.033438 0.170000
v 0.339281 -0.033438 -0.170000
v 0.344222 -0.073556 0.170000
v 0.344222 -0.073556 -0.170000
v 0.350622 -0.109299 0.170000
v 0.350622 -0.109299 -0.170000
v 0.358500 -0.141250 0.170000
v 0.358500 -0.141250 -0.170000
v 0.367879 -0.169993 0.170000
v 0.367879 -0.169993 -0.170000
v 0.378778 -0.196111 0.170000
v 0.378778 -0.196111 -0.170000
v 0.391219 -0.220188 0.170000
v 0.391219 -0.220188 -0.170000
v 0.405222 -0.242806 0.170000
v 0.405222 -0.242806 -0.170000
v 0.420809 -0.264549 0.170000
v 0.420809 -0.264549 -0.170000
v 0.438000 -0.286000 0.170000
v 0.438000 -0.286000 -0.170000
v 0.454943 -0.304781 0.170000
v 0.454943 -0.304781 -0.170000
v 0.473130 -0.322162 0.170000
v 0.473130 -0.322162 -0.170000
v 0.492344 -0.338203 0.170000
v 0.492344 -0.338203 -0.170000
v 0.512371 -0.352963 0.170000
v 0.512371 -0.352963 -0.170000
v 0.532994 -0.366501 0.170000
v 0.532994 -0.366501 -0.170000
v 0.554000 -0.378875 0.170000
v 0.554000 -0.378875 -0.170000
v 0.575173 -0.390145 0.170000
v 0.575173 -0.390145 -0.170000
v 0.596296 -0.400370 0.170000
v 0.596296 -0.400370 -0.170000
v 0.617156 -0.409609 0.170000
v 0.617156 -0.409609 -0.170000
v 0.637537 -0.417921 0.170000
v 0.637537 -0.417921 -0.170000
v 0.657224 -0.425365 0.170000
v 0.657224 -0.425365 -0.170000
v 0.676000 -0.432000 0.170000
v 0.676000 -0.432000 -0.170000
v 0.741000 -0.363000 0.170000
v 0.741000 -0.363000 -0.170000
v 0.718155 -0.356888 0.170000
v 0.718155 -0.356888 -0.170000
v 0.695658 -0.350023 0.170000
v 0.695658 -0.350023 -0.170000
v 0.673563 -0.342359 0.170000
v 0.673563 -0.342359 -0.170000
v 0.651926 -0.333852 0.170000
v 0.651926 -0.333852 -0.170000
v 0.630803 -0.324455 0.170000
v 0.630803 -0.324455 -0.170000
v 0.610250 -0.314125 0.170000
v 0.610250 -0.314125 -0.170000
v 0.590322 -0.302815 0.170000
v 0.590322 -0.302815 -0.170000
v 0.571074 -0.290482 0.170000
v 0.571074 -0.290482 -0.170000
v 0.552563 -0.277078 0.170000
v 0.552563 -0.277078 -0.170000
v 0.534843 -0.262560 0.170000
v 0.534843 -0.262560 -0.170000
v 0.517970 -0.246883 0.170000
v 0.517970 -0.246883 -0.170000
v 0.502000 -0.230000 0.170000
v 0.502000 -0.230000 -0.170000
v 0.485452 -0.209228 0.170000
v 0.485452 -0.209228 -0.170000
v 0.471199 -0.188157 0.170000
v 0.471199 -0.188157 -0.170000
v 0.459078 -0.166406 0.170000
v 0.459078 -0.166406 -0.170000
v 0.448926 -0.143593 0.170000
v 0.448926 -0.143593 -0.170000
v 0.440579 -0.119334 0.170000
v 0.440579 -0.119334 -0.170000
v 0.433875 -0.093250 0.170000
v 0.433875 -0.093250 -0.170000
v 0.428650 -0.064957 0.170000
v 0.428650 -0.064957 -0.170000
v 0.424741 -0.034074 0.170000
v 0.424741 -0.034074 -0.170000
v 0.421984 -0.000219 0.170000
v 0.421984 -0.000219 -0.170000
v 0.420218 0.036991 0.170000
v 0.420218 0.036991 -0.170000
v 0.419277 0.077936 0.170000
v 0.419277 0.077936 -0.170000
v 0.419000 0.123000 0.170000
v 0.419000 0.123000 -0.170000
v 0.419000 0.133423 0.170000
v 0.419000 0.133423 -0.170000
v 0.419000 0.145468 0.170000
v 0.419000 0.145468 -0.170000
v 0.419000 0.158797 0.170000
v 0.419000 0.158797 -0.170000
v 0.419000 0.173074 0.170000
v 0.419000 0.173074 -0.170000
v 0.419000 0.187962 0.170000
v 0.419000 0.187962 -0.170000
v 0.419000 0.203125 0.170000
v 0.419000 0.203125 -0.170000
v 0.419000 0.218225 0.170000
v 0.419000 0.218225 -0.170000
v 0.419000 0.232926 0.170000
v 0.419000 0.232926 -0.170000
v 0.419000 0.246891 0.170000
v 0.419000 0.246891 -0.170000
v 0.419000 0.259782 0.170000
v 0.419000 0.259782 -0.170000
v 0.419000 0.271264 0.170000
v 0.419000 0.271264 -0.170000
v 0.419000 0.281000 0.170000
v 0.419000 0.281000 -0.170000
v 0.419041 0.289377 0.170000
v 0.419041 0.289377 -0.170000
v 0.419162 0.297514 0.170000
v 0.419162 0.297514 -0.170000
v 0.419360 0.305422 0.170000
v 0.419360 0.305422 -0.170000
v 0.419630 0.313111 0.170000
v 0.419630 0.313111 -0.170000
v 0.419969 0.320592 0.170000
v 0.419969 0.320592 -0.170000
v 0.420375 0.327875 0.170000
v 0.420375 0.327875 -0.170000
v 0.420843 0.334970 0.170000
v 0.420843 0.334970 -0.170000
v 0.421370 0.341889 0.170000
v 0.421370 0.341889 -0.170000
v 0.421953 0.348641 0.170000
v 0.421953 0.348641 -0.170000
v 0.422588 0.355236 0.170000
v 0.422588 0.355236 -0.170000
v 0.423272 0.361686 0.170000
v 0.423272 0.361686 -0.170000
v 0.424000 0.368000 0.170000
v 0.424000 0.368000 -0.170000
v 0.330000 0.368000 0.170000
v 0.330000 0.368000 -0.170000
v 0.330479 0.361686 0.170000
v 0.330479 0.361686 -0.170000
v 0.330917 0.355236 0.170000
v 0.330917 0.355236 -0.170000
v 0.331313 0.348641 0.170000
v 0.331313 0.348641 -0.170000
v 0.331667 0.341889 0.170000
v 0.331667 0.341889 -0.170000
v 0.331979 0.334970 0.170000
v 0.331979 0.334970 -0.170000
v 0.332250 0.327875 0.170000
v 0.332250 0.327875 -0.170000
v 0.332479 0.320592 0.170000
v 0.332479 0.320592 -0.170000
v 0.332667 0.313111 0.170000
v 0.332667 0.313111 -0.170000
v 0.332813 0.305422 0.170000
v 0.332813 0.305422 -0.170000
v 0.332917 0.297514 0.170000
v 0.332917 0.297514 -0.170000
v 0.332979 0.289377 0.170000
v 0.332979 0.289377 -0.170000
v 0.333000 0.281000 0.170000
v 0.333000 0.281000 -0.170000
v 0.798000 0.275928 0.170000
v 0.798000 0.275928 -0.170000
v 0.798000 0.255759 0.170000
v 0.798000 0.255759 -0.170000
v 0.798000 0.229063 0.170000
v 0.798000 0.229063 -0.170000
v 0.798000 0.197407 0.170000
v 0.798000 0.197407 -0.170000
v 0.798000 0.162363 0.170000
v 0.798000 0.162363 -0.170000
v 0.798000 0.125500 0.170000
v 0.798000 0.125500 -0.170000
v 0.798000 0.088387 0.170000
v 0.798000 0.088387 -0.170000
v 0.798000 0.052593 0.170000
v 0.798000 0.052593 -0.170000
v 0.798000 0.019688 0.170000
v 0.798000 0.019687 -0.170000
v 0.798000 -0.008759 0.170000
v 0.798000 -0.008759 -0.170000
v 0.798000 -0.031178 0.170000
v 0.798000 -0.031178 -0.170000
v 0.798000 -0.046000 0.170000
v 0.798000 -0.046000 -0.170000
v 0.797960 -0.052403 0.170000
v 0.797960 -0.052403 -0.170000
v 0.797843 -0.059060 0.170000
v 0.797843 -0.059060 -0.170000
v 0.797656 -0.065891 0.170000
v 0.797656 -0.065891 -0.170000
v 0.797408 -0.072815 0.170000
v 0.797408 -0.072815 -0.170000
v 0.797103 -0.079753 0.170000
v 0.797103 -0.079753 -0.170000
v 0.796750 -0.086625 0.170000
v 0.796750 -0.086625 -0.170000
v 0.796355 -0.093351 0.170000
v 0.796355 -0.093351 -0.170000
v 0.795926 -0.099852 0.170000
v 0.795926 -0.099852 -0.170000
v 0.795469 -0.106047 0.170000
v 0.795469 -0.106047 -0.170000
v 0.794991 -0.111856 0.170000
v 0.794991 -0.111857 -0.170000
v 0.794499 -0.117201 0.170000
v 0.794499 -0.117201 -0.170000
v 0.794000 -0.122000 0.170000
v 0.794000 -0.122000 -0.170000
v 0.886000 -0.122000 0.170000
v 0.886000 -0.122000 -0.170000
v 0.885482 -0.117907 0.170000
v 0.885482 -0.117907 -0.170000
v 0.884935 -0.113171 0.170000
v 0.884935 -0.113171 -0.170000
v 0.884375 -0.107859 0.170000
v 0.884375 -0.107859 -0.170000
v 0.883815 -0.102037 0.170000
v 0.883815 -0.102037 -0.170000
v 0.883269 -0.095770 0.170000
v 0.883269 -0.095770 -0.170000
v 0.882750 -0.089125 0.170000
v 0.882750 -0.089125 -0.170000
v 0.882273 -0.082167 0.170000
v 0.882273 -0.082167 -0.170000
v 0.881852 -0.074963 0.170000
v 0.881852 -0.074963 -0.170000
v 0.881500 -0.067578 0.170000
v 0.881500 -0.067578 -0.170000
v 0.881232 -0.060079 0.170000
v 0.881232 -0.060079 -0.170000
v 0.881060 -0.052531 0.170000
v 0.881060 -0.052531 -0.170000
v 0.881000 -0.045000 0.170000
v 0.881000 -0.045000 -0.170000
v 0.881000 -0.030198 0.170000
v 0.881000 -0.030198 -0.170000
v 0.881000 -0.007833 0.170000
v 0.881000 -0.007833 -0.170000
v 0.881000 0.020531 0.170000
v 0.881000 0.020531 -0.170000
v 0.881000 0.053333 0.170000
v 0.881000 0.053333 -0.170000
v 0.881000 0.089010 0.170000
v 0.881000 0.089010 -0.170000
v 0.881000 0.126000 0.170000
v 0.881000 0.126000 -0.170000
v 0.881000 0.162740 0.170000
v 0.881000 0.162740 -0.170000
v 0.881000 0.197667 0.170000
v 0.881000 0.197667 -0.170000
v 0.881000 0.229219 0.170000
v 0.881000 0.229219 -0.170000
v 0.881000 0.255833 0.170000
v 0.881000 0.255833 -0.170000
v 0.881000 0.275948 0.170000
v 0.881000 0.275948 -0.170000
v 0.881000 0.288000 0.170000
v 0.881000 0.288000 -0.170000
v 0.881041 0.292835 0.170000
v 0.881041 0.292835 -0.170000
v 0.881158 0.298264 0.170000
v 0.881158 0.298264 -0.170000
v 0.881344 0.304172 0.170000
v 0.881344 0.304172 -0.170000
v 0.881593 0.310444 0.170000
v 0.881593 0.310444 -0.170000
v 0.881897 0.316967 0.170000
v 0.881897 0.316967 -0.170000
v 0.882250 0.323625 0.170000
v 0.882250 0.323625 -0.170000
v 0.882645 0.330304 0.170000
v 0.882645 0.330304 -0.170000
v 0.883074 0.336889 0.170000
v 0.883074 0.336889 -0.170000
v 0.883531 0.343266 0.170000
v 0.883531 0.343266 -0.170000
v 0.884009 0.349319 0.170000
v 0.884009 0.349319 -0.170000
v 0.884501 0.354936 0.170000
v 0.884501 0.354936 -0.170000
v 0.885000 0.360000 0.170000
v 0.885000 0.360000 -0.170000
v 0.794000 0.360000 0.170000
v 0.794000 0.360000 -0.170000
v 0.794499 0.355050 0.170000
v 0.794499 0.355050 -0.170000
v 0.794991 0.349736 0.170000
v 0.794991 0.349736 -0.170000
v 0.795469 0.344109 0.170000
v 0.795469 0.344109 -0.170000
v 0.795926 0.338222 0.170000
v 0.795926 0.338222 -0.170000
v 0.796355 0.332127 0.170000
v 0.796355 0.332127 -0.170000
v 0.796750 0.325875 0.170000
v 0.796750 0.325875 -0.170000
v 0.797103 0.319519 0.170000
v 0.797103 0.319519 -0.170000
v 0.797408 0.313111 0.170000
v 0.797408 0.313111 -0.170000
v 0.797656 0.306703 0.170000
v 0.797656 0.306703 -0.170000
v 0.797843 0.300347 0.170000
v 0.797843 0.300347 -0.170000
v 0.797960 0.294095 0.170000
v 0.797960 0.294095 -0.170000
v 0.798000 0.288000 0.170000
v 0.798000 0.288000 -0.170000
v -0.461000 0.279000 0.170000
v -0.461000 0.279000 -0.170000
v -0.459251 0.273343 0.170000
v -0.459251 0.273343 -0.170000
v -0.457509 0.267412 0.170000
v -0.457509 0.267412 -0.170000
v -0.455781 0.261266 0.170000
v -0.455781 0.261266 -0.170000
v -0.454074 0.254963 0.170000
v -0.454074 0.254963 -0.170000
v -0.452395 0.248563 0.170000
v -0.452395 0.248563 -0.170000
v -0.450750 0.242125 0.170000
v -0.450750 0.242125 -0.170000
v -0.449147 0.235708 0.170000
v -0.449147 0.235708 -0.170000
v -0.447593 0.229370 0.170000
v -0.447593 0.229370 -0.170000
v -0.446094 0.223172 0.170000
v -0.446094 0.223172 -0.170000
v -0.444657 0.217171 0.170000
v -0.444657 0.217171 -0.170000
v -0.443290 0.211428 0.170000
v -0.443290 0.211428 -0.170000
v -0.442000 0.206000 0.170000
v -0.442000 0.206000 -0.170000
v -0.438300 0.188784 0.170000
v -0.438300 0.188784 -0.170000
v -0.433736 0.168440 0.170000
v -0.433736 0.168440 -0.170000
v -0.428359 0.145422 0.170000
v -0.428359 0.145422 -0.170000
v -0.422222 0.120185 0.170000
v -0.422222 0.120185 -0.170000
v -0.415377 0.093185 0.170000
v -0.415377 0.093185 -0.170000
v -0.407875 0.064875 0.170000
v -0.407875 0.064875 -0.170000
v -0.399769 0.035711 0.170000
v -0.399769 0.035711 -0.170000
v -0.391111 0.006148 0.170000
v -0.391111 0.006148 -0.170000
v -0.381953 -0.023359 0.170000
v -0.381953 -0.023359 -0.170000
v -0.372347 -0.052356 0.170000
v -0.372347 -0.052357 -0.170000
v -0.362345 -0.080388 0.170000
v -0.362345 -0.080388 -0.170000
v -0.352000 -0.107000 0.170000
v -0.352000 -0.107000 -0.170000
v -0.342385 -0.130190 0.170000
v -0.342385 -0.130190 -0.170000
v -0.332079 -0.153690 0.170000
v -0.332079 -0.153690 -0.170000
v -0.321141 -0.177391 0.170000
v -0.321141 -0.177391 -0.170000
v -0.309630 -0.201185 0.170000
v -0.309630 -0.201185 -0.170000
v -0.297605 -0.224966 0.170000
v -0.297605 -0.224966 -0.170000
v -0.285125 -0.248625 0.170000
v -0.285125 -0.248625 -0.170000
v -0.272249 -0.272055 0.170000
v -0.272249 -0.272055 -0.170000
v -0.259037 -0.295148 0.170000
v -0.259037 -0.295148 -0.170000
v -0.245547 -0.317797 0.170000
v -0.245547 -0.317797 -0.170000
v -0.231838 -0.339894 0.170000
v -0.231838 -0.339894 -0.170000
v -0.217969 -0.361330 0.170000
v -0.217969 -0.361330 -0.170000
v -0.204000 -0.382000 0.170000
v -0.204000 -0.382000 -0.170000
v -0.119000 -0.346000 0.170000
v -0.119000 -0.346000 -0.170000
v -0.134615 -0.324798 0.170000
v -0.134615 -0.324798 -0.170000
v -0.149921 -0.302796 0.170000
v -0.149921 -0.302796 -0.170000
v -0.164859 -0.280156 0.170000
v -0.164859 -0.280156 -0.170000
v -0.179370 -0.257037 0.170000
v -0.179370 -0.257037 -0.170000
v -0.193395 -0.233598 0.170000
v -0.193395 -0.233598 -0.170000
v -0.206875 -0.210000 0.170000
v -0.206875 -0.210000 -0.170000
v -0.219750 -0.186402 0.170000
v -0.219750 -0.186402 -0.170000
v -0.231963 -0.162963 0.170000
v -0.231963 -0.162963 -0.170000
v -0.243453 -0.139844 0.170000
v -0.243453 -0.139844 -0.170000
v -0.254162 -0.117204 0.170000
v -0.254162 -0.117204 -0.170000
v -0.264031 -0.095203 0.170000
v -0.264031 -0.095203 -0.170000
v -0.273000 -0.074000 0.170000
v -0.273000 -0.074000 -0.170000
v -0.283924 -0.047049 0.170000
v -0.283924 -0.047049 -0.170000
v -0.294639 -0.018394 0.170000
v -0.294639 -0.018394 -0.170000
v -0.305062 0.011672 0.170000
v -0.305062 0.011672 -0.170000
v -0.315111 0.042852 0.170000
v -0.315111 0.042852 -0.170000
v -0.324701 0.074851 0.170000
v -0.324701 0.074851 -0.170000
v -0.333750 0.107375 0.170000
v -0.333750 0.107375 -0.170000
v -0.342174 0.140128 0.170000
v -0.342174 0.140128 -0.170000
v -0.349889 0.172815 0.170000
v -0.349889 0.172815 -0.170000
v -0.356812 0.205141 0.170000
v -0.356812 0.205141 -0.170000
v -0.362861 0.236810 0.170000
v -0.362861 0.236810 -0.170000
v -0.367951 0.267528 0.170000
v -0.367951 0.267528 -0.170000
v -0.372000 0.297000 0.170000
v -0.372000 0.297000 -0.170000
v -0.702000 0.308000 0.170000
v -0.702000 0.308000 -0.170000
v -0.712244 0.288452 0.170000
v -0.712244 0.288452 -0.170000
v -0.723370 0.266532 0.170000
v -0.723370 0.266532 -0.170000
v -0.735219 0.242578 0.170000
v -0.735219 0.242578 -0.170000
v -0.747630 0.216926 0.170000
v -0.747630 0.216926 -0.170000
v -0.760443 0.189913 0.170000
v -0.760443 0.189913 -0.170000
v -0.773500 0.161875 0.170000
v -0.773500 0.161875 -0.170000
v -0.786640 0.133150 0.170000
v -0.786640 0.133150 -0.170000
v -0.799704 0.104074 0.170000
v -0.799704 0.104074 -0.170000
v -0.812531 0.074984 0.170000
v -0.812531 0.074984 -0.170000
v -0.824963 0.046218 0.170000
v -0.824963 0.046218 -0.170000
v -0.836839 0.018111 0.170000
v -0.836839 0.018111 -0.170000
v -0.848000 -0.009000 0.170000
v -0.848000 -0.009000 -0.170000
v -0.858248 -0.034597 0.170000
v -0.858248 -0.034597 -0.170000
v -0.868903 -0.062111 0.170000
v -0.868903 -0.062111 -0.170000
v -0.879828 -0.091125 0.170000
v -0.879828 -0.091125 -0.170000
v -0.890889 -0.121222 0.170000
v -0.890889 -0.121222 -0.170000
v -0.901950 -0.151986 0.170000
v -0.901950 -0.151986 -0.170000
v -0.912875 -0.183000 0.170000
v -0.912875 -0.183000 -0.170000
v -0.923529 -0.213847 0.170000
v -0.923529 -0.213847 -0.170000
v -0.933778 -0.244111 0.170000
v -0.933778 -0.244111 -0.170000
v -0.943484 -0.273375 0.170000
v -0.943484 -0.273375 -0.170000
v -0.952514 -0.301222 0.170000
v -0.952514 -0.301222 -0.170000
v -0.960731 -0.327236 0.170000
v -0.960731 -0.327236 -0.170000
v -0.968000 -0.351000 0.170000
v -0.968000 -0.351000 -0.170000
v -0.879000 -0.380000 0.170000
v -0.879000 -0.380000 -0.170000
v -0.872308 -0.353829 0.170000
v -0.872308 -0.353829 -0.170000
v -0.864796 -0.326463 0.170000
v -0.864796 -0.326463 -0.170000
v -0.856563 -0.298125 0.170000
v -0.856563 -0.298125 -0.170000
v -0.847704 -0.269037 0.170000
v -0.847704 -0.269037 -0.170000
v -0.838317 -0.239421 0.170000
v -0.838317 -0.239421 -0.170000
v -0.828500 -0.209500 0.170000
v -0.828500 -0.209500 -0.170000
v -0.818350 -0.179495 0.170000
v -0.818350 -0.179495 -0.170000
v -0.807963 -0.149630 0.170000
v -0.807963 -0.149630 -0.170000
v -0.797437 -0.120125 0.170000
v -0.797437 -0.120125 -0.170000
v -0.786870 -0.091204 0.170000
v -0.786870 -0.091204 -0.170000
v -0.776359 -0.063088 0.170000
v -0.776359 -0.063088 -0.170000
v -0.766000 -0.036000 0.170000
v -0.766000 -0.036000 -0.170000
v -0.755565 -0.009558 0.170000
v -0.755565 -0.009558 -0.170000
v -0.744357 0.018037 0.170000
v -0.744357 0.018037 -0.170000
v -0.732516 0.046438 0.170000
v -0.732516 0.046437 -0.170000
v -0.720185 0.075296 0.170000
v -0.720185 0.075296 -0.170000
v -0.707508 0.104266 0.170000
v -0.707508 0.104266 -0.170000
v -0.694625 0.133000 0.170000
v -0.694625 0.133000 -0.170000
v -0.681680 0.161150 0.170000
v -0.681680 0.161150 -0.170000
v -0.668815 0.188370 0.170000
v -0.668815 0.188370 -0.170000
v -0.656172 0.214313 0.170000
v -0.656172 0.214313 -0.170000
v -0.643893 0.238630 0.170000
v -0.643893 0.238630 -0.170000
v -0.632122 0.260975 0.170000
v -0.632122 0.260975 -0.170000
v -0.621000 0.281000 0.170000
v -0.621000 0.281000 -0.170000
v -1.975000 0.232000 0.170000
v -1.975000 0.232000 -0.170000
v -1.969720 0.242392 0.170000
v -1.969720 0.242392 -0.170000
v -1.963931 0.253472 0.170000
v -1.963931 0.253472 -0.170000
v -1.957703 0.265094 0.170000
v -1.957703 0.265094 -0.170000
v -1.951111 0.277111 0.170000
v -1.951111 0.277111 -0.170000
v -1.944227 0.289378 0.170000
v -1.944227 0.289378 -0.170000
v -1.937125 0.301750 0.170000
v -1.937125 0.301750 -0.170000
v -1.929877 0.314080 0.170000
v -1.929877 0.314080 -0.170000
v -1.922555 0.326222 0.170000
v -1.922555 0.326222 -0.170000
v -1.915234 0.338031 0.170000
v -1.915234 0.338031 -0.170000
v -1.907986 0.349361 0.170000
v -1.907986 0.349361 -0.170000
v -1.900884 0.360066 0.170000
v -1.900884 0.360066 -0.170000
v -1.894000 0.370000 0.170000
v -1.894000 0.370000 -0.170000
v -1.947000 0.393000 0.170000
v -1.947000 0.393000 -0.170000
v -1.953464 0.383506 0.170000
v -1.953464 0.383506 -0.170000
v -1.960296 0.373130 0.170000
v -1.960296 0.373130 -0.170000
v -1.967406 0.362031 0.170000
v -1.967406 0.362031 -0.170000
v -1.974704 0.350370 0.170000
v -1.974704 0.350370 -0.170000
v -1.982098 0.338307 0.170000
v -1.982098 0.338307 -0.170000
v -1.989500 0.326000 0.170000
v -1.989500 0.326000 -0.170000
v -1.996818 0.313610 0.170000
v -1.996818 0.313610 -0.170000
v -2.003963 0.301296 0.170000
v -2.003963 0.301296 -0.170000
v -2.010844 0.289219 0.170000
v -2.010844 0.289219 -0.170000
v -2.017370 0.277537 0.170000
v -2.017370 0.277537 -0.170000
v -2.023453 0.266411 0.170000
v -2.023453 0.266411 -0.170000
v -2.029000 0.256000 0.170000
v -2.029000 0.256000 -0.170000
v -2.087000 0.273000 0.170000
v -2.087000 0.273000 -0.170000
v -2.081280 0.284022 0.170000
v -2.081280 0.284022 -0.170000
v -2.075157 0.295509 0.170000
v -2.075157 0.295509 -0.170000
v -2.068687 0.307344 0.170000
v -2.068687 0.307344 -0.170000
v -2.061926 0.319407 0.170000
v -2.061926 0.319407 -0.170000
v -2.054928 0.331582 0.170000
v -2.054928 0.331582 -0.170000
v -2.047750 0.343750 0.170000
v -2.047750 0.343750 -0.170000
v -2.040447 0.355793 0.170000
v -2.040447 0.355793 -0.170000
v -2.033074 0.367593 0.170000
v -2.033074 0.367593 -0.170000
v -2.025688 0.379031 0.170000
v -2.025688 0.379031 -0.170000
v -2.018343 0.389991 0.170000
v -2.018343 0.389991 -0.170000
v -2.011095 0.400353 0.170000
v -2.011095 0.400353 -0.170000
v -2.004000 0.410000 0.170000
v -2.004000 0.410000 -0.170000
v -2.057000 0.433000 0.170000
v -2.057000 0.433000 -0.170000
v -2.063752 0.423258 0.170000
v -2.063752 0.423258 -0.170000
v -2.070926 0.412648 0.170000
v -2.070926 0.412648 -0.170000
v -2.078407 0.401344 0.170000
v -2.078407 0.401344 -0.170000
v -2.086075 0.389519 0.170000
v -2.086075 0.389519 -0.170000
v -2.093812 0.377346 0.170000
v -2.093812 0.377346 -0.170000
v -2.101500 0.365000 0.170000
v -2.101500 0.365000 -0.170000
v -2.109022 0.352654 0.170000
v -2.109022 0.352654 -0.170000
v -2.116259 0.340481 0.170000
v -2.116259 0.340481 -0.170000
v -2.123094 0.328656 0.170000
v -2.123094 0.328656 -0.170000
v -2.129407 0.317352 0.170000
v -2.129407 0.317352 -0.170000
v -2.135082 0.306742 0.170000
v -2.135082 0.306742 -0.170000
v -2.140000 0.297000 0.170000
v -2.140000 0.297000 -0.170000
v -2.022819 0.100163 0.170000
v -2.022819 0.100163 -0.170000
v -2.021218 0.065556 0.170000
v -2.021218 0.065556 -0.170000
v -2.019109 0.025531 0.170000
v -2.019109 0.025531 -0.170000
v -2.016407 -0.018556 0.170000
v -2.016407 -0.018556 -0.170000
v -2.013025 -0.065351 0.170000
v -2.013025 -0.065351 -0.170000
v -2.008875 -0.113500 0.170000
v -2.008875 -0.113500 -0.170000
v -2.003871 -0.161649 0.170000
v -2.003871 -0.161649 -0.170000
v -1.997926 -0.208444 0.170000
v -1.997926 -0.208444 -0.170000
v -1.990953 -0.252531 0.170000
v -1.990953 -0.252531 -0.170000
v -1.982866 -0.292556 0.170000
v -1.982866 -0.292556 -0.170000
v -1.973577 -0.327163 0.170000
v -1.973577 -0.327163 -0.170000
v -1.963000 -0.355000 0.170000
v -1.963000 -0.355000 -0.170000
v -1.957744 -0.365233 0.170000
v -1.957744 -0.365233 -0.170000
v -1.951949 -0.374449 0.170000
v -1.951949 -0.374449 -0.170000
v -1.945578 -0.382672 0.170000
v -1.945578 -0.382672 -0.170000
v -1.938593 -0.389926 0.170000
v -1.938593 -0.389926 -0.170000
v -1.930954 -0.396236 0.170000
v -1.930954 -0.396236 -0.170000
v -1.922625 -0.401625 0.170000
v -1.922625 -0.401625 -0.170000
v -1.913566 -0.406119 0.170000
v -1.913566 -0.406119 -0.170000
v -1.903741 -0.409741 0.170000
v -1.903741 -0.409741 -0.170000
v -1.893109 -0.412516 0.170000
v -1.893109 -0.412516 -0.170000
v -1.881634 -0.414468 0.170000
v -1.881634 -0.414468 -0.170000
v -1.869277 -0.415621 0.170000
v -1.869277 -0.415621 -0.170000
v -1.856000 -0.416000 0.170000
v -1.856000 -0.416000 -0.170000
v -1.843112 -0.415939 0.170000
v -1.843112 -0.415939 -0.170000
v -1.829977 -0.415759 0.170000
v -1.829977 -0.415759 -0.170000
v -1.816641 -0.415469 0.170000
v -1.816641 -0.415469 -0.170000
v -1.803148 -0.415074 0.170000
v -1.803148 -0.415074 -0.170000
v -1.789545 -0.414582 0.170000
v -1.789545 -0.414582 -0.170000
v -1.775875 -0.414000 0.170000
v -1.775875 -0.414000 -0.170000
v -1.762185 -0.413335 0.170000
v -1.762185 -0.413335 -0.170000
v -1.748519 -0.412593 0.170000
v -1.748519 -0.412593 -0.170000
v -1.734922 -0.411781 0.170000
v -1.734922 -0.411781 -0.170000
v -1.721440 -0.410907 0.170000
v -1.721440 -0.410907 -0.170000
v -1.708117 -0.409978 0.170000
v -1.708117 -0.409978 -0.170000
v -1.695000 -0.409000 0.170000
v -1.695000 -0.409000 -0.170000
v -1.685000 -0.326000 0.170000
v -1.685000 -0.326000 -0.170000
v -1.698473 -0.327687 0.170000
v -1.698473 -0.327687 -0.170000
v -1.711870 -0.329245 0.170000
v -1.711870 -0.329245 -0.170000
v -1.725156 -0.330672 0.170000
v -1.725156 -0.330672 -0.170000
v -1.738296 -0.331963 0.170000
v -1.738296 -0.331963 -0.170000
v -1.751256 -0.333115 0.170000
v -1.751256 -0.333115 -0.170000
v -1.764000 -0.334125 0.170000
v -1.764000 -0.334125 -0.170000
v -1.776494 -0.334989 0.170000
v -1.776494 -0.334989 -0.170000
v -1.788704 -0.335704 0.170000
v -1.788704 -0.335704 -0.170000
v -1.800594 -0.336266 0.170000
v -1.800594 -0.336266 -0.170000
v -1.812130 -0.336671 0.170000
v -1.812130 -0.336671 -0.170000
v -1.823277 -0.336917 0.170000
v -1.823277 -0.336917 -0.170000
v -1.834000 -0.337000 0.170000
v -1.834000 -0.337000 -0.170000
v -1.841024 -0.336829 0.170000
v -1.841024 -0.336829 -0.170000
v -1.847602 -0.336296 0.170000
v -1.847602 -0.336296 -0.170000
v -1.853750 -0.335375 0.170000
v -1.853750 -0.335375 -0.170000
v -1.859482 -0.334037 0.170000
v -1.859482 -0.334037 -0.170000
v -1.864810 -0.332255 0.170000
v -1.864810 -0.332255 -0.170000
v -1.869750 -0.330000 0.170000
v -1.869750 -0.330000 -0.170000
v -1.874315 -0.327245 0.170000
v -1.874315 -0.327245 -0.170000
v -1.878519 -0.323963 0.170000
v -1.878519 -0.323963 -0.170000
v -1.882375 -0.320125 0.170000
v -1.882375 -0.320125 -0.170000
v -1.885898 -0.315704 0.170000
v -1.885898 -0.315704 -0.170000
v -1.889102 -0.310671 0.170000
v -1.889102 -0.310671 -0.170000
v -1.892000 -0.305000 0.170000
v -1.892000 -0.305000 -0.170000
v -1.900986 -0.282407 0.170000
v -1.900986 -0.282407 -0.170000
v -1.908972 -0.253843 0.170000
v -1.908972 -0.253843 -0.170000
v -1.916000 -0.220375 0.170000
v -1.916000 -0.220375 -0.170000
v -1.922111 -0.183074 0.170000
v -1.922111 -0.183074 -0.170000
v -1.927347 -0.143009 0.170000
v -1.927347 -0.143009 -0.170000
v -1.931750 -0.101250 0.170000
v -1.931750 -0.101250 -0.170000
v -1.935361 -0.058866 0.170000
v -1.935361 -0.058866 -0.170000
v -1.938222 -0.016926 0.170000
v -1.938222 -0.016926 -0.170000
v -1.940375 0.023500 0.170000
v -1.940375 0.023500 -0.170000
v -1.941861 0.061343 0.170000
v -1.941861 0.061343 -0.170000
v -1.942722 0.095532 0.170000
v -1.942722 0.095532 -0.170000
v -1.943000 0.125000 0.170000
v -1.943000 0.125000 -0.170000
v -1.663000 0.125000 0.170000
v -1.663000 0.125000 -0.170000
v -1.652586 0.055796 0.170000
v -1.652586 0.055796 -0.170000
v -1.639356 -0.008051 0.170000
v -1.639356 -0.008051 -0.170000
v -1.623328 -0.066891 0.170000
v -1.623328 -0.066891 -0.170000
v -1.604518 -0.121074 0.170000
v -1.604518 -0.121074 -0.170000
v -1.582945 -0.170952 0.170000
v -1.582945 -0.170952 -0.170000
v -1.558625 -0.216875 0.170000
v -1.558625 -0.216875 -0.170000
v -1.531576 -0.259194 0.170000
v -1.531576 -0.259194 -0.170000
v -1.501815 -0.298259 0.170000
v -1.501815 -0.298259 -0.170000
v -1.469359 -0.334422 0.170000
v -1.469359 -0.334422 -0.170000
v -1.434227 -0.368032 0.170000
v -1.434227 -0.368032 -0.170000
v -1.396435 -0.399442 0.170000
v -1.396435 -0.399442 -0.170000
v -1.356000 -0.429000 0.170000
v -1.356000 -0.429000 -0.170000
v -1.283000 -0.370000 0.170000
v -1.283000 -0.370000 -0.170000
v -1.291176 -0.365527 0.170000
v -1.291176 -0.365527 -0.170000
v -1.299657 -0.360630 0.170000
v -1.299657 -0.360630 -0.170000
v -1.308375 -0.355344 0.170000
v -1.308375 -0.355344 -0.170000
v -1.317259 -0.349704 0.170000
v -1.317259 -0.349704 -0.170000
v -1.326241 -0.343744 0.170000
v -1.326241 -0.343744 -0.170000
v -1.335250 -0.337500 0.170000
v -1.335250 -0.337500 -0.170000
v -1.344218 -0.331006 0.170000
v -1.344218 -0.331006 -0.170000
v -1.353074 -0.324296 0.170000
v -1.353074 -0.324296 -0.170000
v -1.361750 -0.317406 0.170000
v -1.361750 -0.317406 -0.170000
v -1.370176 -0.310370 0.170000
v -1.370176 -0.310370 -0.170000
v -1.378282 -0.303223 0.170000
v -1.378282 -0.303223 -0.170000
v -1.386000 -0.296000 0.170000
v -1.386000 -0.296000 -0.170000
v -1.410177 -0.272744 0.170000
v -1.410177 -0.272744 -0.170000
v -1.433167 -0.247870 0.170000
v -1.433167 -0.247870 -0.170000
v -1.454906 -0.221219 0.170000
v -1.454906 -0.221219 -0.170000
v -1.475333 -0.192630 0.170000
v -1.475333 -0.192630 -0.170000
v -1.494385 -0.161943 0.170000
v -1.494385 -0.161943 -0.170000
v -1.512000 -0.129000 0.170000
v -1.512000 -0.129000 -0.170000
v -1.528115 -0.093640 0.170000
v -1.528115 -0.093640 -0.170000
v -1.542667 -0.055704 0.170000
v -1.542667 -0.055704 -0.170000
v -1.555594 -0.015031 0.170000
v -1.555594 -0.015031 -0.170000
v -1.566833 0.028537 0.170000
v -1.566833 0.028537 -0.170000
v -1.576323 0.075161 0.170000
v -1.576323 0.075161 -0.170000
v -1.584000 0.125000 0.170000
v -1.584000 0.125000 -0.170000
v -1.416000 0.125000 0.170000
v -1.416000 0.125000 -0.170000
v -1.406213 0.124998 0.170000
v -1.406213 0.124998 -0.170000
v -1.396370 0.124982 0.170000
v -1.396370 0.124981 -0.170000
v -1.386500 0.124938 0.170000
v -1.386500 0.124938 -0.170000
v -1.376630 0.124852 0.170000
v -1.376630 0.124852 -0.170000
v -1.366787 0.124711 0.170000
v -1.366787 0.124711 -0.170000
v -1.357000 0.124500 0.170000
v -1.357000 0.124500 -0.170000
v -1.347296 0.124206 0.170000
v -1.347296 0.124206 -0.170000
v -1.337704 0.123815 0.170000
v -1.337704 0.123815 -0.170000
v -1.328250 0.123313 0.170000
v -1.328250 0.123312 -0.170000
v -1.318963 0.122685 0.170000
v -1.318963 0.122685 -0.170000
v -1.309870 0.121919 0.170000
v -1.309870 0.121919 -0.170000
v -1.301000 0.121000 0.170000
v -1.301000 0.121000 -0.170000
v -1.301000 0.205000 0.170000
v -1.301000 0.205000 -0.170000
v -1.309870 0.204271 0.170000
v -1.309870 0.204271 -0.170000
v -1.318958 0.203588 0.170000
v -1.318958 0.203588 -0.170000
v -1.328234 0.202953 0.170000
v -1.328234 0.202953 -0.170000
v -1.337667 0.202370 0.170000
v -1.337667 0.202370 -0.170000
v -1.347224 0.201843 0.170000
v -1.347224 0.201843 -0.170000
v -1.356875 0.201375 0.170000
v -1.356875 0.201375 -0.170000
v -1.366589 0.200969 0.170000
v -1.366589 0.200969 -0.170000
v -1.376333 0.200630 0.170000
v -1.376333 0.200630 -0.170000
v -1.386078 0.200359 0.170000
v -1.386078 0.200359 -0.170000
v -1.395792 0.200162 0.170000
v -1.395792 0.200162 -0.170000
v -1.405443 0.200041 0.170000
v -1.405443 0.200041 -0.170000
v -1.415000 0.200000 0.170000
v -1.415000 0.200000 -0.170000
v -1.591000 0.200000 0.170000
v -1.591000 0.200000 -0.170000
v -1.591499 0.208041 0.170000
v -1.591499 0.208041 -0.170000
v -1.591991 0.216162 0.170000
v -1.591991 0.216162 -0.170000
v -1.592469 0.224359 0.170000
v -1.592469 0.224359 -0.170000
v -1.592926 0.232630 0.170000
v -1.592926 0.232630 -0.170000
v -1.593355 0.240969 0.170000
v -1.593355 0.240969 -0.170000
v -1.593750 0.249375 0.170000
v -1.593750 0.249375 -0.170000
v -1.594103 0.257843 0.170000
v -1.594103 0.257843 -0.170000
v -1.594407 0.266370 0.170000
v -1.594407 0.266370 -0.170000
v -1.594656 0.274953 0.170000
v -1.594656 0.274953 -0.170000
v -1.594843 0.283588 0.170000
v -1.594843 0.283588 -0.170000
v -1.594959 0.292271 0.170000
v -1.594959 0.292271 -0.170000
v -1.595000 0.301000 0.170000
v -1.595000 0.301000 -0.170000
v -1.594939 0.307025 0.170000
v -1.594939 0.307025 -0.170000
v -1.594759 0.313537 0.170000
v -1.594759 0.313537 -0.170000
v -1.594469 0.320437 0.170000
v -1.594469 0.320437 -0.170000
v -1.594074 0.327630 0.170000
v -1.594074 0.327630 -0.170000
v -1.593582 0.335016 0.170000
v -1.593582 0.335016 -0.170000
v -1.593000 0.342500 0.170000
v -1.593000 0.342500 -0.170000
v -1.592334 0.349984 0.170000
v -1.592334 0.349984 -0.170000
v -1.591593 0.357370 0.170000
v -1.591593 0.357370 -0.170000
v -1.590781 0.364563 0.170000
v -1.590781 0.364563 -0.170000
v -1.589907 0.371463 0.170000
v -1.589907 0.371463 -0.170000
v -1.588978 0.377975 0.170000
v -1.588978 0.377975 -0.170000
v -1.588000 0.384000 0.170000
v -1.588000 0.384000 -0.170000
v -1.682000 0.384000 0.170000
v -1.682000 0.384000 -0.170000
v -1.681271 0.378243 0.170000
v -1.681271 0.378243 -0.170000
v -1.680584 0.372028 0.170000
v -1.680584 0.372028 -0.170000
v -1.679938 0.365438 0.170000
v -1.679938 0.365438 -0.170000
v -1.679334 0.358556 0.170000
v -1.679334 0.358556 -0.170000
v -1.678771 0.351465 0.170000
v -1.678771 0.351465 -0.170000
v -1.678250 0.344250 0.170000
v -1.678250 0.344250 -0.170000
v -1.677771 0.336993 0.170000
v -1.677771 0.336993 -0.170000
v -1.677333 0.329778 0.170000
v -1.677333 0.329778 -0.170000
v -1.676938 0.322687 0.170000
v -1.676938 0.322687 -0.170000
v -1.676583 0.315806 0.170000
v -1.676583 0.315806 -0.170000
v -1.676271 0.309215 0.170000
v -1.676271 0.309215 -0.170000
v -1.676000 0.303000 0.170000
v -1.676000 0.303000 -0.170000
v -1.675730 0.294041 0.170000
v -1.675730 0.294041 -0.170000
v -1.675421 0.285162 0.170000
v -1.675421 0.285162 -0.170000
v -1.675078 0.276359 0.170000
v -1.675078 0.276359 -0.170000
v -1.674704 0.267630 0.170000
v -1.674704 0.267630 -0.170000
v -1.674302 0.258969 0.170000
v -1.674302 0.258969 -0.170000
v -1.673875 0.250375 0.170000
v -1.673875 0.250375 -0.170000
v -1.673428 0.241843 0.170000
v -1.673428 0.241843 -0.170000
v -1.672963 0.233370 0.170000
v -1.672963 0.233370 -0.170000
v -1.672484 0.224953 0.170000
v -1.672484 0.224953 -0.170000
v -1.671995 0.216588 0.170000
v -1.671995 0.216588 -0.170000
v -1.671499 0.208271 0.170000
v -1.671499 0.208271 -0.170000
v -1.671000 0.200000 0.170000
v -1.671000 0.200000 -0.170000
v -1.909000 0.200000 0.170000
v -1.909000 0.200000 -0.170000
v -1.915607 0.200041 0.170000
v -1.915607 0.200041 -0.170000
v -1.921935 0.200162 0.170000
v -1.921935 0.200162 -0.170000
v -1.928000 0.200359 0.170000
v -1.928000 0.200359 -0.170000
v -1.933815 0.200630 0.170000
v -1.933815 0.200630 -0.170000
v -1.939394 0.200969 0.170000
v -1.939394 0.200969 -0.170000
v -1.944750 0.201375 0.170000
v -1.944750 0.201375 -0.170000
v -1.949898 0.201843 0.170000
v -1.949898 0.201843 -0.170000
v -1.954852 0.202370 0.170000
v -1.954852 0.202370 -0.170000
v -1.959625 0.202953 0.170000
v -1.959625 0.202953 -0.170000
v -1.964232 0.203588 0.170000
v -1.964232 0.203588 -0.170000
v -1.968685 0.204271 0.170000
v -1.968685 0.204271 -0.170000
v -1.973000 0.205000 0.170000
v -1.973000 0.205000 -0.170000
v -2.029000 0.177000 0.170000
v -2.029000 0.177000 -0.170000
v -2.028271 0.172713 0.170000
v -2.028271 0.172713 -0.170000
v -2.027588 0.168370 0.170000
v -2.027588 0.168370 -0.170000
v -2.026953 0.164000 0.170000
v -2.026953 0.164000 -0.170000
v -2.026370 0.159630 0.170000
v -2.026370 0.159630 -0.170000
v -2.025843 0.155287 0.170000
v -2.025843 0.155287 -0.170000
v -2.025375 0.151000 0.170000
v -2.025375 0.151000 -0.170000
v -2.024969 0.146796 0.170000
v -2.024969 0.146796 -0.170000
v -2.024630 0.142704 0.170000
v -2.024630 0.142704 -0.170000
v -2.024359 0.138750 0.170000
v -2.024359 0.138750 -0.170000
v -2.024162 0.134963 0.170000
v -2.024162 0.134963 -0.170000
v -2.024041 0.131370 0.170000
v -2.024041 0.131370 -0.170000
v -2.024000 0.128000 0.170000
v -2.024000 0.128000 -0.170000
v -3.029000 -0.044000 0.170000
v -3.029000 -0.044000 -0.170000
v -3.051712 -0.056153 0.170000
v -3.051712 -0.056153 -0.170000
v -3.073032 -0.067727 0.170000
v -3.073032 -0.067727 -0.170000
v -3.093234 -0.078891 0.170000
v -3.093234 -0.078891 -0.170000
v -3.112592 -0.089815 0.170000
v -3.112592 -0.089815 -0.170000
v -3.131381 -0.100670 0.170000
v -3.131381 -0.100670 -0.170000
v -3.149875 -0.111625 0.170000
v -3.149875 -0.111625 -0.170000
v -3.168348 -0.122851 0.170000
v -3.168348 -0.122851 -0.170000
v -3.187074 -0.134519 0.170000
v -3.187074 -0.134519 -0.170000
v -3.206328 -0.146797 0.170000
v -3.206328 -0.146797 -0.170000
v -3.226384 -0.159856 0.170000
v -3.226384 -0.159856 -0.170000
v -3.247517 -0.173867 0.170000
v -3.247517 -0.173867 -0.170000
v -3.270000 -0.189000 0.170000
v -3.270000 -0.189000 -0.170000
v -3.218000 -0.257000 0.170000
v -3.218000 -0.257000 -0.170000
v -3.196777 -0.241480 0.170000
v -3.196777 -0.241480 -0.170000
v -3.176468 -0.226843 0.170000
v -3.176468 -0.226843 -0.170000
v -3.156859 -0.212969 0.170000
v -3.156859 -0.212969 -0.170000
v -3.137741 -0.199741 0.170000
v -3.137741 -0.199741 -0.170000
v -3.118900 -0.187041 0.170000
v -3.118900 -0.187041 -0.170000
v -3.100125 -0.174750 0.170000
v -3.100125 -0.174750 -0.170000
v -3.081204 -0.162751 0.170000
v -3.081204 -0.162751 -0.170000
v -3.061926 -0.150926 0.170000
v -3.061926 -0.150926 -0.170000
v -3.042078 -0.139156 0.170000
v -3.042078 -0.139156 -0.170000
v -3.021449 -0.127324 0.170000
v -3.021449 -0.127324 -0.170000
v -2.999827 -0.115311 0.170000
v -2.999827 -0.115311 -0.170000
v -2.977000 -0.103000 0.170000
v -2.977000 -0.103000 -0.170000
v -3.101808 0.138525 0.170000
v -3.101808 0.138525 -0.170000
v -3.087288 0.122204 0.170000
v -3.087288 0.122204 -0.170000
v -3.071532 0.105187 0.170000
v -3.071532 0.105187 -0.170000
v -3.054630 0.087630 0.170000
v -3.054630 0.087630 -0.170000
v -3.036673 0.069683 0.170000
v -3.036673 0.069683 -0.170000
v -3.017751 0.051500 0.170000
v -3.017751 0.051500 -0.170000
v -2.997953 0.033234 0.170000
v -2.997953 0.033234 -0.170000
v -2.977371 0.015037 0.170000
v -2.977371 0.015037 -0.170000
v -2.956094 -0.002938 0.170000
v -2.956094 -0.002938 -0.170000
v -2.934213 -0.020537 0.170000
v -2.934213 -0.020537 -0.170000
v -2.911819 -0.037609 0.170000
v -2.911819 -0.037609 -0.170000
v -2.889000 -0.054000 0.170000
v -2.889000 -0.054000 -0.170000
v -2.888000 -0.323000 0.170000
v -2.888000 -0.323000 -0.170000
v -2.888060 -0.331925 0.170000
v -2.888060 -0.331925 -0.170000
v -2.888232 -0.341148 0.170000
v -2.888232 -0.341148 -0.170000
v -2.888500 -0.350594 0.170000
v -2.888500 -0.350594 -0.170000
v -2.888852 -0.360185 0.170000
v -2.888852 -0.360185 -0.170000
v -2.889273 -0.369846 0.170000
v -2.889273 -0.369846 -0.170000
v -2.889750 -0.379500 0.170000
v -2.889750 -0.379500 -0.170000
v -2.890269 -0.389071 0.170000
v -2.890269 -0.389071 -0.170000
v -2.890815 -0.398482 0.170000
v -2.890815 -0.398482 -0.170000
v -2.891375 -0.407656 0.170000
v -2.891375 -0.407656 -0.170000
v -2.891935 -0.416519 0.170000
v -2.891935 -0.416519 -0.170000
v -2.892482 -0.424992 0.170000
v -2.892482 -0.424992 -0.170000
v -2.893000 -0.433000 0.170000
v -2.893000 -0.433000 -0.170000
v -2.802000 -0.433000 0.170000
v -2.802000 -0.433000 -0.170000
v -2.802748 -0.425412 0.170000
v -2.802748 -0.425412 -0.170000
v -2.803486 -0.417213 0.170000
v -2.803486 -0.417213 -0.170000
v -2.804203 -0.408500 0.170000
v -2.804203 -0.408500 -0.170000
v -2.804889 -0.399370 0.170000
v -2.804889 -0.399370 -0.170000
v -2.805533 -0.389921 0.170000
v -2.805533 -0.389921 -0.170000
v -2.806125 -0.380250 0.170000
v -2.806125 -0.380250 -0.170000
v -2.806655 -0.370454 0.170000
v -2.806655 -0.370454 -0.170000
v -2.807111 -0.360630 0.170000
v -2.807111 -0.360630 -0.170000
v -2.807485 -0.350875 0.170000
v -2.807485 -0.350875 -0.170000
v -2.807764 -0.341287 0.170000
v -2.807764 -0.341287 -0.170000
v -2.807939 -0.331963 0.170000
v -2.807939 -0.331963 -0.170000
v -2.808000 -0.323000 0.170000
v -2.808000 -0.323000 -0.170000
v -2.809000 -0.105000 0.170000
v -2.809000 -0.105000 -0.170000
v -2.785391 -0.118296 0.170000
v -2.785391 -0.118296 -0.170000
v -2.761046 -0.131199 0.170000
v -2.761046 -0.131199 -0.170000
v -2.735937 -0.143734 0.170000
v -2.735937 -0.143734 -0.170000
v -2.710037 -0.155926 0.170000
v -2.710037 -0.155926 -0.170000
v -2.683317 -0.167798 0.170000
v -2.683317 -0.167798 -0.170000
v -2.655750 -0.179375 0.170000
v -2.655750 -0.179375 -0.170000
v -2.627308 -0.190681 0.170000
v -2.627308 -0.190681 -0.170000
v -2.597963 -0.201741 0.170000
v -2.597963 -0.201741 -0.170000
v -2.567688 -0.212578 0.170000
v -2.567688 -0.212578 -0.170000
v -2.536454 -0.223218 0.170000
v -2.536454 -0.223218 -0.170000
v -2.504234 -0.233683 0.170000
v -2.504234 -0.233683 -0.170000
v -2.471000 -0.244000 0.170000
v -2.471000 -0.244000 -0.170000
v -2.423000 -0.170000 0.170000
v -2.423000 -0.170000 -0.170000
v -2.468935 -0.158329 0.170000
v -2.468935 -0.158329 -0.170000
v -2.512306 -0.145880 0.170000
v -2.512306 -0.145880 -0.170000
v -2.553219 -0.132750 0.170000
v -2.553219 -0.132750 -0.170000
v -2.591778 -0.119037 0.170000
v -2.591778 -0.119037 -0.170000
v -2.628087 -0.104838 0.170000
v -2.628087 -0.104838 -0.170000
v -2.662250 -0.090250 0.170000
v -2.662250 -0.090250 -0.170000
v -2.694372 -0.075370 0.170000
v -2.694372 -0.075370 -0.170000
v -2.724556 -0.060296 0.170000
v -2.724556 -0.060296 -0.170000
v -2.752906 -0.045125 0.170000
v -2.752906 -0.045125 -0.170000
v -2.779528 -0.029954 0.170000
v -2.779528 -0.029954 -0.170000
v -2.804524 -0.014880 0.170000
v -2.804524 -0.014880 -0.170000
v -2.828000 0.000000 0.170000
v -2.828000 -0.000000 -0.170000
v -2.850041 0.014677 0.170000
v -2.850041 0.014677 -0.170000
v -2.871579 0.030083 0.170000
v -2.871579 0.030083 -0.170000
v -2.892485 0.046031 0.170000
v -2.892485 0.046031 -0.170000
v -2.912630 0.062333 0.170000
v -2.912630 0.062333 -0.170000
v -2.931886 0.078802 0.170000
v -2.931886 0.078802 -0.170000
v -2.950125 0.095250 0.170000
v -2.950125 0.095250 -0.170000
v -2.967218 0.111490 0.170000
v -2.967218 0.111490 -0.170000
v -2.983037 0.127333 0.170000
v -2.983037 0.127333 -0.170000
v -2.997453 0.142594 0.170000
v -2.997453 0.142594 -0.170000
v -3.010338 0.157083 0.170000
v -3.010338 0.157083 -0.170000
v -3.021563 0.170615 0.170000
v -3.021563 0.170615 -0.170000
v -3.031000 0.183000 0.170000
v -3.031000 0.183000 -0.170000
v -3.013821 0.183000 0.170000
v -3.013821 0.183000 -0.170000
v -2.987065 0.183000 0.170000
v -2.987065 0.183000 -0.170000
v -2.952657 0.183000 0.170000
v -2.952657 0.183000 -0.170000
v -2.912519 0.183000 0.170000
v -2.912519 0.183000 -0.170000
v -2.868575 0.183000 0.170000
v -2.868575 0.183000 -0.170000
v -2.822750 0.183000 0.170000
v -2.822750 0.183000 -0.170000
v -2.776967 0.183000 0.170000
v -2.776967 0.183000 -0.170000
v -2.733148 0.183000 0.170000
v -2.733148 0.183000 -0.170000
v -2.693219 0.183000 0.170000
v -2.693219 0.183000 -0.170000
v -2.659102 0.183000 0.170000
v -2.659102 0.183000 -0.170000
v -2.632721 0.183000 0.170000
v -2.632721 0.183000 -0.170000
v -2.616000 0.183000 0.170000
v -2.616000 0.183000 -0.170000
v -2.606819 0.182959 0.170000
v -2.606819 0.182959 -0.170000
v -2.596889 0.182843 0.170000
v -2.596889 0.182843 -0.170000
v -2.586375 0.182656 0.170000
v -2.586375 0.182656 -0.170000
v -2.575444 0.182407 0.170000
v -2.575444 0.182407 -0.170000
v -2.564264 0.182103 0.170000
v -2.564264 0.182103 -0.170000
v -2.553000 0.181750 0.170000
v -2.553000 0.181750 -0.170000
v -2.541819 0.181355 0.170000
v -2.541819 0.181355 -0.170000
v -2.530889 0.180926 0.170000
v -2.530889 0.180926 -0.170000
v -2.520375 0.180469 0.170000
v -2.520375 0.180469 -0.170000
v -2.510444 0.179991 0.170000
v -2.510444 0.179991 -0.170000
v -2.501264 0.179499 0.170000
v -2.501264 0.179499 -0.170000
v -2.493000 0.179000 0.170000
v -2.493000 0.179000 -0.170000
v -2.493000 0.263000 0.170000
v -2.493000 0.263000 -0.170000
v -2.501473 0.262061 0.170000
v -2.501473 0.262061 -0.170000
v -2.510782 0.261241 0.170000
v -2.510782 0.261241 -0.170000
v -2.520766 0.260531 0.170000
v -2.520766 0.260531 -0.170000
v -2.531259 0.259926 0.170000
v -2.531259 0.259926 -0.170000
v -2.542100 0.259418 0.170000
v -2.542100 0.259418 -0.170000
v -2.553125 0.259000 0.170000
v -2.553125 0.259000 -0.170000
v -2.564171 0.258666 0.170000
v -2.564171 0.258666 -0.170000
v -2.575074 0.258407 0.170000
v -2.575074 0.258407 -0.170000
v -2.585672 0.258219 0.170000
v -2.585672 0.258219 -0.170000
v -2.595801 0.258093 0.170000
v -2.595801 0.258093 -0.170000
v -2.605298 0.258022 0.170000
v -2.605298 0.258022 -0.170000
v -2.614000 0.258000 0.170000
v -2.614000 0.258000 -0.170000
v -2.810000 0.258000 0.170000
v -2.810000 0.258000 -0.170000
v -2.810000 0.322000 0.170000
v -2.810000 0.322000 -0.170000
v -2.809978 0.329193 0.170000
v -2.809978 0.329193 -0.170000
v -2.809908 0.336713 0.170000
v -2.809908 0.336713 -0.170000
v -2.809782 0.344469 0.170000
v -2.809782 0.344469 -0.170000
v -2.809593 0.352370 0.170000
v -2.809593 0.352370 -0.170000
v -2.809335 0.360328 0.170000
v -2.809335 0.360328 -0.170000
v -2.809000 0.368250 0.170000
v -2.809000 0.368250 -0.170000
v -2.808582 0.376047 0.170000
v -2.808582 0.376047 -0.170000
v -2.808074 0.383630 0.170000
v -2.808074 0.383630 -0.170000
v -2.807469 0.390906 0.170000
v -2.807469 0.390906 -0.170000
v -2.806759 0.397787 0.170000
v -2.806759 0.397787 -0.170000
v -2.805939 0.404182 0.170000
v -2.805939 0.404182 -0.170000
v -2.805000 0.410000 0.170000
v -2.805000 0.410000 -0.170000
v -2.897000 0.410000 0.170000
v -2.897000 0.410000 -0.170000
v -2.896042 0.404182 0.170000
v -2.896042 0.404182 -0.170000
v -2.895167 0.397787 0.170000
v -2.895167 0.397787 -0.170000
v -2.894375 0.390906 0.170000
v -2.894375 0.390906 -0.170000
v -2.893667 0.383630 0.170000
v -2.893667 0.383630 -0.170000
v -2.893042 0.376047 0.170000
v -2.893042 0.376047 -0.170000
v -2.892500 0.368250 0.170000
v -2.892500 0.368250 -0.170000
v -2.892042 0.360328 0.170000
v -2.892042 0.360328 -0.170000
v -2.891667 0.352370 0.170000
v -2.891667 0.352370 -0.170000
v -2.891375 0.344469 0.170000
v -2.891375 0.344469 -0.170000
v -2.891167 0.336713 0.170000
v -2.891167 0.336713 -0.170000
v -2.891042 0.329193 0.170000
v -2.891042 0.329193 -0.170000
v -2.891000 0.322000 0.170000
v -2.891000 0.322000 -0.170000
v -2.891000 0.258000 0.170000
v -2.891000 0.258000 -0.170000
v -3.056000 0.258000 0.170000
v -3.056000 0.258000 -0.170000
v -3.061747 0.258023 0.170000
v -3.061747 0.258023 -0.170000
v -3.067472 0.258097 0.170000
v -3.067472 0.258097 -0.170000
v -3.073156 0.258234 0.170000
v -3.073156 0.258234 -0.170000
v -3.078778 0.258444 0.170000
v -3.078778 0.258444 -0.170000
v -3.084316 0.258738 0.170000
v -3.084316 0.258738 -0.170000
v -3.089750 0.259125 0.170000
v -3.089750 0.259125 -0.170000
v -3.095059 0.259616 0.170000
v -3.095059 0.259616 -0.170000
v -3.100222 0.260222 0.170000
v -3.100222 0.260222 -0.170000
v -3.105219 0.260953 0.170000
v -3.105219 0.260953 -0.170000
v -3.110028 0.261819 0.170000
v -3.110028 0.261819 -0.170000
v -3.114629 0.262832 0.170000
v -3.114629 0.262832 -0.170000
v -3.119000 0.264000 0.170000
v -3.119000 0.264000 -0.170000
v -3.171000 0.214000 0.170000
v -3.171000 0.214000 -0.170000
v -3.166422 0.209172 0.170000
v -3.166422 0.209172 -0.170000
v -3.161713 0.204208 0.170000
v -3.161713 0.204208 -0.170000
v -3.156906 0.199141 0.170000
v -3.156906 0.199141 -0.170000
v -3.152037 0.194000 0.170000
v -3.152037 0.194000 -0.170000
v -3.147140 0.188818 0.170000
v -3.147140 0.188818 -0.170000
v -3.142250 0.183625 0.170000
v -3.142250 0.183625 -0.170000
v -3.137402 0.178453 0.170000
v -3.137402 0.178453 -0.170000
v -3.132630 0.173333 0.170000
v -3.132630 0.173333 -0.170000
v -3.127969 0.168297 0.170000
v -3.127969 0.168297 -0.170000
v -3.123454 0.163375 0.170000
v -3.123454 0.163375 -0.170000
v -3.119119 0.158599 0.170000
v -3.119119 0.158599 -0.170000
v -3.115000 0.154000 0.170000
v -3.115000 0.154000 -0.170000
vn -0.0000 -0.0000 -1.0000
vn -0.0001 -0.0000 -1.0000
vn -0.0000 -0.0000 1.0000
vn -0.0001 -0.0000 1.0000
vn -0.9804 -0.1969 -0.0000
vn -0.9840 -0.1784 -0.0000
vn -0.9762 -0.2167 -0.0000
vn -0.9713 -0.2379 -0.0000
vn -0.9653 -0.2610 -0.0000
vn -0.9582 -0.2862 -0.0000
vn -0.9495 -0.3139 -0.0000
vn -0.9388 -0.3445 -0.0000
vn -0.9256 -0.3784 -0.0000
vn -0.9093 -0.4161 -0.0000
vn -0.8889 -0.4582 -0.0000
vn -0.9093 -0.4162 -0.0000
vn -0.8631 -0.5050 -0.0000
vn -0.8280 -0.5607 -0.0000
vn -0.7843 -0.6203 -0.0000
vn -0.7376 -0.6752 -0.0000
vn -0.6885 -0.7253 -0.0000
vn -0.6374 -0.7705 -0.0000
vn -0.5850 -0.8110 -0.0000
vn -0.5317 -0.8469 -0.0000
vn -0.4779 -0.8784 -0.0000
vn -0.4239 -0.9057 -0.0000
vn -0.3701 -0.9290 -0.0000
vn -0.3166 -0.9486 -0.0000
vn 0.2776 -0.9607 -0.0000
vn 0.9397 0.3420 -0.0000
vn 0.1696 0.9855 -0.0000
vn 0.1918 0.9814 -0.0000
vn 0.2121 0.9772 -0.0000
vn 0.2309 0.9730 -0.0000
vn 0.2483 0.9687 -0.0000
vn 0.2647 0.9643 -0.0000
vn 0.2802 0.9599 -0.0000
vn 0.2951 0.9555 -0.0000
vn 0.3094 0.9509 -0.0000
vn 0.3234 0.9463 -0.0000
vn 0.3373 0.9414 -0.0000
vn 0.3234 0.9462 -0.0000
vn 0.3381 0.9411 -0.0000
vn 0.3579 0.9338 -0.0000
vn 0.4076 0.9132 -0.0000
vn 0.4544 0.8908 -0.0000
vn 0.4992 0.8665 -0.0000
vn 0.5427 0.8399 -0.0000
vn 0.5855 0.8107 -0.0000
vn 0.6280 0.7782 -0.0000
vn 0.6706 0.7418 -0.0000
vn 0.7134 0.7007 -0.0000
vn 0.7565 0.6540 -0.0000
vn 0.7995 0.6006 -0.0000
vn 0.8407 0.5415 -0.0000
vn 0.8735 0.4869 -0.0000
vn 0.8973 0.4414 -0.0000
vn 0.8734 0.4869 -0.0000
vn 0.9165 0.4000 -0.0000
vn 0.9321 0.3622 -0.0000
vn 0.9165 0.4001 -0.0000
vn 0.9450 0.3272 -0.0000
vn 0.9557 0.2943 -0.0000
vn 0.9450 0.3271 -0.0000
vn 0.9648 0.2629 -0.0000
vn 0.9726 0.2324 -0.0000
vn 0.9794 0.2021 -0.0000
vn 0.9852 0.1712 -0.0000
vn 0.9903 0.1388 -0.0000
vn 0.7490 -0.6625 -0.0000
vn -0.7071 -0.7071 -0.0000
vn 0.7490 -0.6626 -0.0000
vn -1.0000 -0.0000 -0.0000
vn -1.0000 0.0024 -0.0000
vn -1.0000 0.0092 -0.0000
vn -1.0000 0.0023 -0.0000
vn -0.9998 0.0179 -0.0000
vn -1.0000 0.0091 -0.0000
vn -0.9996 0.0269 -0.0000
vn -0.9998 0.0180 -0.0000
vn -0.9993 0.0365 -0.0000
vn -0.9996 0.0271 -0.0000
vn -0.9989 0.0468 -0.0000
vn -0.9993 0.0366 -0.0000
vn -0.9983 0.0583 -0.0000
vn -0.9989 0.0469 -0.0000
vn -0.9975 0.0712 -0.0000
vn -0.9983 0.0582 -0.0000
vn -0.9963 0.0862 -0.0000
vn -0.9975 0.0711 -0.0000
vn -0.9946 0.1037 -0.0000
vn -0.9963 0.0861 -0.0000
vn -0.9921 0.1251 -0.0000
vn -0.9884 0.1516 -0.0000
vn -0.7637 -0.6456 -0.0000
vn -0.9884 0.1518 -0.0000
vn 0.7423 -0.6701 -0.0000
vn -0.7638 -0.6455 -0.0000
vn 0.9955 0.0946 -0.0000
vn 0.7422 -0.6701 -0.0000
vn 0.9967 0.0812 -0.0000
vn 0.9975 0.0700 -0.0000
vn 0.9967 0.0813 -0.0000
vn 0.9982 0.0604 -0.0000
vn 0.9975 0.0701 -0.0000
vn 0.9987 0.0518 -0.0000
vn 0.9990 0.0439 -0.0000
vn 0.9993 0.0366 -0.0000
vn 0.9990 0.0441 -0.0000
vn 0.9996 0.0297 -0.0000
vn 0.9993 0.0368 -0.0000
vn 0.9997 0.0228 -0.0000
vn 0.9999 0.0157 -0.0000
vn 0.9997 0.0227 -0.0000
vn 1.0000 0.0081 -0.0000
vn 1.0000 0.0021 -0.0000
vn 1.0000 0.0082 -0.0000
vn 1.0000 -0.0000 -0.0000
vn 1.0000 -0.0002 -0.0000
vn 1.0000 -0.0012 -0.0000
vn 1.0000 -0.0036 -0.0000
vn 1.0000 -0.0074 -0.0000
vn 0.9999 -0.0126 -0.0000
vn 1.0000 -0.0075 -0.0000
vn 0.9998 -0.0192 -0.0000
vn 0.9999 -0.0127 -0.0000
vn 0.9996 -0.0273 -0.0000
vn 0.9993 -0.0372 -0.0000
vn 0.9996 -0.0274 -0.0000
vn 0.9988 -0.0493 -0.0000
vn 0.9993 -0.0373 -0.0000
vn 0.9979 -0.0642 -0.0000
vn 0.9988 -0.0494 -0.0000
vn 0.9966 -0.0827 -0.0000
vn 0.9944 -0.1061 -0.0000
vn 0.9966 -0.0828 -0.0000
vn 0.7149 0.6993 -0.0000
vn 0.9943 -0.1063 -0.0000
vn -0.0917 0.9958 -0.0000
vn 0.7149 0.6992 -0.0000
vn -0.0807 0.9967 -0.0000
vn -0.0701 0.9975 -0.0000
vn -0.0599 0.9982 -0.0000
vn -0.0502 0.9987 -0.0000
vn -0.0410 0.9992 -0.0000
vn -0.0325 0.9995 -0.0000
vn -0.0247 0.9997 -0.0000
vn -0.0175 0.9998 -0.0000
vn -0.0110 0.9999 -0.0000
vn -0.0052 1.0000 -0.0000
vn -0.0012 1.0000 -0.0000
vn 0.7071 0.7071 -0.0000
vn 1.0000 -0.0021 -0.0000
vn 1.0000 -0.0086 -0.0000
vn 0.9998 -0.0180 -0.0000
vn 1.0000 -0.0085 -0.0000
vn 0.9996 -0.0280 -0.0000
vn 0.9998 -0.0179 -0.0000
vn 0.9992 -0.0388 -0.0000
vn 0.9988 -0.0499 -0.0000
vn 0.9993 -0.0387 -0.0000
vn 0.9981 -0.0611 -0.0000
vn 0.9988 -0.0498 -0.0000
vn 0.9974 -0.0726 -0.0000
vn 0.9981 -0.0613 -0.0000
vn 0.9965 -0.0841 -0.0000
vn 0.9974 -0.0727 -0.0000
vn 0.9954 -0.0955 -0.0000
vn 0.9943 -0.1066 -0.0000
vn 0.9931 -0.1175 -0.0000
vn 0.7493 0.6623 -0.0000
vn -0.7590 0.6511 -0.0000
vn 0.7493 0.6622 -0.0000
vn -0.9894 -0.1450 -0.0000
vn -0.9915 -0.1305 -0.0000
vn -0.9933 -0.1157 -0.0000
vn -0.9949 -0.1008 -0.0000
vn -0.9963 -0.0859 -0.0000
vn -0.9975 -0.0713 -0.0000
vn -0.9963 -0.0860 -0.0000
vn -0.9984 -0.0572 -0.0000
vn -0.9974 -0.0714 -0.0000
vn -0.9990 -0.0436 -0.0000
vn -0.9995 -0.0309 -0.0000
vn -0.9998 -0.0193 -0.0000
vn -0.9995 -0.0310 -0.0000
vn -1.0000 -0.0090 -0.0000
vn -0.9998 -0.0194 -0.0000
vn -1.0000 -0.0021 -0.0000
vn -1.0000 -0.0091 -0.0000
vn -0.7071 0.7071 -0.0000
vn -1.0000 -0.0022 -0.0000
vn 0.0035 1.0000 -0.0000
vn 0.0147 0.9999 -0.0000
vn 0.0313 0.9995 -0.0000
vn 0.0502 0.9987 -0.0000
vn 0.0719 0.9974 -0.0000
vn 0.0965 0.9953 -0.0000
vn 0.1244 0.9922 -0.0000
vn 0.1558 0.9878 -0.0000
vn 0.1908 0.9816 -0.0000
vn 0.2292 0.9734 -0.0000
vn 0.2705 0.9627 -0.0000
vn 0.3142 0.9494 -0.0000
vn 0.2706 0.9627 -0.0000
vn -0.1092 0.9940 -0.0000
vn -0.9395 0.3426 -0.0000
vn -0.1093 0.9940 -0.0000
vn -0.9555 -0.2951 -0.0000
vn -0.9606 -0.2781 -0.0000
vn -0.9643 -0.2648 -0.0000
vn -0.9605 -0.2782 -0.0000
vn -0.9672 -0.2540 -0.0000
vn -0.9695 -0.2450 -0.0000
vn -0.9714 -0.2374 -0.0000
vn -0.9730 -0.2308 -0.0000
vn -0.9744 -0.2250 -0.0000
vn -0.9756 -0.2197 -0.0000
vn -0.9744 -0.2249 -0.0000
vn -0.9766 -0.2149 -0.0000
vn -0.9776 -0.2104 -0.0000
vn -0.9820 -0.1888 -0.0000
vn 0.9555 -0.2951 -0.0000
vn 0.4566 -0.8897 -0.0000
vn 0.4567 -0.8896 -0.0000
vn 0.9502 -0.3117 -0.0000
vn 0.9464 -0.3231 -0.0000
vn 0.9433 -0.3321 -0.0000
vn 0.9405 -0.3398 -0.0000
vn 0.9379 -0.3470 -0.0000
vn 0.9405 -0.3397 -0.0000
vn 0.9351 -0.3543 -0.0000
vn 0.9320 -0.3625 -0.0000
vn 0.9351 -0.3544 -0.0000
vn 0.9281 -0.3723 -0.0000
vn 0.9228 -0.3853 -0.0000
vn 0.9281 -0.3724 -0.0000
vn 0.9146 -0.4044 -0.0000
vn 0.9179 0.3968 -0.0000
vn -0.4035 0.9150 -0.0000
vn -0.9191 0.3941 -0.0000
vn -0.4034 0.9150 -0.0000
vn -0.9250 0.3800 -0.0000
vn -0.9288 0.3707 -0.0000
vn -0.9315 0.3637 -0.0000
vn -0.9338 0.3579 -0.0000
vn -0.9358 0.3526 -0.0000
vn -0.9378 0.3472 -0.0000
vn -0.9399 0.3414 -0.0000
vn -0.9378 0.3473 -0.0000
vn -0.9424 0.3345 -0.0000
vn -0.9456 0.3253 -0.0000
vn -0.9502 0.3116 -0.0000
vn -0.8940 -0.4482 -0.0000
vn -0.9589 -0.2839 -0.0000
vn -0.9658 -0.2593 -0.0000
vn -0.9658 -0.2594 -0.0000
vn -0.9510 -0.3090 -0.0000
vn -0.9422 -0.3352 -0.0000
vn -0.9320 -0.3625 -0.0000
vn -0.9203 -0.3913 -0.0000
vn -0.9067 -0.4217 -0.0000
vn -0.8910 -0.4540 -0.0000
vn -0.8727 -0.4883 -0.0000
vn -0.8511 -0.5250 -0.0000
vn -0.8258 -0.5639 -0.0000
vn -0.8511 -0.5249 -0.0000
vn -0.7965 -0.6046 -0.0000
vn -0.7641 -0.6451 -0.0000
vn -0.7301 -0.6834 -0.0000
vn -0.6954 -0.7186 -0.0000
vn -0.6602 -0.7511 -0.0000
vn -0.6243 -0.7812 -0.0000
vn -0.5875 -0.8092 -0.0000
vn -0.5498 -0.8353 -0.0000
vn -0.5107 -0.8597 -0.0000
vn -0.4701 -0.8826 -0.0000
vn -0.4274 -0.9041 -0.0000
vn -0.3822 -0.9241 -0.0000
vn 0.2112 -0.9774 -0.0000
vn 0.9714 0.2374 -0.0000
vn 0.3334 0.9428 -0.0000
vn 0.3820 0.9241 -0.0000
vn 0.4280 0.9038 -0.0000
vn 0.4717 0.8818 -0.0000
vn 0.5137 0.8579 -0.0000
vn 0.4717 0.8817 -0.0000
vn 0.5544 0.8322 -0.0000
vn 0.5941 0.8044 -0.0000
vn 0.6329 0.7742 -0.0000
vn 0.6712 0.7413 -0.0000
vn 0.7090 0.7052 -0.0000
vn 0.7463 0.6657 -0.0000
vn 0.7874 0.6165 -0.0000
vn 0.8256 0.5642 -0.0000
vn 0.8549 0.5187 -0.0000
vn 0.8793 0.4762 -0.0000
vn 0.8999 0.4361 -0.0000
vn 0.9175 0.3977 -0.0000
vn 0.9327 0.3606 -0.0000
vn 0.9460 0.3240 -0.0000
vn 0.9578 0.2876 -0.0000
vn 0.9681 0.2507 -0.0000
vn 0.9771 0.2129 -0.0000
vn 0.9848 0.1735 -0.0000
vn 0.5403 0.8415 -0.0000
vn -0.8969 0.4422 -0.0000
vn -0.9326 -0.3609 -0.0000
vn -0.9390 -0.3438 -0.0000
vn -0.9443 -0.3292 -0.0000
vn -0.9486 -0.3165 -0.0000
vn -0.9523 -0.3052 -0.0000
vn -0.9486 -0.3164 -0.0000
vn -0.9583 -0.2857 -0.0000
vn -0.9609 -0.2770 -0.0000
vn -0.9633 -0.2685 -0.0000
vn -0.9609 -0.2769 -0.0000
vn -0.9656 -0.2602 -0.0000
vn -0.9678 -0.2516 -0.0000
vn -0.9656 -0.2601 -0.0000
vn -0.9690 -0.2472 -0.0000
vn 0.9470 -0.3213 -0.0000
vn 0.4367 -0.8996 -0.0000
vn 0.9358 -0.3525 -0.0000
vn 0.9321 -0.3622 -0.0000
vn 0.9288 -0.3705 -0.0000
vn 0.9257 -0.3783 -0.0000
vn 0.9224 -0.3862 -0.0000
vn 0.9257 -0.3782 -0.0000
vn 0.9187 -0.3950 -0.0000
vn 0.9139 -0.4060 -0.0000
vn 0.9069 -0.4213 -0.0000
vn 0.8951 -0.4458 -0.0000
vn 0.9324 0.3614 -0.0000
vn -0.3861 0.9225 -0.0000
vn -0.9129 0.4082 -0.0000
vn -0.9168 0.3992 -0.0000
vn -0.9196 0.3929 -0.0000
vn -0.9168 0.3993 -0.0000
vn -0.9217 0.3878 -0.0000
vn -0.9236 0.3834 -0.0000
vn -0.9253 0.3792 -0.0000
vn -0.9271 0.3749 -0.0000
vn -0.9289 0.3702 -0.0000
vn -0.9311 0.3647 -0.0000
vn -0.9339 0.3576 -0.0000
vn -0.9376 0.3477 -0.0000
vn -0.9068 -0.4215 -0.0000
vn -0.9069 -0.4214 -0.0000
vn -1.0000 -0.0061 -0.0000
vn -0.9996 -0.0267 -0.0000
vn -0.9982 -0.0594 -0.0000
vn -0.9950 -0.0999 -0.0000
vn -0.9982 -0.0593 -0.0000
vn -0.9888 -0.1493 -0.0000
vn -0.9781 -0.2079 -0.0000
vn -0.9614 -0.2750 -0.0000
vn -0.9375 -0.3479 -0.0000
vn -0.9064 -0.4224 -0.0000
vn -0.8700 -0.4931 -0.0000
vn -0.8320 -0.5548 -0.0000
vn -0.7968 -0.6042 -0.0000
vn -0.7617 -0.6479 -0.0000
vn -0.7172 -0.6969 -0.0000
vn -0.6663 -0.7457 -0.0000
vn -0.6174 -0.7867 -0.0000
vn -0.5712 -0.8208 -0.0000
vn -0.5283 -0.8490 -0.0000
vn -0.4888 -0.8724 -0.0000
vn -0.4529 -0.8916 -0.0000
vn -0.4204 -0.9073 -0.0000
vn -0.3913 -0.9202 -0.0000
vn -0.3657 -0.9307 -0.0000
vn -0.3434 -0.9392 -0.0000
vn 0.2355 -0.9719 -0.0000
vn 0.9619 0.2734 -0.0000
vn 0.2752 0.9614 -0.0000
vn 0.3098 0.9508 -0.0000
vn 0.3469 0.9379 -0.0000
vn 0.3863 0.9224 -0.0000
vn 0.4279 0.9038 -0.0000
vn 0.4715 0.8819 -0.0000
vn 0.5167 0.8561 -0.0000
vn 0.5632 0.8263 -0.0000
vn 0.6104 0.7921 -0.0000
vn 0.6575 0.7534 -0.0000
vn 0.7039 0.7103 -0.0000
vn 0.7550 0.6557 -0.0000
vn 0.8058 0.5921 -0.0000
vn 0.8517 0.5240 -0.0000
vn 0.8945 0.4471 -0.0000
vn 0.9305 0.3663 -0.0000
vn 0.9578 0.2874 -0.0000
vn 0.9765 0.2154 -0.0000
vn 0.9881 0.1537 -0.0000
vn 0.9946 0.1034 -0.0000
vn 0.9979 0.0643 -0.0000
vn 0.9994 0.0352 -0.0000
vn 0.9999 0.0146 -0.0000
vn 1.0000 0.0031 -0.0000
vn 1.0000 -0.0025 -0.0000
vn 1.0000 -0.0099 -0.0000
vn 1.0000 -0.0024 -0.0000
vn 0.9998 -0.0199 -0.0000
vn 0.9995 -0.0300 -0.0000
vn 0.9992 -0.0402 -0.0000
vn 0.9987 -0.0505 -0.0000
vn 0.9982 -0.0607 -0.0000
vn 0.9975 -0.0709 -0.0000
vn 0.9967 -0.0810 -0.0000
vn 0.9959 -0.0909 -0.0000
vn 0.9949 -0.1006 -0.0000
vn 0.9939 -0.1100 -0.0000
vn 0.7465 0.6653 -0.0000
vn -0.7334 0.6798 -0.0000
vn 0.7466 0.6653 -0.0000
vn -0.9974 -0.0717 -0.0000
vn -0.9980 -0.0638 -0.0000
vn -0.9984 -0.0561 -0.0000
vn -0.9988 -0.0488 -0.0000
vn -0.9991 -0.0416 -0.0000
vn -0.9994 -0.0348 -0.0000
vn -0.9996 -0.0282 -0.0000
vn -0.9998 -0.0220 -0.0000
vn -0.9996 -0.0283 -0.0000
vn -0.9999 -0.0161 -0.0000
vn -0.9999 -0.0104 -0.0000
vn -1.0000 -0.0051 -0.0000
vn -1.0000 -0.0012 -0.0000
vn -1.0000 0.0032 -0.0000
vn -0.9999 0.0119 -0.0000
vn -0.9997 0.0224 -0.0000
vn -0.9995 0.0316 -0.0000
vn -0.9992 0.0399 -0.0000
vn -0.9989 0.0476 -0.0000
vn -0.9985 0.0549 -0.0000
vn -0.9981 0.0622 -0.0000
vn -0.9985 0.0550 -0.0000
vn -0.9976 0.0697 -0.0000
vn -0.9981 0.0623 -0.0000
vn -0.9970 0.0778 -0.0000
vn -0.9976 0.0698 -0.0000
vn -0.9962 0.0868 -0.0000
vn -0.9952 0.0975 -0.0000
vn -0.9962 0.0869 -0.0000
vn -0.7428 -0.6695 -0.0000
vn 0.7502 -0.6612 -0.0000
vn 0.9928 0.1201 -0.0000
vn 0.9940 0.1097 -0.0000
vn 0.9928 0.1202 -0.0000
vn 0.9950 0.1003 -0.0000
vn 0.9958 0.0913 -0.0000
vn 0.9966 0.0823 -0.0000
vn 0.9973 0.0731 -0.0000
vn 0.9980 0.0634 -0.0000
vn 0.9986 0.0530 -0.0000
vn 0.9991 0.0417 -0.0000
vn 0.9996 0.0292 -0.0000
vn 0.9999 0.0153 -0.0000
vn 1.0000 0.0040 -0.0000
vn 1.0000 -0.0042 -0.0000
vn 0.9999 -0.0150 -0.0000
vn 0.9996 -0.0265 -0.0000
vn 0.9999 -0.0149 -0.0000
vn 0.9994 -0.0356 -0.0000
vn 0.9991 -0.0431 -0.0000
vn 0.9984 -0.0560 -0.0000
vn 0.9981 -0.0620 -0.0000
vn 0.9977 -0.0683 -0.0000
vn 0.9972 -0.0751 -0.0000
vn 0.9966 -0.0830 -0.0000
vn 0.9957 -0.0926 -0.0000
vn 0.7410 0.6716 -0.0000
vn -0.7417 0.6707 -0.0000
vn 0.7410 0.6715 -0.0000
vn -0.9954 -0.0962 -0.0000
vn -0.9961 -0.0884 -0.0000
vn -0.9967 -0.0810 -0.0000
vn -0.9973 -0.0739 -0.0000
vn -0.9978 -0.0667 -0.0000
vn -0.9973 -0.0738 -0.0000
vn -0.9982 -0.0592 -0.0000
vn -0.9978 -0.0666 -0.0000
vn -0.9987 -0.0515 -0.0000
vn -0.9991 -0.0431 -0.0000
vn -0.9987 -0.0514 -0.0000
vn -0.9994 -0.0340 -0.0000
vn -0.9997 -0.0240 -0.0000
vn -0.9999 -0.0127 -0.0000
vn -1.0000 -0.0033 -0.0000
vn -0.9575 -0.2886 -0.0000
vn -0.8599 0.5104 -0.0000
vn -0.9611 -0.2762 -0.0000
vn -0.9640 -0.2660 -0.0000
vn -0.9662 -0.2576 -0.0000
vn -0.9681 -0.2507 -0.0000
vn -0.9695 -0.2449 -0.0000
vn -0.9707 -0.2403 -0.0000
vn -0.9716 -0.2366 -0.0000
vn -0.9723 -0.2339 -0.0000
vn -0.9727 -0.2321 -0.0000
vn -0.9729 -0.2314 -0.0000
vn -0.9727 -0.2322 -0.0000
vn -0.9753 -0.2207 -0.0000
vn -0.9767 -0.2145 -0.0000
vn -0.9748 -0.2232 -0.0000
vn -0.9727 -0.2319 -0.0000
vn -0.9705 -0.2410 -0.0000
vn -0.9680 -0.2510 -0.0000
vn -0.9651 -0.2620 -0.0000
vn -0.9616 -0.2744 -0.0000
vn -0.9574 -0.2887 -0.0000
vn -0.9522 -0.3055 -0.0000
vn -0.9456 -0.3253 -0.0000
vn -0.9370 -0.3492 -0.0000
vn -0.9280 -0.3727 -0.0000
vn -0.9198 -0.3923 -0.0000
vn -0.9119 -0.4104 -0.0000
vn -0.9041 -0.4273 -0.0000
vn -0.8963 -0.4434 -0.0000
vn -0.8885 -0.4589 -0.0000
vn -0.8805 -0.4741 -0.0000
vn -0.8722 -0.4891 -0.0000
vn -0.8636 -0.5042 -0.0000
vn -0.8545 -0.5195 -0.0000
vn -0.8447 -0.5352 -0.0000
vn -0.8341 -0.5516 -0.0000
vn -0.2840 -0.9588 -0.0000
vn 0.9644 -0.2645 -0.0000
vn 0.8131 0.5821 -0.0000
vn 0.8278 0.5610 -0.0000
vn 0.8409 0.5412 -0.0000
vn 0.8526 0.5226 -0.0000
vn 0.8633 0.5048 -0.0000
vn 0.8731 0.4875 -0.0000
vn 0.8824 0.4705 -0.0000
vn 0.8912 0.4536 -0.0000
vn 0.8998 0.4363 -0.0000
vn 0.9082 0.4184 -0.0000
vn 0.9168 0.3995 -0.0000
vn 0.9239 0.3826 -0.0000
vn 0.9318 0.3630 -0.0000
vn 0.9408 0.3389 -0.0000
vn 0.9484 0.3172 -0.0000
vn 0.9549 0.2969 -0.0000
vn 0.9607 0.2776 -0.0000
vn 0.9660 0.2586 -0.0000
vn 0.9709 0.2394 -0.0000
vn 0.9756 0.2196 -0.0000
vn 0.9801 0.1985 -0.0000
vn 0.9845 0.1756 -0.0000
vn 0.9887 0.1498 -0.0000
vn 0.5789 0.8154 -0.0000
vn -0.8887 0.4584 -0.0000
vn -0.3739 0.9275 -0.0000
vn -0.8940 0.4480 -0.0000
vn -0.8983 0.4394 -0.0000
vn -0.9018 0.4321 -0.0000
vn -0.9050 0.4254 -0.0000
vn -0.9019 0.4320 -0.0000
vn -0.9080 0.4191 -0.0000
vn -0.9108 0.4129 -0.0000
vn -0.9136 0.4067 -0.0000
vn -0.9165 0.4001 -0.0000
vn -0.9196 0.3930 -0.0000
vn -0.9229 0.3850 -0.0000
vn -0.9265 0.3762 -0.0000
vn -0.9305 0.3664 -0.0000
vn -0.9342 0.3568 -0.0000
vn -0.9372 0.3487 -0.0000
vn -0.9398 0.3416 -0.0000
vn -0.9421 0.3353 -0.0000
vn -0.9442 0.3294 -0.0000
vn -0.9462 0.3236 -0.0000
vn -0.9482 0.3178 -0.0000
vn -0.9524 0.3048 -0.0000
vn -0.9549 0.2969 -0.0000
vn -0.8872 -0.4613 -0.0000
vn 0.4818 -0.8763 -0.0000
vn 0.9666 -0.2562 -0.0000
vn 0.9623 -0.2719 -0.0000
vn 0.9585 -0.2852 -0.0000
vn 0.9550 -0.2967 -0.0000
vn 0.9517 -0.3069 -0.0000
vn 0.9487 -0.3161 -0.0000
vn 0.9459 -0.3245 -0.0000
vn 0.9432 -0.3322 -0.0000
vn 0.9406 -0.3396 -0.0000
vn 0.9380 -0.3467 -0.0000
vn 0.9354 -0.3537 -0.0000
vn 0.9321 -0.3621 -0.0000
vn 0.9284 -0.3717 -0.0000
vn 0.9247 -0.3806 -0.0000
vn 0.9213 -0.3889 -0.0000
vn 0.9179 -0.3969 -0.0000
vn 0.9143 -0.4050 -0.0000
vn 0.9105 -0.4135 -0.0000
vn 0.9063 -0.4226 -0.0000
vn 0.9015 -0.4327 -0.0000
vn 0.8958 -0.4444 -0.0000
vn 0.8887 -0.4584 -0.0000
vn 0.8795 -0.4758 -0.0000
vn 0.9320 0.3626 -0.0000
vn 0.8889 -0.4580 -0.0000
vn 0.3347 -0.9423 -0.0000
vn 0.8839 -0.4677 -0.0000
vn 0.8791 -0.4766 -0.0000
vn 0.8744 -0.4852 -0.0000
vn 0.8697 -0.4936 -0.0000
vn 0.8744 -0.4851 -0.0000
vn 0.8647 -0.5023 -0.0000
vn 0.8592 -0.5116 -0.0000
vn 0.8532 -0.5216 -0.0000
vn 0.8462 -0.5329 -0.0000
vn 0.8379 -0.5459 -0.0000
vn 0.8277 -0.5612 -0.0000
vn 0.8378 -0.5459 -0.0000
vn 0.9617 0.2741 -0.0000
vn 0.8276 -0.5612 -0.0000
vn -0.2781 0.9606 -0.0000
vn -0.8309 0.5564 -0.0000
vn -0.2781 0.9605 -0.0000
vn -0.8386 0.5447 -0.0000
vn -0.8449 0.5350 -0.0000
vn -0.8501 0.5266 -0.0000
vn -0.8548 0.5190 -0.0000
vn -0.8590 0.5120 -0.0000
vn -0.8630 0.5052 -0.0000
vn -0.8669 0.4984 -0.0000
vn -0.8710 0.4914 -0.0000
vn -0.8752 0.4837 -0.0000
vn -0.8709 0.4914 -0.0000
vn -0.8800 0.4750 -0.0000
vn -0.9456 -0.3254 -0.0000
vn 0.8850 -0.4655 -0.0000
vn 0.3273 -0.9449 -0.0000
vn 0.8800 -0.4750 -0.0000
vn 0.8851 -0.4655 -0.0000
vn 0.8749 -0.4843 -0.0000
vn 0.8642 -0.5032 -0.0000
vn 0.8582 -0.5133 -0.0000
vn 0.8516 -0.5242 -0.0000
vn 0.8441 -0.5362 -0.0000
vn 0.8354 -0.5496 -0.0000
vn 0.8251 -0.5650 -0.0000
vn 0.8126 -0.5828 -0.0000
vn 0.9655 0.2606 -0.0000
vn 0.8126 -0.5829 -0.0000
vn -0.2741 0.9617 -0.0000
vn -0.8252 0.5649 -0.0000
vn -0.8312 0.5560 -0.0000
vn -0.8365 0.5480 -0.0000
vn -0.8415 0.5403 -0.0000
vn -0.8464 0.5325 -0.0000
vn -0.8514 0.5245 -0.0000
vn -0.8568 0.5157 -0.0000
vn -0.8627 0.5057 -0.0000
vn -0.8694 0.4940 -0.0000
vn -0.8775 0.4796 -0.0000
vn -0.8695 0.4940 -0.0000
vn -0.8873 0.4612 -0.0000
vn -0.9431 -0.3326 -0.0000
vn -0.9988 -0.0494 -0.0000
vn -0.9990 -0.0443 -0.0000
vn -0.9984 -0.0569 -0.0000
vn -0.9969 -0.0790 -0.0000
vn -0.9955 -0.0946 -0.0000
vn -0.9934 -0.1147 -0.0000
vn -0.9900 -0.1411 -0.0000
vn -0.9842 -0.1772 -0.0000
vn -0.9735 -0.2288 -0.0000
vn -0.9515 -0.3076 -0.0000
vn -0.9136 -0.4067 -0.0000
vn -0.8689 -0.4951 -0.0000
vn -0.8195 -0.5730 -0.0000
vn -0.7565 -0.6540 -0.0000
vn -0.8195 -0.5731 -0.0000
vn -0.6797 -0.7335 -0.0000
vn -0.5911 -0.8066 -0.0000
vn -0.4946 -0.8691 -0.0000
vn -0.5910 -0.8066 -0.0000
vn -0.3957 -0.9184 -0.0000
vn -0.2996 -0.9541 -0.0000
vn -0.2103 -0.9776 -0.0000
vn -0.1304 -0.9915 -0.0000
vn -0.0608 -0.9982 -0.0000
vn -0.0119 -0.9999 -0.0000
vn 0.0092 -1.0000 -0.0000
vn 0.0177 -0.9998 -0.0000
vn 0.0255 -0.9997 -0.0000
vn 0.0327 -0.9995 -0.0000
vn 0.0393 -0.9992 -0.0000
vn 0.0456 -0.9990 -0.0000
vn 0.0514 -0.9987 -0.0000
vn 0.0569 -0.9984 -0.0000
vn 0.0621 -0.9981 -0.0000
vn 0.0671 -0.9977 -0.0000
vn 0.0720 -0.9974 -0.0000
vn 0.6908 -0.7230 -0.0000
vn 0.7054 0.7088 -0.0000
vn -0.1199 0.9928 -0.0000
vn 0.7055 0.7088 -0.0000
vn -0.1112 0.9938 -0.0000
vn -0.1023 0.9948 -0.0000
vn -0.0932 0.9956 -0.0000
vn -0.0838 0.9965 -0.0000
vn -0.0740 0.9973 -0.0000
vn -0.0637 0.9980 -0.0000
vn -0.0528 0.9986 -0.0000
vn -0.0412 0.9992 -0.0000
vn -0.0286 0.9996 -0.0000
vn -0.0149 0.9999 -0.0000
vn 0.0083 1.0000 -0.0000
vn 0.0525 0.9986 -0.0000
vn 0.1145 0.9934 -0.0000
vn 0.1879 0.9822 -0.0000
vn 0.2726 0.9621 -0.0000
vn 0.3667 0.9303 -0.0000
vn 0.4667 0.8844 -0.0000
vn 0.5671 0.8237 -0.0000
vn 0.6616 0.7498 -0.0000
vn 0.7450 0.6671 -0.0000
vn 0.8140 0.5809 -0.0000
vn 0.8680 0.4966 -0.0000
vn 0.9108 0.4128 -0.0000
vn 0.9475 0.3199 -0.0000
vn 0.9714 0.2375 -0.0000
vn 0.9830 0.1836 -0.0000
vn 0.9893 0.1457 -0.0000
vn 0.9931 0.1172 -0.0000
vn 0.9955 0.0949 -0.0000
vn 0.9971 0.0765 -0.0000
vn 0.9982 0.0606 -0.0000
vn 0.9989 0.0462 -0.0000
vn 0.9995 0.0322 -0.0000
vn 0.9999 0.0173 -0.0000
vn 0.7104 -0.7038 -0.0000
vn -0.6524 -0.7579 -0.0000
vn -0.9844 -0.1759 -0.0000
vn -0.9725 -0.2330 -0.0000
vn -0.9553 -0.2956 -0.0000
vn -0.9319 -0.3627 -0.0000
vn -0.9015 -0.4328 -0.0000
vn -0.8639 -0.5037 -0.0000
vn -0.8197 -0.5728 -0.0000
vn -0.7705 -0.6375 -0.0000
vn -0.7183 -0.6958 -0.0000
vn -0.6656 -0.7463 -0.0000
vn -0.6150 -0.7886 -0.0000
vn 0.0242 -0.9997 -0.0000
vn 0.9960 0.0895 -0.0000
vn 0.4900 0.8717 -0.0000
vn 0.9960 0.0894 -0.0000
vn 0.5093 0.8606 -0.0000
vn 0.5272 0.8497 -0.0000
vn 0.5445 0.8388 -0.0000
vn 0.5613 0.8276 -0.0000
vn 0.5781 0.8159 -0.0000
vn 0.5952 0.8036 -0.0000
vn 0.5781 0.8160 -0.0000
vn 0.6129 0.7901 -0.0000
vn 0.6315 0.7754 -0.0000
vn 0.6512 0.7589 -0.0000
vn 0.6724 0.7402 -0.0000
vn 0.6883 0.7254 -0.0000
vn 0.7141 0.7000 -0.0000
vn 0.7947 0.6070 -0.0000
vn 0.8320 0.5547 -0.0000
vn 0.8662 0.4998 -0.0000
vn 0.8964 0.4433 -0.0000
vn 0.9222 0.3866 -0.0000
vn 0.9437 0.3307 -0.0000
vn 0.9610 0.2765 -0.0000
vn 0.9744 0.2247 -0.0000
vn 0.9844 0.1759 -0.0000
vn 0.7590 -0.6511 -0.0000
vn -0.0001 -1.0000 -0.0000
vn 0.7590 -0.6510 -0.0000
vn -0.0009 -1.0000 -0.0000
vn -0.0031 -1.0000 -0.0000
vn -0.0066 -1.0000 -0.0000
vn -0.0115 -0.9999 -0.0000
vn -0.0179 -0.9998 -0.0000
vn -0.0259 -0.9997 -0.0000
vn -0.0355 -0.9994 -0.0000
vn -0.0469 -0.9989 -0.0000
vn -0.0602 -0.9982 -0.0000
vn -0.0757 -0.9971 -0.0000
vn -0.0935 -0.9956 -0.0000
vn 0.6697 -0.7427 -0.0000
vn 0.6775 0.7355 -0.0000
vn -0.0784 0.9969 -0.0000
vn -0.0716 0.9974 -0.0000
vn -0.0650 0.9979 -0.0000
vn -0.0584 0.9983 -0.0000
vn -0.0518 0.9987 -0.0000
vn -0.0451 0.9990 -0.0000
vn -0.0383 0.9993 -0.0000
vn -0.0313 0.9995 -0.0000
vn -0.0240 0.9997 -0.0000
vn -0.0164 0.9999 -0.0000
vn -0.0084 1.0000 -0.0000
vn -0.0021 1.0000 -0.0000
vn 0.6849 0.7286 -0.0000
vn 0.9981 0.0612 -0.0000
vn 0.6849 0.7287 -0.0000
vn 0.9982 0.0593 -0.0000
vn 0.9984 0.0567 -0.0000
vn 0.9986 0.0533 -0.0000
vn 0.9988 0.0492 -0.0000
vn 0.9990 0.0443 -0.0000
vn 0.9993 0.0387 -0.0000
vn 0.9995 0.0323 -0.0000
vn 0.9993 0.0386 -0.0000
vn 0.9997 0.0253 -0.0000
vn 0.9998 0.0175 -0.0000
vn 1.0000 0.0091 -0.0000
vn 1.0000 -0.0028 -0.0000
vn 1.0000 0.0090 -0.0000
vn 0.9998 -0.0189 -0.0000
vn 0.9994 -0.0348 -0.0000
vn 0.9998 -0.0188 -0.0000
vn 0.9988 -0.0484 -0.0000
vn 0.9982 -0.0606 -0.0000
vn 0.9974 -0.0720 -0.0000
vn 0.9965 -0.0831 -0.0000
vn 0.9956 -0.0942 -0.0000
vn 0.9944 -0.1060 -0.0000
vn 0.9955 -0.0943 -0.0000
vn 0.9929 -0.1189 -0.0000
vn 0.9911 -0.1335 -0.0000
vn 0.9886 -0.1508 -0.0000
vn 0.9911 -0.1334 -0.0000
vn 0.7617 0.6480 -0.0000
vn 0.9886 -0.1507 -0.0000
vn -0.7502 0.6612 -0.0000
vn -0.9930 -0.1178 -0.0000
vn -0.9946 -0.1037 -0.0000
vn -0.9957 -0.0925 -0.0000
vn -0.9965 -0.0833 -0.0000
vn -0.9971 -0.0755 -0.0000
vn -0.9976 -0.0689 -0.0000
vn -0.9980 -0.0632 -0.0000
vn -0.9983 -0.0581 -0.0000
vn -0.9986 -0.0536 -0.0000
vn -0.9990 -0.0455 -0.0000
vn -0.9993 -0.0369 -0.0000
vn -0.9990 -0.0454 -0.0000
vn -0.9995 -0.0324 -0.0000
vn -0.9993 -0.0368 -0.0000
vn -0.9992 -0.0409 -0.0000
vn -0.9990 -0.0446 -0.0000
vn -0.9988 -0.0480 -0.0000
vn -0.9987 -0.0510 -0.0000
vn -0.9984 -0.0558 -0.0000
vn -0.9983 -0.0576 -0.0000
vn -0.9983 -0.0590 -0.0000
vn -0.9983 -0.0575 -0.0000
vn -0.9982 -0.0599 -0.0000
vn -0.9983 -0.0589 -0.0000
vn -0.7281 0.6855 -0.0000
vn 0.0031 1.0000 -0.0000
vn 0.0127 0.9999 -0.0000
vn 0.0258 0.9997 -0.0000
vn 0.0395 0.9992 -0.0000
vn 0.0536 0.9986 -0.0000
vn 0.0681 0.9977 -0.0000
vn 0.0830 0.9965 -0.0000
vn 0.0682 0.9977 -0.0000
vn 0.0982 0.9952 -0.0000
vn 0.1135 0.9935 -0.0000
vn 0.1289 0.9917 -0.0000
vn 0.1441 0.9896 -0.0000
vn 0.1591 0.9873 -0.0000
vn -0.1476 0.9890 -0.0000
vn -0.8918 0.4523 -0.0000
vn -0.9869 -0.1615 -0.0000
vn -0.8919 0.4523 -0.0000
vn -0.9888 -0.1496 -0.0000
vn -0.9869 -0.1616 -0.0000
vn -0.9904 -0.1380 -0.0000
vn -0.9887 -0.1497 -0.0000
vn -0.9920 -0.1263 -0.0000
vn -0.9904 -0.1379 -0.0000
vn -0.9934 -0.1145 -0.0000
vn -0.9920 -0.1264 -0.0000
vn -0.9948 -0.1023 -0.0000
vn -0.9960 -0.0894 -0.0000
vn -0.9947 -0.1023 -0.0000
vn -0.9972 -0.0754 -0.0000
vn -0.9982 -0.0600 -0.0000
vn -0.9991 -0.0428 -0.0000
vn -0.9982 -0.0602 -0.0000
vn -0.9997 -0.0229 -0.0000
vn -0.9991 -0.0429 -0.0000
vn -0.9996 -0.0273 -0.0000
vn -0.4744 0.8803 -0.0000
vn 0.1776 0.9841 -0.0000
vn -0.4804 0.8771 -0.0000
vn -0.4876 0.8731 -0.0000
vn -0.4959 0.8684 -0.0000
vn -0.5050 0.8631 -0.0000
vn -0.5145 0.8575 -0.0000
vn -0.5241 0.8517 -0.0000
vn -0.5333 0.8460 -0.0000
vn -0.5417 0.8406 -0.0000
vn -0.5491 0.8357 -0.0000
vn -0.5555 0.8315 -0.0000
vn -0.9868 0.1621 -0.0000
vn -0.1428 -0.9898 -0.0000
vn 0.5875 -0.8092 -0.0000
vn 0.5812 -0.8138 -0.0000
vn 0.5733 -0.8193 -0.0000
vn 0.5811 -0.8138 -0.0000
vn 0.5640 -0.8258 -0.0000
vn 0.5733 -0.8194 -0.0000
vn 0.5533 -0.8330 -0.0000
vn 0.5416 -0.8406 -0.0000
vn 0.5292 -0.8485 -0.0000
vn 0.5165 -0.8563 -0.0000
vn 0.5038 -0.8638 -0.0000
vn 0.4916 -0.8708 -0.0000
vn 0.4802 -0.8772 -0.0000
vn 0.9844 -0.1760 -0.0000
vn -0.7405 -0.6721 -0.0000
vn -0.7541 -0.6568 -0.0000
vn -0.7271 -0.6865 -0.0000
vn -0.7137 -0.7004 -0.0000
vn -0.6999 -0.7142 -0.0000
vn -0.7137 -0.7005 -0.0000
vn -0.6855 -0.7281 -0.0000
vn -0.6703 -0.7421 -0.0000
vn -0.6855 -0.7280 -0.0000
vn -0.6539 -0.7566 -0.0000
vn -0.6361 -0.7716 -0.0000
vn -0.6166 -0.7873 -0.0000
vn -0.5949 -0.8038 -0.0000
vn -0.8889 -0.4581 -0.0000
vn -1.0000 0.0015 -0.0000
vn -0.8889 -0.4580 -0.0000
vn -0.9999 0.0127 -0.0000
vn -0.9997 0.0235 -0.0000
vn -0.9995 0.0325 -0.0000
vn -0.9992 0.0401 -0.0000
vn -0.9989 0.0464 -0.0000
vn -0.9987 0.0517 -0.0000
vn -0.9989 0.0465 -0.0000
vn -0.9984 0.0560 -0.0000
vn -0.9982 0.0594 -0.0000
vn -0.9981 0.0620 -0.0000
vn -0.9982 0.0595 -0.0000
vn -0.9980 0.0637 -0.0000
vn -0.9979 0.0645 -0.0000
vn -0.7296 -0.6839 -0.0000
vn 0.7410 -0.6715 -0.0000
vn -0.7296 -0.6838 -0.0000
vn 0.9956 0.0939 -0.0000
vn 0.9963 0.0858 -0.0000
vn 0.9969 0.0785 -0.0000
vn 0.9974 0.0715 -0.0000
vn 0.9969 0.0784 -0.0000
vn 0.9979 0.0645 -0.0000
vn 0.9983 0.0575 -0.0000
vn 0.9979 0.0646 -0.0000
vn 0.9987 0.0502 -0.0000
vn 0.9983 0.0576 -0.0000
vn 0.9991 0.0423 -0.0000
vn 0.9994 0.0337 -0.0000
vn 0.9991 0.0424 -0.0000
vn 0.9997 0.0240 -0.0000
vn 0.9999 0.0128 -0.0000
vn 1.0000 0.0057 -0.0000
vn 0.5066 -0.8622 -0.0000
vn -0.4795 -0.8775 -0.0000
vn -0.4575 -0.8892 -0.0000
vn -0.4363 -0.8998 -0.0000
vn -0.4160 -0.9094 -0.0000
vn -0.3966 -0.9180 -0.0000
vn -0.3783 -0.9257 -0.0000
vn -0.3611 -0.9325 -0.0000
vn -0.3449 -0.9387 -0.0000
vn -0.3610 -0.9325 -0.0000
vn -0.3297 -0.9441 -0.0000
vn -0.3157 -0.9489 -0.0000
vn -0.3027 -0.9531 -0.0000
vn 0.3403 -0.9403 -0.0000
vn 0.9311 0.3647 -0.0000
vn 0.3402 -0.9403 -0.0000
vn 0.2611 0.9653 -0.0000
vn 0.2908 0.9568 -0.0000
vn 0.3204 0.9473 -0.0000
vn 0.3497 0.9369 -0.0000
vn 0.3785 0.9256 -0.0000
vn 0.4066 0.9136 -0.0000
vn 0.4336 0.9011 -0.0000
vn 0.4594 0.8883 -0.0000
vn 0.4835 0.8753 -0.0000
vn 0.4593 0.8883 -0.0000
vn 0.5058 0.8626 -0.0000
vn 0.5259 0.8505 -0.0000
vn 0.5448 0.8385 -0.0000
vn 0.5681 0.8230 -0.0000
vn 0.5942 0.8043 -0.0000
vn 0.6178 0.7863 -0.0000
vn 0.6396 0.7687 -0.0000
vn 0.6179 0.7863 -0.0000
vn 0.6599 0.7514 -0.0000
vn 0.6793 0.7339 -0.0000
vn 0.6983 0.7158 -0.0000
vn 0.7174 0.6967 -0.0000
vn 0.7372 0.6757 -0.0000
vn 0.7586 0.6516 -0.0000
vn 0.7827 0.6224 -0.0000
vn 0.8961 -0.4438 -0.0000
vn -0.0000 -1.0000 -0.0000
vn -0.0022 -1.0000 -0.0000
vn -0.0081 -1.0000 -0.0000
vn -0.0147 -0.9999 -0.0000
vn -0.0202 -0.9998 -0.0000
vn -0.0250 -0.9997 -0.0000
vn -0.0293 -0.9996 -0.0000
vn -0.0333 -0.9994 -0.0000
vn -0.0373 -0.9993 -0.0000
vn -0.0413 -0.9991 -0.0000
vn -0.0458 -0.9990 -0.0000
vn -0.0508 -0.9987 -0.0000
vn -0.0569 -0.9984 -0.0000
vn 0.6855 -0.7281 -0.0000
vn 0.6670 0.7450 -0.0000
vn -0.0990 0.9951 -0.0000
vn -0.0794 0.9968 -0.0000
vn -0.0642 0.9979 -0.0000
vn -0.0793 0.9968 -0.0000
vn -0.0522 0.9986 -0.0000
vn -0.0423 0.9991 -0.0000
vn -0.0341 0.9994 -0.0000
vn -0.0270 0.9996 -0.0000
vn -0.0207 0.9998 -0.0000
vn -0.0151 0.9999 -0.0000
vn -0.0099 1.0000 -0.0000
vn -0.0050 1.0000 -0.0000
vn -0.0013 1.0000 -0.0000
vn 1.0000 -0.0015 -0.0000
vn 1.0000 -0.0062 -0.0000
vn 0.9999 -0.0128 -0.0000
vn 0.9998 -0.0201 -0.0000
vn 0.9996 -0.0281 -0.0000
vn 0.9998 -0.0200 -0.0000
vn 0.9996 -0.0282 -0.0000
vn 0.9989 -0.0479 -0.0000
vn 0.9982 -0.0602 -0.0000
vn 0.9989 -0.0478 -0.0000
vn 0.9972 -0.0749 -0.0000
vn 0.9957 -0.0927 -0.0000
vn 0.9934 -0.1149 -0.0000
vn 0.9957 -0.0928 -0.0000
vn 0.9897 -0.1433 -0.0000
vn 0.7613 0.6484 -0.0000
vn -0.7624 0.6471 -0.0000
vn 0.7614 0.6483 -0.0000
vn -0.9888 -0.1491 -0.0000
vn -0.9922 -0.1249 -0.0000
vn -0.9944 -0.1055 -0.0000
vn -0.9922 -0.1250 -0.0000
vn -0.9960 -0.0895 -0.0000
vn -0.9944 -0.1056 -0.0000
vn -0.9971 -0.0757 -0.0000
vn -0.9980 -0.0635 -0.0000
vn -0.9986 -0.0524 -0.0000
vn -0.9991 -0.0420 -0.0000
vn -0.9995 -0.0319 -0.0000
vn -0.9998 -0.0217 -0.0000
vn -0.9995 -0.0318 -0.0000
vn -0.9999 -0.0112 -0.0000
vn -1.0000 -0.0029 -0.0000
vn 0.0020 1.0000 -0.0000
vn 0.0085 1.0000 -0.0000
vn 0.0186 0.9998 -0.0000
vn 0.0307 0.9995 -0.0000
vn 0.0451 0.9990 -0.0000
vn 0.0620 0.9981 -0.0000
vn 0.0816 0.9967 -0.0000
vn 0.1044 0.9945 -0.0000
vn 0.1307 0.9914 -0.0000
vn 0.1610 0.9869 -0.0000
vn 0.1961 0.9806 -0.0000
vn 0.2366 0.9716 -0.0000
vn -0.2496 0.9683 -0.0000
vn -0.9997 0.0231 -0.0000
vn -0.7256 -0.6882 -0.0000
vn -0.7255 -0.6882 -0.0000
vn -0.7258 -0.6879 -0.0000
vn -0.7264 -0.6872 -0.0000
vn -0.7274 -0.6862 -0.0000
vn -0.7288 -0.6847 -0.0000
vn -0.7305 -0.6829 -0.0000
vn -0.7288 -0.6848 -0.0000
vn -0.7327 -0.6805 -0.0000
vn -0.7354 -0.6776 -0.0000
vn -0.7387 -0.6740 -0.0000
vn -0.7427 -0.6696 -0.0000
vn -0.7530 -0.6581 -0.0000
vn -0.7530 -0.6580 -0.0000
vt 0.786458 0.000000
vt 0.796875 0.000000
vt 0.791667 0.000000
vt 0.802083 0.000000
vt 0.781250 0.000000
vt 0.807292 0.000000
vt 0.776042 0.000000
vt 0.812500 0.000000
vt 0.770833 0.000000
vt 0.817708 0.000000
vt 0.765625 0.000000
vt 0.822917 0.000000
vt 0.760417 0.000000
vt 0.828125 0.000000
vt 0.755208 0.000000
vt 0.833333 0.000000
vt 0.750000 0.000000
vt 0.838542 0.000000
vt 0.744792 0.000000
vt 0.843750 0.000000
vt 0.739583 0.000000
vt 0.848958 0.000000
vt 0.734375 0.000000
vt 0.854167 0.000000
vt 0.729167 0.000000
vt 0.859375 0.000000
vt 0.723958 0.000000
vt 0.864583 0.000000
vt 0.927083 0.000000
vt 0.937500 0.000000
vt 0.932292 0.000000
vt 0.651042 0.000000
vt 0.661458 0.000000
vt 0.656250 0.000000
vt 0.921875 0.000000
vt 0.666667 0.000000
vt 0.916667 0.000000
vt 0.671875 0.000000
vt 0.911458 0.000000
vt 0.677083 0.000000
vt 0.906250 0.000000
vt 0.682292 0.000000
vt 0.901042 0.000000
vt 0.687500 0.000000
vt 0.895833 0.000000
vt 0.692708 0.000000
vt 0.890625 0.000000
vt 0.697917 0.000000
vt 0.885417 0.000000
vt 0.703125 0.000000
vt 0.880208 0.000000
vt 0.708333 0.000000
vt 0.875000 0.000000
vt 0.713542 0.000000
vt 0.869792 0.000000
vt 0.718750 0.000000
vt 0.645833 0.000000
vt 0.640625 0.000000
vt 0.635417 0.000000
vt 0.942708 0.000000
vt 0.630208 0.000000
vt 0.625000 0.000000
vt 0.947917 0.000000
vt 0.619792 0.000000
vt 0.614583 0.000000
vt 0.953125 0.000000
vt 0.609375 0.000000
vt 0.604167 0.000000
vt 0.958333 0.000000
vt 0.598958 0.000000
vt 0.593750 0.000000
vt 0.963542 0.000000
vt 0.588542 0.000000
vt 0.968750 0.000000
vt 0.583333 0.000000
vt 0.572917 0.000000
vt 0.557292 0.000000
vt 0.546875 0.000000
vt 0.541667 0.000000
vt 0.536458 0.000000
vt 0.531250 0.000000
vt 0.526042 0.000000
vt 0.973958 0.000000
vt 0.578125 0.000000
vt 0.567708 0.000000
vt 0.562500 0.000000
vt 0.552083 0.000000
vt 0.520833 0.000000
vt 0.979167 0.000000
vt 0.984375 0.000000
vt 0.515625 0.000000
vt 0.989583 0.000000
vt 0.994792 0.000000
vt 1.000000 0.000000
vt 0.510417 0.000000
vt 0.135417 0.000000
vt 0.505208 0.000000
vt 0.140625 0.000000
vt 0.500000 0.000000
vt 0.145833 0.000000
vt 0.494792 0.000000
vt 0.151042 0.000000
vt 0.489583 0.000000
vt 0.156250 0.000000
vt 0.484375 0.000000
vt 0.161458 0.000000
vt 0.479167 0.000000
vt 0.166667 0.000000
vt 0.473958 0.000000
vt 0.171875 0.000000
vt 0.468750 0.000000
vt 0.177083 0.000000
vt 0.463542 0.000000
vt 0.458333 0.000000
vt 0.182292 0.000000
vt 0.453125 0.000000
vt 0.187500 0.000000
vt 0.447917 0.000000
vt 0.192708 0.000000
vt 0.130208 0.000000
vt 0.005208 0.000000
vt 0.000000 0.000000
vt 0.442708 0.000000
vt 0.333333 0.000000
vt 0.197917 0.000000
vt 0.010417 0.000000
vt 0.437500 0.000000
vt 0.015625 0.000000
vt 0.432292 0.000000
vt 0.020833 0.000000
vt 0.026042 0.000000
vt 0.427083 0.000000
vt 0.031250 0.000000
vt 0.125000 0.000000
vt 0.421875 0.000000
vt 0.338542 0.000000
vt 0.328125 0.000000
vt 0.036458 0.000000
vt 0.119792 0.000000
vt 0.343750 0.000000
vt 0.416667 0.000000
vt 0.041667 0.000000
vt 0.114583 0.000000
vt 0.348958 0.000000
vt 0.411458 0.000000
vt 0.046875 0.000000
vt 0.109375 0.000000
vt 0.354167 0.000000
vt 0.406250 0.000000
vt 0.052083 0.000000
vt 0.104167 0.000000
vt 0.359375 0.000000
vt 0.401042 0.000000
vt 0.057292 0.000000
vt 0.098958 0.000000
vt 0.364583 0.000000
vt 0.395833 0.000000
vt 0.062500 0.000000
vt 0.093750 0.000000
vt 0.369792 0.000000
vt 0.088542 0.000000
vt 0.083333 0.000000
vt 0.078125 0.000000
vt 0.072917 0.000000
vt 0.067708 0.000000
vt 0.375000 0.000000
vt 0.380208 0.000000
vt 0.385417 0.000000
vt 0.390625 0.000000
vt 0.322917 0.000000
vt 0.203125 0.000000
vt 0.208333 0.000000
vt 0.317708 0.000000
vt 0.213542 0.000000
vt 0.312500 0.000000
vt 0.218750 0.000000
vt 0.307292 0.000000
vt 0.223958 0.000000
vt 0.302083 0.000000
vt 0.229167 0.000000
vt 0.296875 0.000000
vt 0.234375 0.000000
vt 0.291667 0.000000
vt 0.239583 0.000000
vt 0.286458 0.000000
vt 0.244792 0.000000
vt 0.281250 0.000000
vt 0.250000 0.000000
vt 0.276042 0.000000
vt 0.255208 0.000000
vt 0.270833 0.000000
vt 0.260417 0.000000
vt 0.265625 0.000000
vt 0.143939 0.000000
vt 0.151515 0.000000
vt 0.147727 0.000000
vt 0.155303 0.000000
vt 0.159091 0.000000
vt 0.140152 0.000000
vt 0.162879 0.000000
vt 0.136364 0.000000
vt 0.045455 0.000000
vt 0.053030 0.000000
vt 0.049242 0.000000
vt 0.132576 0.000000
vt 0.803030 0.000000
vt 0.810606 0.000000
vt 0.806818 0.000000
vt 0.814394 0.000000
vt 0.056818 0.000000
vt 0.128788 0.000000
vt 0.818182 0.000000
vt 0.799242 0.000000
vt 0.170455 0.000000
vt 0.060606 0.000000
vt 0.821970 0.000000
vt 0.795455 0.000000
vt 0.825758 0.000000
vt 0.174242 0.000000
vt 0.064394 0.000000
vt 0.037879 0.000000
vt 0.829545 0.000000
vt 0.787879 0.000000
vt 0.121212 0.000000
vt 0.178030 0.000000
vt 0.068182 0.000000
vt 0.784091 0.000000
vt 0.034091 0.000000
vt 0.837121 0.000000
vt 0.117424 0.000000
vt 0.780303 0.000000
vt 0.181818 0.000000
vt 0.071970 0.000000
vt 0.030303 0.000000
vt 0.840909 0.000000
vt 0.776515 0.000000
vt 0.113636 0.000000
vt 0.844697 0.000000
vt 0.185606 0.000000
vt 0.772727 0.000000
vt 0.026515 0.000000
vt 0.075758 0.000000
vt 0.848485 0.000000
vt 0.768939 0.000000
vt 0.109848 0.000000
vt 0.189394 0.000000
vt 0.852273 0.000000
vt 0.022727 0.000000
vt 0.079545 0.000000
vt 0.765152 0.000000
vt 0.856061 0.000000
vt 0.106061 0.000000
vt 0.761364 0.000000
vt 0.193182 0.000000
vt 0.859848 0.000000
vt 0.018939 0.000000
vt 0.757576 0.000000
vt 0.102273 0.000000
vt 0.098485 0.000000
vt 0.863636 0.000000
vt 0.753788 0.000000
vt 0.015152 0.000000
vt 0.087121 0.000000
vt 0.867424 0.000000
vt 0.090909 0.000000
vt 0.011364 0.000000
vt 0.871212 0.000000
vt 0.746212 0.000000
vt 0.094697 0.000000
vt 0.742424 0.000000
vt 0.007576 0.000000
vt 0.878788 0.000000
vt 0.738636 0.000000
vt 0.003788 0.000000
vt 0.882576 0.000000
vt 0.734848 0.000000
vt 0.886364 0.000000
vt 0.731061 0.000000
vt 0.890152 0.000000
vt 0.727273 0.000000
vt 0.893939 0.000000
vt 0.723485 0.000000
vt 0.897727 0.000000
vt 0.719697 0.000000
vt 0.901515 0.000000
vt 0.715909 0.000000
vt 0.662879 0.000000
vt 0.670455 0.000000
vt 0.946970 0.000000
vt 0.954545 0.000000
vt 0.950758 0.000000
vt 0.674242 0.000000
vt 0.943182 0.000000
vt 0.678030 0.000000
vt 0.939394 0.000000
vt 0.681818 0.000000
vt 0.935606 0.000000
vt 0.685606 0.000000
vt 0.931818 0.000000
vt 0.689394 0.000000
vt 0.928030 0.000000
vt 0.693182 0.000000
vt 0.924242 0.000000
vt 0.696970 0.000000
vt 0.920455 0.000000
vt 0.700758 0.000000
vt 0.704545 0.000000
vt 0.912879 0.000000
vt 0.909091 0.000000
vt 0.712121 0.000000
vt 0.905303 0.000000
vt 0.659091 0.000000
vt 0.655303 0.000000
vt 0.651515 0.000000
vt 0.962121 0.000000
vt 0.965909 0.000000
vt 0.647727 0.000000
vt 0.969697 0.000000
vt 0.973485 0.000000
vt 0.643939 0.000000
vt 0.977273 0.000000
vt 0.981061 0.000000
vt 0.640152 0.000000
vt 0.984848 0.000000
vt 0.636364 0.000000
vt 0.988636 0.000000
vt 0.992424 0.000000
vt 0.632576 0.000000
vt 0.996212 0.000000
vt 0.628788 0.000000
vt 0.621212 0.000000
vt 0.617424 0.000000
vt 0.613636 0.000000
vt 0.473485 0.000000
vt 0.469697 0.000000
vt 0.196970 0.000000
vt 0.609848 0.000000
vt 0.477273 0.000000
vt 0.465909 0.000000
vt 0.200758 0.000000
vt 0.462121 0.000000
vt 0.606061 0.000000
vt 0.204545 0.000000
vt 0.481061 0.000000
vt 0.602273 0.000000
vt 0.454545 0.000000
vt 0.484848 0.000000
vt 0.598485 0.000000
vt 0.450758 0.000000
vt 0.212121 0.000000
vt 0.594697 0.000000
vt 0.446970 0.000000
vt 0.215909 0.000000
vt 0.488636 0.000000
vt 0.590909 0.000000
vt 0.443182 0.000000
vt 0.219697 0.000000
vt 0.492424 0.000000
vt 0.587121 0.000000
vt 0.439394 0.000000
vt 0.223485 0.000000
vt 0.496212 0.000000
vt 0.435606 0.000000
vt 0.579545 0.000000
vt 0.227273 0.000000
vt 0.431818 0.000000
vt 0.575758 0.000000
vt 0.571970 0.000000
vt 0.231061 0.000000
vt 0.428030 0.000000
vt 0.503788 0.000000
vt 0.568182 0.000000
vt 0.424242 0.000000
vt 0.234848 0.000000
vt 0.564394 0.000000
vt 0.507576 0.000000
vt 0.560606 0.000000
vt 0.420455 0.000000
vt 0.556818 0.000000
vt 0.412879 0.000000
vt 0.553030 0.000000
vt 0.409091 0.000000
vt 0.405303 0.000000
vt 0.549242 0.000000
vt 0.329545 0.000000
vt 0.337121 0.000000
vt 0.238636 0.000000
vt 0.401515 0.000000
vt 0.340909 0.000000
vt 0.344697 0.000000
vt 0.397727 0.000000
vt 0.348485 0.000000
vt 0.545455 0.000000
vt 0.352273 0.000000
vt 0.393939 0.000000
vt 0.356061 0.000000
vt 0.390152 0.000000
vt 0.359848 0.000000
vt 0.511364 0.000000
vt 0.363636 0.000000
vt 0.386364 0.000000
vt 0.367424 0.000000
vt 0.371212 0.000000
vt 0.382576 0.000000
vt 0.378788 0.000000
vt 0.537879 0.000000
vt 0.534091 0.000000
vt 0.242424 0.000000
vt 0.530303 0.000000
vt 0.526515 0.000000
vt 0.246212 0.000000
vt 0.522727 0.000000
vt 0.515152 0.000000
vt 0.518939 0.000000
vt 0.253788 0.000000
vt 0.257576 0.000000
vt 0.261364 0.000000
vt 0.265152 0.000000
vt 0.268939 0.000000
vt 0.325758 0.000000
vt 0.272727 0.000000
vt 0.321970 0.000000
vt 0.318182 0.000000
vt 0.314394 0.000000
vt 0.276515 0.000000
vt 0.310606 0.000000
vt 0.306818 0.000000
vt 0.303030 0.000000
vt 0.280303 0.000000
vt 0.299242 0.000000
vt 0.295455 0.000000
vt 0.284091 0.000000
vt 0.287879 0.000000
vt 0.990991 0.000000
vt 0.450450 0.000000
vt 0.459459 0.000000
vt 0.468468 0.000000
vt 0.981982 0.000000
vt 0.477477 0.000000
vt 0.486486 0.000000
vt 0.495495 0.000000
vt 0.504505 0.000000
vt 0.513514 0.000000
vt 0.972973 0.000000
vt 0.522523 0.000000
vt 0.531532 0.000000
vt 0.540541 0.000000
vt 0.549550 0.000000
vt 0.558559 0.000000
vt 0.567568 0.000000
vt 0.963964 0.000000
vt 0.576577 0.000000
vt 0.954955 0.000000
vt 0.585586 0.000000
vt 0.594595 0.000000
vt 0.945946 0.000000
vt 0.603604 0.000000
vt 0.936937 0.000000
vt 0.612613 0.000000
vt 0.927928 0.000000
vt 0.621622 0.000000
vt 0.918919 0.000000
vt 0.630631 0.000000
vt 0.909910 0.000000
vt 0.639640 0.000000
vt 0.900901 0.000000
vt 0.648649 0.000000
vt 0.891892 0.000000
vt 0.657658 0.000000
vt 0.882883 0.000000
vt 0.873874 0.000000
vt 0.675676 0.000000
vt 0.864865 0.000000
vt 0.684685 0.000000
vt 0.855856 0.000000
vt 0.693694 0.000000
vt 0.846847 0.000000
vt 0.702703 0.000000
vt 0.837838 0.000000
vt 0.711712 0.000000
vt 0.828829 0.000000
vt 0.720721 0.000000
vt 0.819820 0.000000
vt 0.729730 0.000000
vt 0.810811 0.000000
vt 0.738739 0.000000
vt 0.801802 0.000000
vt 0.747748 0.000000
vt 0.792793 0.000000
vt 0.756757 0.000000
vt 0.783784 0.000000
vt 0.765766 0.000000
vt 0.774775 0.000000
vt 0.441441 0.000000
vt 0.009009 0.000000
vt 0.018018 0.000000
vt 0.432432 0.000000
vt 0.027027 0.000000
vt 0.423423 0.000000
vt 0.036036 0.000000
vt 0.414414 0.000000
vt 0.045045 0.000000
vt 0.405405 0.000000
vt 0.054054 0.000000
vt 0.396396 0.000000
vt 0.063063 0.000000
vt 0.387387 0.000000
vt 0.072072 0.000000
vt 0.378378 0.000000
vt 0.369369 0.000000
vt 0.081081 0.000000
vt 0.360360 0.000000
vt 0.090090 0.000000
vt 0.351351 0.000000
vt 0.099099 0.000000
vt 0.108108 0.000000
vt 0.342342 0.000000
vt 0.117117 0.000000
vt 0.126126 0.000000
vt 0.324324 0.000000
vt 0.135135 0.000000
vt 0.315315 0.000000
vt 0.144144 0.000000
vt 0.306306 0.000000
vt 0.297297 0.000000
vt 0.153153 0.000000
vt 0.288288 0.000000
vt 0.162162 0.000000
vt 0.279279 0.000000
vt 0.171171 0.000000
vt 0.270270 0.000000
vt 0.180180 0.000000
vt 0.261261 0.000000
vt 0.189189 0.000000
vt 0.252252 0.000000
vt 0.198198 0.000000
vt 0.243243 0.000000
vt 0.207207 0.000000
vt 0.234234 0.000000
vt 0.216216 0.000000
vt 0.225225 0.000000
vt 0.918129 0.000000
vt 0.929825 0.000000
vt 0.923977 0.000000
vt 0.935673 0.000000
vt 0.912281 0.000000
vt 0.941520 0.000000
vt 0.906433 0.000000
vt 0.947368 0.000000
vt 0.900585 0.000000
vt 0.953216 0.000000
vt 0.894737 0.000000
vt 0.959064 0.000000
vt 0.888889 0.000000
vt 0.964912 0.000000
vt 0.883041 0.000000
vt 0.970760 0.000000
vt 0.877193 0.000000
vt 0.976608 0.000000
vt 0.871345 0.000000
vt 0.982456 0.000000
vt 0.865497 0.000000
vt 0.988304 0.000000
vt 0.859649 0.000000
vt 0.994152 0.000000
vt 0.853801 0.000000
vt 0.847953 0.000000
vt 0.432749 0.000000
vt 0.842105 0.000000
vt 0.438596 0.000000
vt 0.836257 0.000000
vt 0.444444 0.000000
vt 0.830409 0.000000
vt 0.450292 0.000000
vt 0.824561 0.000000
vt 0.456140 0.000000
vt 0.818713 0.000000
vt 0.461988 0.000000
vt 0.812865 0.000000
vt 0.467836 0.000000
vt 0.807018 0.000000
vt 0.473684 0.000000
vt 0.801170 0.000000
vt 0.479532 0.000000
vt 0.795322 0.000000
vt 0.485380 0.000000
vt 0.789474 0.000000
vt 0.491228 0.000000
vt 0.783626 0.000000
vt 0.497076 0.000000
vt 0.777778 0.000000
vt 0.502924 0.000000
vt 0.771930 0.000000
vt 0.508772 0.000000
vt 0.766082 0.000000
vt 0.514620 0.000000
vt 0.760234 0.000000
vt 0.520468 0.000000
vt 0.754386 0.000000
vt 0.748538 0.000000
vt 0.526316 0.000000
vt 0.742690 0.000000
vt 0.532164 0.000000
vt 0.736842 0.000000
vt 0.538012 0.000000
vt 0.730994 0.000000
vt 0.725146 0.000000
vt 0.543860 0.000000
vt 0.719298 0.000000
vt 0.549708 0.000000
vt 0.713450 0.000000
vt 0.555556 0.000000
vt 0.707602 0.000000
vt 0.561404 0.000000
vt 0.701754 0.000000
vt 0.695906 0.000000
vt 0.567251 0.000000
vt 0.690058 0.000000
vt 0.573099 0.000000
vt 0.684211 0.000000
vt 0.678363 0.000000
vt 0.578947 0.000000
vt 0.672515 0.000000
vt 0.584795 0.000000
vt 0.660819 0.000000
vt 0.590643 0.000000
vt 0.654971 0.000000
vt 0.649123 0.000000
vt 0.596491 0.000000
vt 0.643275 0.000000
vt 0.637427 0.000000
vt 0.602339 0.000000
vt 0.608187 0.000000
vt 0.614035 0.000000
vt 0.619883 0.000000
vt 0.625731 0.000000
vt 0.631579 0.000000
vt 0.345029 0.000000
vt 0.356725 0.000000
vt 0.350877 0.000000
vt 0.362573 0.000000
vt 0.368421 0.000000
vt 0.339181 0.000000
vt 0.374269 0.000000
vt 0.380117 0.000000
vt 0.327485 0.000000
vt 0.385965 0.000000
vt 0.321637 0.000000
vt 0.391813 0.000000
vt 0.315789 0.000000
vt 0.397661 0.000000
vt 0.309942 0.000000
vt 0.403509 0.000000
vt 0.304094 0.000000
vt 0.409357 0.000000
vt 0.298246 0.000000
vt 0.415205 0.000000
vt 0.292398 0.000000
vt 0.421053 0.000000
vt 0.286550 0.000000
vt 0.426901 0.000000
vt 0.280702 0.000000
vt 0.274854 0.000000
vt 0.269006 0.000000
vt 0.005848 0.000000
vt 0.263158 0.000000
vt 0.011696 0.000000
vt 0.257310 0.000000
vt 0.017544 0.000000
vt 0.251462 0.000000
vt 0.023392 0.000000
vt 0.245614 0.000000
vt 0.029240 0.000000
vt 0.239766 0.000000
vt 0.035088 0.000000
vt 0.233918 0.000000
vt 0.040936 0.000000
vt 0.228070 0.000000
vt 0.046784 0.000000
vt 0.222222 0.000000
vt 0.052632 0.000000
vt 0.216374 0.000000
vt 0.058480 0.000000
vt 0.210526 0.000000
vt 0.064327 0.000000
vt 0.204678 0.000000
vt 0.070175 0.000000
vt 0.076023 0.000000
vt 0.198830 0.000000
vt 0.081871 0.000000
vt 0.192982 0.000000
vt 0.087719 0.000000
vt 0.187135 0.000000
vt 0.093567 0.000000
vt 0.181287 0.000000
vt 0.099415 0.000000
vt 0.175439 0.000000
vt 0.105263 0.000000
vt 0.169591 0.000000
vt 0.111111 0.000000
vt 0.163743 0.000000
vt 0.116959 0.000000
vt 0.157895 0.000000
vt 0.122807 0.000000
vt 0.152047 0.000000
vt 0.128655 0.000000
vt 0.146199 0.000000
vt 0.134503 0.000000
vt 0.140351 0.000000
vt 0.106195 0.000000
vt 0.123894 0.000000
vt 0.115044 0.000000
vt 0.132743 0.000000
vt 0.097345 0.000000
vt 0.141593 0.000000
vt 0.646018 0.000000
vt 0.663717 0.000000
vt 0.654867 0.000000
vt 0.088496 0.000000
vt 0.150442 0.000000
vt 0.079646 0.000000
vt 0.884956 0.000000
vt 0.902655 0.000000
vt 0.893805 0.000000
vt 0.672566 0.000000
vt 0.681416 0.000000
vt 0.690265 0.000000
vt 0.637168 0.000000
vt 0.911504 0.000000
vt 0.159292 0.000000
vt 0.699115 0.000000
vt 0.070796 0.000000
vt 0.707965 0.000000
vt 0.716814 0.000000
vt 0.876106 0.000000
vt 0.725664 0.000000
vt 0.920354 0.000000
vt 0.734513 0.000000
vt 0.867257 0.000000
vt 0.168142 0.000000
vt 0.743363 0.000000
vt 0.061947 0.000000
vt 0.752212 0.000000
vt 0.761062 0.000000
vt 0.628319 0.000000
vt 0.769912 0.000000
vt 0.929204 0.000000
vt 0.858407 0.000000
vt 0.230089 0.000000
vt 0.176991 0.000000
vt 0.053097 0.000000
vt 0.849558 0.000000
vt 0.938053 0.000000
vt 0.619469 0.000000
vt 0.238938 0.000000
vt 0.185841 0.000000
vt 0.044248 0.000000
vt 0.840708 0.000000
vt 0.946903 0.000000
vt 0.194690 0.000000
vt 0.035398 0.000000
vt 0.247788 0.000000
vt 0.610619 0.000000
vt 0.831858 0.000000
vt 0.955752 0.000000
vt 0.203540 0.000000
vt 0.026549 0.000000
vt 0.256637 0.000000
vt 0.823009 0.000000
vt 0.964602 0.000000
vt 0.601770 0.000000
vt 0.212389 0.000000
vt 0.017699 0.000000
vt 0.973451 0.000000
vt 0.814159 0.000000
vt 0.221239 0.000000
vt 0.265487 0.000000
vt 0.008850 0.000000
vt 0.592920 0.000000
vt 0.982301 0.000000
vt 0.805310 0.000000
vt 0.274336 0.000000
vt 0.991150 0.000000
vt 0.584071 0.000000
vt 0.796460 0.000000
vt 0.283186 0.000000
vt 0.787611 0.000000
vt 0.575221 0.000000
vt 0.778761 0.000000
vt 0.292035 0.000000
vt 0.566372 0.000000
vt 0.300885 0.000000
vt 0.557522 0.000000
vt 0.309735 0.000000
vt 0.548673 0.000000
vt 0.318584 0.000000
vt 0.539823 0.000000
vt 0.327434 0.000000
vt 0.530973 0.000000
vt 0.336283 0.000000
vt 0.522124 0.000000
vt 0.345133 0.000000
vt 0.513274 0.000000
vt 0.353982 0.000000
vt 0.504425 0.000000
vt 0.495575 0.000000
vt 0.362832 0.000000
vt 0.486726 0.000000
vt 0.371681 0.000000
vt 0.477876 0.000000
vt 0.380531 0.000000
vt 0.469027 0.000000
vt 0.389381 0.000000
vt 0.460177 0.000000
vt 0.451327 0.000000
vt 0.398230 0.000000
vt 0.442478 0.000000
vt 0.433628 0.000000
vt 0.407080 0.000000
vt 0.415929 0.000000
vt 0.424779 0.000000
vt 0.781915 0.000000
vt 0.792553 0.000000
vt 0.787234 0.000000
vt 0.797872 0.000000
vt 0.776596 0.000000
vt 0.803191 0.000000
vt 0.771277 0.000000
vt 0.808511 0.000000
vt 0.765957 0.000000
vt 0.813830 0.000000
vt 0.760638 0.000000
vt 0.819149 0.000000
vt 0.755319 0.000000
vt 0.824468 0.000000
vt 0.829787 0.000000
vt 0.744681 0.000000
vt 0.835106 0.000000
vt 0.739362 0.000000
vt 0.840426 0.000000
vt 0.734043 0.000000
vt 0.845745 0.000000
vt 0.728723 0.000000
vt 0.851064 0.000000
vt 0.723404 0.000000
vt 0.856383 0.000000
vt 0.718085 0.000000
vt 0.861702 0.000000
vt 0.925532 0.000000
vt 0.936170 0.000000
vt 0.930851 0.000000
vt 0.920213 0.000000
vt 0.914894 0.000000
vt 0.909574 0.000000
vt 0.643617 0.000000
vt 0.654255 0.000000
vt 0.648936 0.000000
vt 0.904255 0.000000
vt 0.659574 0.000000
vt 0.898936 0.000000
vt 0.664894 0.000000
vt 0.893617 0.000000
vt 0.670213 0.000000
vt 0.675532 0.000000
vt 0.888298 0.000000
vt 0.680851 0.000000
vt 0.882979 0.000000
vt 0.686170 0.000000
vt 0.691489 0.000000
vt 0.877660 0.000000
vt 0.696809 0.000000
vt 0.872340 0.000000
vt 0.702128 0.000000
vt 0.707447 0.000000
vt 0.867021 0.000000
vt 0.712766 0.000000
vt 0.638298 0.000000
vt 0.632979 0.000000
vt 0.627660 0.000000
vt 0.622340 0.000000
vt 0.941489 0.000000
vt 0.617021 0.000000
vt 0.946809 0.000000
vt 0.952128 0.000000
vt 0.611702 0.000000
vt 0.957447 0.000000
vt 0.606383 0.000000
vt 0.962766 0.000000
vt 0.601064 0.000000
vt 0.968085 0.000000
vt 0.973404 0.000000
vt 0.595745 0.000000
vt 0.978723 0.000000
vt 0.590426 0.000000
vt 0.984043 0.000000
vt 0.585106 0.000000
vt 0.319149 0.000000
vt 0.989362 0.000000
vt 0.579787 0.000000
vt 0.324468 0.000000
vt 0.329787 0.000000
vt 0.313830 0.000000
vt 0.994681 0.000000
vt 0.574468 0.000000
vt 0.335106 0.000000
vt 0.569149 0.000000
vt 0.308511 0.000000
vt 0.340426 0.000000
vt 0.005319 0.000000
vt 0.563830 0.000000
vt 0.345745 0.000000
vt 0.303191 0.000000
vt 0.558511 0.000000
vt 0.010638 0.000000
vt 0.351064 0.000000
vt 0.297872 0.000000
vt 0.553191 0.000000
vt 0.356383 0.000000
vt 0.015957 0.000000
vt 0.547872 0.000000
vt 0.361702 0.000000
vt 0.292553 0.000000
vt 0.021277 0.000000
vt 0.542553 0.000000
vt 0.367021 0.000000
vt 0.287234 0.000000
vt 0.537234 0.000000
vt 0.372340 0.000000
vt 0.026596 0.000000
vt 0.531915 0.000000
vt 0.377660 0.000000
vt 0.281915 0.000000
vt 0.526596 0.000000
vt 0.031915 0.000000
vt 0.382979 0.000000
vt 0.521277 0.000000
vt 0.388298 0.000000
vt 0.276596 0.000000
vt 0.515957 0.000000
vt 0.393617 0.000000
vt 0.510638 0.000000
vt 0.037234 0.000000
vt 0.398936 0.000000
vt 0.505319 0.000000
vt 0.404255 0.000000
vt 0.409574 0.000000
vt 0.494681 0.000000
vt 0.271277 0.000000
vt 0.414894 0.000000
vt 0.489362 0.000000
vt 0.420213 0.000000
vt 0.484043 0.000000
vt 0.425532 0.000000
vt 0.042553 0.000000
vt 0.478723 0.000000
vt 0.430851 0.000000
vt 0.473404 0.000000
vt 0.436170 0.000000
vt 0.265957 0.000000
vt 0.468085 0.000000
vt 0.441489 0.000000
vt 0.462766 0.000000
vt 0.446809 0.000000
vt 0.457447 0.000000
vt 0.452128 0.000000
vt 0.047872 0.000000
vt 0.260638 0.000000
vt 0.053191 0.000000
vt 0.255319 0.000000
vt 0.058511 0.000000
vt 0.063830 0.000000
vt 0.244681 0.000000
vt 0.239362 0.000000
vt 0.069149 0.000000
vt 0.234043 0.000000
vt 0.074468 0.000000
vt 0.228723 0.000000
vt 0.223404 0.000000
vt 0.079787 0.000000
vt 0.218085 0.000000
vt 0.212766 0.000000
vt 0.085106 0.000000
vt 0.207447 0.000000
vt 0.090426 0.000000
vt 0.202128 0.000000
vt 0.196809 0.000000
vt 0.191489 0.000000
vt 0.095745 0.000000
vt 0.186170 0.000000
vt 0.180851 0.000000
vt 0.175532 0.000000
vt 0.170213 0.000000
vt 0.164894 0.000000
vt 0.159574 0.000000
vt 0.101064 0.000000
vt 0.154255 0.000000
vt 0.148936 0.000000
vt 0.143617 0.000000
vt 0.138298 0.000000
vt 0.132979 0.000000
vt 0.127660 0.000000
vt 0.122340 0.000000
vt 0.106383 0.000000
vt 0.111702 0.000000
vt 0.117021 0.000000
vt 0.005291 1.000000
vt 0.000000 1.000000
vt 0.010582 1.000000
vt 0.005291 0.000000
vt 0.015873 1.000000
vt 0.010582 0.000000
vt 0.021164 1.000000
vt 0.015873 0.000000
vt 0.026455 1.000000
vt 0.021164 0.000000
vt 0.031746 1.000000
vt 0.026455 0.000000
vt 0.037037 1.000000
vt 0.031746 0.000000
vt 0.042328 1.000000
vt 0.037037 0.000000
vt 0.047619 1.000000
vt 0.042328 0.000000
vt 0.052910 1.000000
vt 0.047619 0.000000
vt 0.058201 1.000000
vt 0.052910 0.000000
vt 0.063492 1.000000
vt 0.058201 0.000000
vt 0.068783 1.000000
vt 0.063492 0.000000
vt 0.074074 1.000000
vt 0.068783 0.000000
vt 0.079365 1.000000
vt 0.074074 0.000000
vt 0.084656 1.000000
vt 0.079365 0.000000
vt 0.089947 1.000000
vt 0.084656 0.000000
vt 0.095238 1.000000
vt 0.089947 0.000000
vt 0.100529 1.000000
vt 0.095238 0.000000
vt 0.105820 1.000000
vt 0.100529 0.000000
vt 0.111111 1.000000
vt 0.105820 0.000000
vt 0.116402 1.000000
vt 0.121693 1.000000
vt 0.116402 0.000000
vt 0.126984 1.000000
vt 0.121693 0.000000
vt 0.132275 1.000000
vt 0.126984 0.000000
vt 0.137566 1.000000
vt 0.132275 0.000000
vt 0.142857 1.000000
vt 0.137566 0.000000
vt 0.148148 1.000000
vt 0.142857 0.000000
vt 0.153439 1.000000
vt 0.148148 0.000000
vt 0.158730 1.000000
vt 0.153439 0.000000
vt 0.164021 1.000000
vt 0.158730 0.000000
vt 0.169312 1.000000
vt 0.164021 0.000000
vt 0.174603 1.000000
vt 0.169312 0.000000
vt 0.179894 1.000000
vt 0.174603 0.000000
vt 0.185185 1.000000
vt 0.179894 0.000000
vt 0.190476 1.000000
vt 0.185185 0.000000
vt 0.195767 1.000000
vt 0.190476 0.000000
vt 0.201058 1.000000
vt 0.195767 0.000000
vt 0.206349 1.000000
vt 0.201058 0.000000
vt 0.211640 1.000000
vt 0.206349 0.000000
vt 0.216931 1.000000
vt 0.211640 0.000000
vt 0.222222 1.000000
vt 0.216931 0.000000
vt 0.227513 1.000000
vt 0.232804 1.000000
vt 0.227513 0.000000
vt 0.238095 1.000000
vt 0.232804 0.000000
vt 0.243386 1.000000
vt 0.238095 0.000000
vt 0.248677 1.000000
vt 0.243386 0.000000
vt 0.253968 1.000000
vt 0.248677 0.000000
vt 0.259259 1.000000
vt 0.253968 0.000000
vt 0.264550 1.000000
vt 0.259259 0.000000
vt 0.269841 1.000000
vt 0.264550 0.000000
vt 0.275132 1.000000
vt 0.269841 0.000000
vt 0.280423 1.000000
vt 0.275132 0.000000
vt 0.285714 1.000000
vt 0.280423 0.000000
vt 0.291005 1.000000
vt 0.285714 0.000000
vt 0.296296 1.000000
vt 0.291005 0.000000
vt 0.301587 1.000000
vt 0.296296 0.000000
vt 0.306878 1.000000
vt 0.301587 0.000000
vt 0.312169 1.000000
vt 0.306878 0.000000
vt 0.317460 1.000000
vt 0.312169 0.000000
vt 0.322751 1.000000
vt 0.317460 0.000000
vt 0.328042 1.000000
vt 0.322751 0.000000
vt 0.333333 1.000000
vt 0.328042 0.000000
vt 0.338624 1.000000
vt 0.343915 1.000000
vt 0.338624 0.000000
vt 0.349206 1.000000
vt 0.343915 0.000000
vt 0.354497 1.000000
vt 0.349206 0.000000
vt 0.359788 1.000000
vt 0.354497 0.000000
vt 0.365079 1.000000
vt 0.359788 0.000000
vt 0.370370 1.000000
vt 0.365079 0.000000
vt 0.375661 1.000000
vt 0.370370 0.000000
vt 0.380952 1.000000
vt 0.375661 0.000000
vt 0.386243 1.000000
vt 0.380952 0.000000
vt 0.391534 1.000000
vt 0.386243 0.000000
vt 0.396825 1.000000
vt 0.391534 0.000000
vt 0.402116 1.000000
vt 0.396825 0.000000
vt 0.407407 1.000000
vt 0.402116 0.000000
vt 0.412698 1.000000
vt 0.407407 0.000000
vt 0.417989 1.000000
vt 0.412698 0.000000
vt 0.423280 1.000000
vt 0.417989 0.000000
vt 0.428571 1.000000
vt 0.423280 0.000000
vt 0.433862 1.000000
vt 0.428571 0.000000
vt 0.439153 1.000000
vt 0.433862 0.000000
vt 0.444444 1.000000
vt 0.439153 0.000000
vt 0.449735 1.000000
vt 0.455026 1.000000
vt 0.449735 0.000000
vt 0.460317 1.000000
vt 0.455026 0.000000
vt 0.465608 1.000000
vt 0.460317 0.000000
vt 0.470899 1.000000
vt 0.465608 0.000000
vt 0.476190 1.000000
vt 0.470899 0.000000
vt 0.481481 1.000000
vt 0.476190 0.000000
vt 0.486772 1.000000
vt 0.481481 0.000000
vt 0.492063 1.000000
vt 0.486772 0.000000
vt 0.497355 1.000000
vt 0.492063 0.000000
vt 0.502645 1.000000
vt 0.497355 0.000000
vt 0.507937 1.000000
vt 0.502645 0.000000
vt 0.513228 1.000000
vt 0.507937 0.000000
vt 0.518519 1.000000
vt 0.513228 0.000000
vt 0.523810 1.000000
vt 0.518519 0.000000
vt 0.529101 1.000000
vt 0.523810 0.000000
vt 0.534392 1.000000
vt 0.529101 0.000000
vt 0.539683 1.000000
vt 0.534392 0.000000
vt 0.544974 1.000000
vt 0.539683 0.000000
vt 0.550265 1.000000
vt 0.544974 0.000000
vt 0.555556 1.000000
vt 0.550265 0.000000
vt 0.560847 1.000000
vt 0.566138 1.000000
vt 0.560847 0.000000
vt 0.571429 1.000000
vt 0.566138 0.000000
vt 0.576720 1.000000
vt 0.571429 0.000000
vt 0.582011 1.000000
vt 0.576720 0.000000
vt 0.587302 1.000000
vt 0.582011 0.000000
vt 0.592593 1.000000
vt 0.587302 0.000000
vt 0.597884 1.000000
vt 0.592593 0.000000
vt 0.603175 1.000000
vt 0.597884 0.000000
vt 0.608466 1.000000
vt 0.603175 0.000000
vt 0.613757 1.000000
vt 0.608466 0.000000
vt 0.619048 1.000000
vt 0.613757 0.000000
vt 0.624339 1.000000
vt 0.619048 0.000000
vt 0.629630 1.000000
vt 0.624339 0.000000
vt 0.634921 1.000000
vt 0.629630 0.000000
vt 0.640212 1.000000
vt 0.634921 0.000000
vt 0.645503 1.000000
vt 0.640212 0.000000
vt 0.650794 1.000000
vt 0.645503 0.000000
vt 0.656085 1.000000
vt 0.650794 0.000000
vt 0.661376 1.000000
vt 0.656085 0.000000
vt 0.666667 1.000000
vt 0.661376 0.000000
vt 0.671958 1.000000
vt 0.677249 1.000000
vt 0.671958 0.000000
vt 0.682540 1.000000
vt 0.677249 0.000000
vt 0.687831 1.000000
vt 0.682540 0.000000
vt 0.693122 1.000000
vt 0.687831 0.000000
vt 0.698413 1.000000
vt 0.693122 0.000000
vt 0.703704 1.000000
vt 0.698413 0.000000
vt 0.708995 1.000000
vt 0.703704 0.000000
vt 0.714286 1.000000
vt 0.708995 0.000000
vt 0.719577 1.000000
vt 0.714286 0.000000
vt 0.724868 1.000000
vt 0.719577 0.000000
vt 0.730159 1.000000
vt 0.724868 0.000000
vt 0.735450 1.000000
vt 0.730159 0.000000
vt 0.740741 1.000000
vt 0.735450 0.000000
vt 0.746032 1.000000
vt 0.740741 0.000000
vt 0.751323 1.000000
vt 0.746032 0.000000
vt 0.756614 1.000000
vt 0.751323 0.000000
vt 0.761905 1.000000
vt 0.756614 0.000000
vt 0.767196 1.000000
vt 0.761905 0.000000
vt 0.772487 1.000000
vt 0.767196 0.000000
vt 0.777778 1.000000
vt 0.772487 0.000000
vt 0.783069 1.000000
vt 0.788360 1.000000
vt 0.783069 0.000000
vt 0.793651 1.000000
vt 0.788360 0.000000
vt 0.798942 1.000000
vt 0.793651 0.000000
vt 0.804233 1.000000
vt 0.798942 0.000000
vt 0.809524 1.000000
vt 0.804233 0.000000
vt 0.814815 1.000000
vt 0.809524 0.000000
vt 0.820106 1.000000
vt 0.814815 0.000000
vt 0.825397 1.000000
vt 0.820106 0.000000
vt 0.830688 1.000000
vt 0.825397 0.000000
vt 0.835979 1.000000
vt 0.830688 0.000000
vt 0.841270 1.000000
vt 0.835979 0.000000
vt 0.846561 1.000000
vt 0.841270 0.000000
vt 0.851852 1.000000
vt 0.846561 0.000000
vt 0.857143 1.000000
vt 0.851852 0.000000
vt 0.862434 1.000000
vt 0.857143 0.000000
vt 0.867725 1.000000
vt 0.862434 0.000000
vt 0.873016 1.000000
vt 0.867725 0.000000
vt 0.878307 1.000000
vt 0.873016 0.000000
vt 0.883598 1.000000
vt 0.878307 0.000000
vt 0.888889 1.000000
vt 0.883598 0.000000
vt 0.894180 1.000000
vt 0.899471 1.000000
vt 0.894180 0.000000
vt 0.904762 1.000000
vt 0.899471 0.000000
vt 0.910053 1.000000
vt 0.904762 0.000000
vt 0.915344 1.000000
vt 0.910053 0.000000
vt 0.920635 1.000000
vt 0.915344 0.000000
vt 0.925926 1.000000
vt 0.920635 0.000000
vt 0.931217 1.000000
vt 0.925926 0.000000
vt 0.936508 1.000000
vt 0.931217 0.000000
vt 0.941799 1.000000
vt 0.936508 0.000000
vt 0.947090 1.000000
vt 0.941799 0.000000
vt 0.952381 1.000000
vt 0.947090 0.000000
vt 0.957672 1.000000
vt 0.952381 0.000000
vt 0.962963 1.000000
vt 0.957672 0.000000
vt 0.968254 1.000000
vt 0.962963 0.000000
vt 0.973545 1.000000
vt 0.968254 0.000000
vt 0.978836 1.000000
vt 0.973545 0.000000
vt 0.984127 1.000000
vt 0.978836 0.000000
vt 0.989418 1.000000
vt 0.984127 0.000000
vt 0.994709 1.000000
vt 0.989418 0.000000
vt 1.000000 1.000000
vt 0.994709 0.000000
vt 0.038462 1.000000
vt 0.076923 1.000000
vt 0.038462 0.000000
vt 0.115385 1.000000
vt 0.076923 0.000000
vt 0.153846 1.000000
vt 0.115385 0.000000
vt 0.192308 1.000000
vt 0.153846 0.000000
vt 0.230769 1.000000
vt 0.192308 0.000000
vt 0.269231 1.000000
vt 0.230769 0.000000
vt 0.307692 1.000000
vt 0.269231 0.000000
vt 0.346154 1.000000
vt 0.307692 0.000000
vt 0.384615 1.000000
vt 0.346154 0.000000
vt 0.423077 1.000000
vt 0.384615 0.000000
vt 0.461538 1.000000
vt 0.423077 0.000000
vt 0.500000 1.000000
vt 0.461538 0.000000
vt 0.538462 1.000000
vt 0.576923 1.000000
vt 0.538462 0.000000
vt 0.615385 1.000000
vt 0.576923 0.000000
vt 0.653846 1.000000
vt 0.615385 0.000000
vt 0.692308 1.000000
vt 0.653846 0.000000
vt 0.730769 1.000000
vt 0.692308 0.000000
vt 0.769231 1.000000
vt 0.730769 0.000000
vt 0.807692 1.000000
vt 0.769231 0.000000
vt 0.846154 1.000000
vt 0.807692 0.000000
vt 0.884615 1.000000
vt 0.846154 0.000000
vt 0.923077 1.000000
vt 0.884615 0.000000
vt 0.961538 1.000000
vt 0.923077 0.000000
vt 0.961538 0.000000
vt 0.016129 1.000000
vt 0.032258 1.000000
vt 0.016129 0.000000
vt 0.048387 1.000000
vt 0.032258 0.000000
vt 0.064516 1.000000
vt 0.048387 0.000000
vt 0.080645 1.000000
vt 0.064516 0.000000
vt 0.096774 1.000000
vt 0.080645 0.000000
vt 0.112903 1.000000
vt 0.096774 0.000000
vt 0.129032 1.000000
vt 0.112903 0.000000
vt 0.145161 1.000000
vt 0.129032 0.000000
vt 0.161290 1.000000
vt 0.145161 0.000000
vt 0.177419 1.000000
vt 0.161290 0.000000
vt 0.193548 1.000000
vt 0.177419 0.000000
vt 0.209677 1.000000
vt 0.193548 0.000000
vt 0.225806 1.000000
vt 0.209677 0.000000
vt 0.241935 1.000000
vt 0.225806 0.000000
vt 0.258065 1.000000
vt 0.241935 0.000000
vt 0.274194 1.000000
vt 0.258065 0.000000
vt 0.290323 1.000000
vt 0.274194 0.000000
vt 0.306452 1.000000
vt 0.290323 0.000000
vt 0.322581 1.000000
vt 0.306452 0.000000
vt 0.338710 1.000000
vt 0.322581 0.000000
vt 0.354839 1.000000
vt 0.338710 0.000000
vt 0.370968 1.000000
vt 0.354839 0.000000
vt 0.387097 1.000000
vt 0.370968 0.000000
vt 0.403226 1.000000
vt 0.387097 0.000000
vt 0.419355 1.000000
vt 0.403226 0.000000
vt 0.435484 1.000000
vt 0.419355 0.000000
vt 0.451613 1.000000
vt 0.435484 0.000000
vt 0.467742 1.000000
vt 0.451613 0.000000
vt 0.483871 1.000000
vt 0.467742 0.000000
vt 0.483871 0.000000
vt 0.516129 1.000000
vt 0.532258 1.000000
vt 0.516129 0.000000
vt 0.548387 1.000000
vt 0.532258 0.000000
vt 0.564516 1.000000
vt 0.548387 0.000000
vt 0.580645 1.000000
vt 0.564516 0.000000
vt 0.596774 1.000000
vt 0.580645 0.000000
vt 0.612903 1.000000
vt 0.596774 0.000000
vt 0.629032 1.000000
vt 0.612903 0.000000
vt 0.645161 1.000000
vt 0.629032 0.000000
vt 0.661290 1.000000
vt 0.645161 0.000000
vt 0.677419 1.000000
vt 0.661290 0.000000
vt 0.693548 1.000000
vt 0.677419 0.000000
vt 0.709677 1.000000
vt 0.693548 0.000000
vt 0.725806 1.000000
vt 0.709677 0.000000
vt 0.741935 1.000000
vt 0.725806 0.000000
vt 0.758065 1.000000
vt 0.741935 0.000000
vt 0.774194 1.000000
vt 0.758065 0.000000
vt 0.790323 1.000000
vt 0.774194 0.000000
vt 0.806452 1.000000
vt 0.790323 0.000000
vt 0.822581 1.000000
vt 0.806452 0.000000
vt 0.838710 1.000000
vt 0.822581 0.000000
vt 0.854839 1.000000
vt 0.838710 0.000000
vt 0.870968 1.000000
vt 0.854839 0.000000
vt 0.887097 1.000000
vt 0.870968 0.000000
vt 0.903226 1.000000
vt 0.887097 0.000000
vt 0.919355 1.000000
vt 0.903226 0.000000
vt 0.935484 1.000000
vt 0.919355 0.000000
vt 0.951613 1.000000
vt 0.935484 0.000000
vt 0.967742 1.000000
vt 0.951613 0.000000
vt 0.983871 1.000000
vt 0.967742 0.000000
vt 0.983871 0.000000
vt 0.010204 1.000000
vt 0.020408 1.000000
vt 0.010204 0.000000
vt 0.030612 1.000000
vt 0.020408 0.000000
vt 0.040816 1.000000
vt 0.030612 0.000000
vt 0.051020 1.000000
vt 0.040816 0.000000
vt 0.061224 1.000000
vt 0.051020 0.000000
vt 0.071429 1.000000
vt 0.061224 0.000000
vt 0.081633 1.000000
vt 0.071429 0.000000
vt 0.091837 1.000000
vt 0.081633 0.000000
vt 0.102041 1.000000
vt 0.091837 0.000000
vt 0.112245 1.000000
vt 0.102041 0.000000
vt 0.122449 1.000000
vt 0.112245 0.000000
vt 0.132653 1.000000
vt 0.122449 0.000000
vt 0.132653 0.000000
vt 0.153061 1.000000
vt 0.163265 1.000000
vt 0.153061 0.000000
vt 0.173469 1.000000
vt 0.163265 0.000000
vt 0.183673 1.000000
vt 0.173469 0.000000
vt 0.193878 1.000000
vt 0.183673 0.000000
vt 0.204082 1.000000
vt 0.193878 0.000000
vt 0.214286 1.000000
vt 0.204082 0.000000
vt 0.224490 1.000000
vt 0.214286 0.000000
vt 0.234694 1.000000
vt 0.224490 0.000000
vt 0.244898 1.000000
vt 0.234694 0.000000
vt 0.255102 1.000000
vt 0.244898 0.000000
vt 0.265306 1.000000
vt 0.255102 0.000000
vt 0.275510 1.000000
vt 0.265306 0.000000
vt 0.275510 0.000000
vt 0.295918 1.000000
vt 0.306122 1.000000
vt 0.295918 0.000000
vt 0.316327 1.000000
vt 0.306122 0.000000
vt 0.326531 1.000000
vt 0.316327 0.000000
vt 0.336735 1.000000
vt 0.326531 0.000000
vt 0.346939 1.000000
vt 0.336735 0.000000
vt 0.357143 1.000000
vt 0.346939 0.000000
vt 0.367347 1.000000
vt 0.357143 0.000000
vt 0.377551 1.000000
vt 0.367347 0.000000
vt 0.387755 1.000000
vt 0.377551 0.000000
vt 0.397959 1.000000
vt 0.387755 0.000000
vt 0.408163 1.000000
vt 0.397959 0.000000
vt 0.418367 1.000000
vt 0.408163 0.000000
vt 0.418367 0.000000
vt 0.438776 1.000000
vt 0.448980 1.000000
vt 0.438776 0.000000
vt 0.459184 1.000000
vt 0.448980 0.000000
vt 0.469388 1.000000
vt 0.459184 0.000000
vt 0.479592 1.000000
vt 0.469388 0.000000
vt 0.489796 1.000000
vt 0.479592 0.000000
vt 0.489796 0.000000
vt 0.510204 1.000000
vt 0.520408 1.000000
vt 0.510204 0.000000
vt 0.530612 1.000000
vt 0.520408 0.000000
vt 0.540816 1.000000
vt 0.530612 0.000000
vt 0.551020 1.000000
vt 0.540816 0.000000
vt 0.561224 1.000000
vt 0.551020 0.000000
vt 0.561224 0.000000
vt 0.581633 1.000000
vt 0.591837 1.000000
vt 0.581633 0.000000
vt 0.602041 1.000000
vt 0.591837 0.000000
vt 0.612245 1.000000
vt 0.602041 0.000000
vt 0.622449 1.000000
vt 0.612245 0.000000
vt 0.632653 1.000000
vt 0.622449 0.000000
vt 0.642857 1.000000
vt 0.632653 0.000000
vt 0.653061 1.000000
vt 0.642857 0.000000
vt 0.663265 1.000000
vt 0.653061 0.000000
vt 0.673469 1.000000
vt 0.663265 0.000000
vt 0.683673 1.000000
vt 0.673469 0.000000
vt 0.693878 1.000000
vt 0.683673 0.000000
vt 0.704082 1.000000
vt 0.693878 0.000000
vt 0.704082 0.000000
vt 0.724490 1.000000
vt 0.734694 1.000000
vt 0.724490 0.000000
vt 0.744898 1.000000
vt 0.734694 0.000000
vt 0.755102 1.000000
vt 0.744898 0.000000
vt 0.765306 1.000000
vt 0.755102 0.000000
vt 0.775510 1.000000
vt 0.765306 0.000000
vt 0.785714 1.000000
vt 0.775510 0.000000
vt 0.795918 1.000000
vt 0.785714 0.000000
vt 0.806122 1.000000
vt 0.795918 0.000000
vt 0.816327 1.000000
vt 0.806122 0.000000
vt 0.826531 1.000000
vt 0.816327 0.000000
vt 0.836735 1.000000
vt 0.826531 0.000000
vt 0.846939 1.000000
vt 0.836735 0.000000
vt 0.846939 0.000000
vt 0.867347 1.000000
vt 0.877551 1.000000
vt 0.867347 0.000000
vt 0.887755 1.000000
vt 0.877551 0.000000
vt 0.897959 1.000000
vt 0.887755 0.000000
vt 0.908163 1.000000
vt 0.897959 0.000000
vt 0.918367 1.000000
vt 0.908163 0.000000
vt 0.928571 1.000000
vt 0.918367 0.000000
vt 0.938776 1.000000
vt 0.928571 0.000000
vt 0.948980 1.000000
vt 0.938776 0.000000
vt 0.959184 1.000000
vt 0.948980 0.000000
vt 0.969388 1.000000
vt 0.959184 0.000000
vt 0.979592 1.000000
vt 0.969388 0.000000
vt 0.989796 1.000000
vt 0.979592 0.000000
vt 0.989796 0.000000
vt 0.013514 1.000000
vt 0.027027 1.000000
vt 0.013514 0.000000
vt 0.040541 1.000000
vt 0.054054 1.000000
vt 0.040541 0.000000
vt 0.067568 1.000000
vt 0.081081 1.000000
vt 0.067568 0.000000
vt 0.094595 1.000000
vt 0.108108 1.000000
vt 0.094595 0.000000
vt 0.121622 1.000000
vt 0.135135 1.000000
vt 0.121622 0.000000
vt 0.148649 1.000000
vt 0.162162 1.000000
vt 0.148649 0.000000
vt 0.175676 1.000000
vt 0.189189 1.000000
vt 0.175676 0.000000
vt 0.202703 1.000000
vt 0.216216 1.000000
vt 0.202703 0.000000
vt 0.229730 1.000000
vt 0.243243 1.000000
vt 0.229730 0.000000
vt 0.256757 1.000000
vt 0.270270 1.000000
vt 0.256757 0.000000
vt 0.283784 1.000000
vt 0.297297 1.000000
vt 0.283784 0.000000
vt 0.310811 1.000000
vt 0.324324 1.000000
vt 0.310811 0.000000
vt 0.337838 1.000000
vt 0.351351 1.000000
vt 0.337838 0.000000
vt 0.364865 1.000000
vt 0.378378 1.000000
vt 0.364865 0.000000
vt 0.391892 1.000000
vt 0.405405 1.000000
vt 0.391892 0.000000
vt 0.418919 1.000000
vt 0.432432 1.000000
vt 0.418919 0.000000
vt 0.445946 1.000000
vt 0.459459 1.000000
vt 0.445946 0.000000
vt 0.472973 1.000000
vt 0.486486 1.000000
vt 0.472973 0.000000
vt 0.513514 1.000000
vt 0.527027 1.000000
vt 0.540541 1.000000
vt 0.527027 0.000000
vt 0.554054 1.000000
vt 0.567568 1.000000
vt 0.554054 0.000000
vt 0.581081 1.000000
vt 0.594595 1.000000
vt 0.581081 0.000000
vt 0.608108 1.000000
vt 0.621622 1.000000
vt 0.608108 0.000000
vt 0.635135 1.000000
vt 0.648649 1.000000
vt 0.635135 0.000000
vt 0.662162 1.000000
vt 0.675676 1.000000
vt 0.662162 0.000000
vt 0.689189 1.000000
vt 0.702703 1.000000
vt 0.689189 0.000000
vt 0.716216 1.000000
vt 0.729730 1.000000
vt 0.716216 0.000000
vt 0.743243 1.000000
vt 0.756757 1.000000
vt 0.743243 0.000000
vt 0.770270 1.000000
vt 0.783784 1.000000
vt 0.770270 0.000000
vt 0.797297 1.000000
vt 0.810811 1.000000
vt 0.797297 0.000000
vt 0.824324 1.000000
vt 0.837838 1.000000
vt 0.824324 0.000000
vt 0.851351 1.000000
vt 0.864865 1.000000
vt 0.851351 0.000000
vt 0.878378 1.000000
vt 0.891892 1.000000
vt 0.878378 0.000000
vt 0.905405 1.000000
vt 0.918919 1.000000
vt 0.905405 0.000000
vt 0.932432 1.000000
vt 0.945946 1.000000
vt 0.932432 0.000000
vt 0.959459 1.000000
vt 0.972973 1.000000
vt 0.959459 0.000000
vt 0.986486 1.000000
vt 0.986486 0.000000
vt 0.020000 1.000000
vt 0.040000 1.000000
vt 0.020000 0.000000
vt 0.060000 1.000000
vt 0.040000 0.000000
vt 0.080000 1.000000
vt 0.060000 0.000000
vt 0.100000 1.000000
vt 0.080000 0.000000
vt 0.120000 1.000000
vt 0.100000 0.000000
vt 0.140000 1.000000
vt 0.120000 0.000000
vt 0.160000 1.000000
vt 0.140000 0.000000
vt 0.180000 1.000000
vt 0.160000 0.000000
vt 0.200000 1.000000
vt 0.180000 0.000000
vt 0.220000 1.000000
vt 0.200000 0.000000
vt 0.240000 1.000000
vt 0.220000 0.000000
vt 0.260000 1.000000
vt 0.240000 0.000000
vt 0.280000 1.000000
vt 0.260000 0.000000
vt 0.300000 1.000000
vt 0.280000 0.000000
vt 0.320000 1.000000
vt 0.300000 0.000000
vt 0.340000 1.000000
vt 0.320000 0.000000
vt 0.360000 1.000000
vt 0.340000 0.000000
vt 0.380000 1.000000
vt 0.360000 0.000000
vt 0.400000 1.000000
vt 0.380000 0.000000
vt 0.420000 1.000000
vt 0.400000 0.000000
vt 0.440000 1.000000
vt 0.420000 0.000000
vt 0.460000 1.000000
vt 0.440000 0.000000
vt 0.480000 1.000000
vt 0.460000 0.000000
vt 0.480000 0.000000
vt 0.520000 1.000000
vt 0.540000 1.000000
vt 0.520000 0.000000
vt 0.560000 1.000000
vt 0.540000 0.000000
vt 0.580000 1.000000
vt 0.560000 0.000000
vt 0.600000 1.000000
vt 0.580000 0.000000
vt 0.620000 1.000000
vt 0.600000 0.000000
vt 0.640000 1.000000
vt 0.620000 0.000000
vt 0.660000 1.000000
vt 0.640000 0.000000
vt 0.680000 1.000000
vt 0.660000 0.000000
vt 0.700000 1.000000
vt 0.680000 0.000000
vt 0.720000 1.000000
vt 0.700000 0.000000
vt 0.740000 1.000000
vt 0.720000 0.000000
vt 0.760000 1.000000
vt 0.740000 0.000000
vt 0.780000 1.000000
vt 0.760000 0.000000
vt 0.800000 1.000000
vt 0.780000 0.000000
vt 0.820000 1.000000
vt 0.800000 0.000000
vt 0.840000 1.000000
vt 0.820000 0.000000
vt 0.860000 1.000000
vt 0.840000 0.000000
vt 0.880000 1.000000
vt 0.860000 0.000000
vt 0.900000 1.000000
vt 0.880000 0.000000
vt 0.920000 1.000000
vt 0.900000 0.000000
vt 0.940000 1.000000
vt 0.920000 0.000000
vt 0.960000 1.000000
vt 0.940000 0.000000
vt 0.980000 1.000000
vt 0.960000 0.000000
vt 0.980000 0.000000
vt 0.004695 1.000000
vt 0.009390 1.000000
vt 0.004695 0.000000
vt 0.014085 1.000000
vt 0.009390 0.000000
vt 0.018779 1.000000
vt 0.014085 0.000000
vt 0.023474 1.000000
vt 0.018779 0.000000
vt 0.028169 1.000000
vt 0.023474 0.000000
vt 0.032864 1.000000
vt 0.028169 0.000000
vt 0.037559 1.000000
vt 0.032864 0.000000
vt 0.042254 1.000000
vt 0.037559 0.000000
vt 0.046948 1.000000
vt 0.042254 0.000000
vt 0.051643 1.000000
vt 0.046948 0.000000
vt 0.056338 1.000000
vt 0.051643 0.000000
vt 0.061033 1.000000
vt 0.056338 0.000000
vt 0.065728 1.000000
vt 0.061033 0.000000
vt 0.070423 1.000000
vt 0.065728 0.000000
vt 0.075117 1.000000
vt 0.070423 0.000000
vt 0.079812 1.000000
vt 0.075117 0.000000
vt 0.084507 1.000000
vt 0.079812 0.000000
vt 0.089202 1.000000
vt 0.084507 0.000000
vt 0.093897 1.000000
vt 0.089202 0.000000
vt 0.098592 1.000000
vt 0.093897 0.000000
vt 0.103286 1.000000
vt 0.098592 0.000000
vt 0.107981 1.000000
vt 0.103286 0.000000
vt 0.112676 1.000000
vt 0.107981 0.000000
vt 0.117371 1.000000
vt 0.112676 0.000000
vt 0.122066 1.000000
vt 0.117371 0.000000
vt 0.126761 1.000000
vt 0.122066 0.000000
vt 0.131455 1.000000
vt 0.126761 0.000000
vt 0.136150 1.000000
vt 0.131455 0.000000
vt 0.140845 1.000000
vt 0.136150 0.000000
vt 0.145540 1.000000
vt 0.140845 0.000000
vt 0.150235 1.000000
vt 0.145540 0.000000
vt 0.154930 1.000000
vt 0.150235 0.000000
vt 0.159624 1.000000
vt 0.154930 0.000000
vt 0.164319 1.000000
vt 0.159624 0.000000
vt 0.169014 1.000000
vt 0.164319 0.000000
vt 0.173709 1.000000
vt 0.169014 0.000000
vt 0.178404 1.000000
vt 0.173709 0.000000
vt 0.183099 1.000000
vt 0.178404 0.000000
vt 0.187793 1.000000
vt 0.183099 0.000000
vt 0.192488 1.000000
vt 0.187793 0.000000
vt 0.197183 1.000000
vt 0.192488 0.000000
vt 0.201878 1.000000
vt 0.197183 0.000000
vt 0.206573 1.000000
vt 0.201878 0.000000
vt 0.211268 1.000000
vt 0.206573 0.000000
vt 0.215962 1.000000
vt 0.211268 0.000000
vt 0.220657 1.000000
vt 0.215962 0.000000
vt 0.225352 1.000000
vt 0.220657 0.000000
vt 0.230047 1.000000
vt 0.225352 0.000000
vt 0.234742 1.000000
vt 0.230047 0.000000
vt 0.239437 1.000000
vt 0.234742 0.000000
vt 0.244131 1.000000
vt 0.239437 0.000000
vt 0.248826 1.000000
vt 0.244131 0.000000
vt 0.253521 1.000000
vt 0.248826 0.000000
vt 0.258216 1.000000
vt 0.253521 0.000000
vt 0.262911 1.000000
vt 0.258216 0.000000
vt 0.267606 1.000000
vt 0.262911 0.000000
vt 0.272300 1.000000
vt 0.267606 0.000000
vt 0.276995 1.000000
vt 0.272300 0.000000
vt 0.281690 1.000000
vt 0.276995 0.000000
vt 0.286385 1.000000
vt 0.281690 0.000000
vt 0.291080 1.000000
vt 0.286385 0.000000
vt 0.295775 1.000000
vt 0.291080 0.000000
vt 0.300469 1.000000
vt 0.295775 0.000000
vt 0.305164 1.000000
vt 0.300469 0.000000
vt 0.309859 1.000000
vt 0.305164 0.000000
vt 0.314554 1.000000
vt 0.309859 0.000000
vt 0.319249 1.000000
vt 0.314554 0.000000
vt 0.323944 1.000000
vt 0.319249 0.000000
vt 0.328638 1.000000
vt 0.323944 0.000000
vt 0.328638 0.000000
vt 0.338028 1.000000
vt 0.342723 1.000000
vt 0.338028 0.000000
vt 0.347418 1.000000
vt 0.342723 0.000000
vt 0.352113 1.000000
vt 0.347418 0.000000
vt 0.356808 1.000000
vt 0.352113 0.000000
vt 0.361502 1.000000
vt 0.356808 0.000000
vt 0.366197 1.000000
vt 0.361502 0.000000
vt 0.370892 1.000000
vt 0.366197 0.000000
vt 0.375587 1.000000
vt 0.370892 0.000000
vt 0.380282 1.000000
vt 0.375587 0.000000
vt 0.384977 1.000000
vt 0.380282 0.000000
vt 0.389671 1.000000
vt 0.384977 0.000000
vt 0.394366 1.000000
vt 0.389671 0.000000
vt 0.399061 1.000000
vt 0.394366 0.000000
vt 0.403756 1.000000
vt 0.399061 0.000000
vt 0.408451 1.000000
vt 0.403756 0.000000
vt 0.413146 1.000000
vt 0.408451 0.000000
vt 0.417840 1.000000
vt 0.413146 0.000000
vt 0.422535 1.000000
vt 0.417840 0.000000
vt 0.427230 1.000000
vt 0.422535 0.000000
vt 0.431925 1.000000
vt 0.427230 0.000000
vt 0.436620 1.000000
vt 0.431925 0.000000
vt 0.441315 1.000000
vt 0.436620 0.000000
vt 0.446009 1.000000
vt 0.441315 0.000000
vt 0.450704 1.000000
vt 0.446009 0.000000
vt 0.455399 1.000000
vt 0.450704 0.000000
vt 0.460094 1.000000
vt 0.455399 0.000000
vt 0.464789 1.000000
vt 0.460094 0.000000
vt 0.469484 1.000000
vt 0.464789 0.000000
vt 0.474178 1.000000
vt 0.469484 0.000000
vt 0.478873 1.000000
vt 0.474178 0.000000
vt 0.483568 1.000000
vt 0.478873 0.000000
vt 0.488263 1.000000
vt 0.483568 0.000000
vt 0.492958 1.000000
vt 0.488263 0.000000
vt 0.497653 1.000000
vt 0.492958 0.000000
vt 0.502347 1.000000
vt 0.497653 0.000000
vt 0.507042 1.000000
vt 0.502347 0.000000
vt 0.511737 1.000000
vt 0.507042 0.000000
vt 0.516432 1.000000
vt 0.511737 0.000000
vt 0.521127 1.000000
vt 0.516432 0.000000
vt 0.525822 1.000000
vt 0.521127 0.000000
vt 0.530516 1.000000
vt 0.525822 0.000000
vt 0.535211 1.000000
vt 0.530516 0.000000
vt 0.539906 1.000000
vt 0.535211 0.000000
vt 0.544601 1.000000
vt 0.539906 0.000000
vt 0.549296 1.000000
vt 0.544601 0.000000
vt 0.553991 1.000000
vt 0.549296 0.000000
vt 0.558685 1.000000
vt 0.553991 0.000000
vt 0.563380 1.000000
vt 0.558685 0.000000
vt 0.568075 1.000000
vt 0.563380 0.000000
vt 0.572770 1.000000
vt 0.568075 0.000000
vt 0.577465 1.000000
vt 0.572770 0.000000
vt 0.582160 1.000000
vt 0.577465 0.000000
vt 0.586854 1.000000
vt 0.582160 0.000000
vt 0.591549 1.000000
vt 0.586854 0.000000
vt 0.596244 1.000000
vt 0.591549 0.000000
vt 0.600939 1.000000
vt 0.596244 0.000000
vt 0.605634 1.000000
vt 0.600939 0.000000
vt 0.610329 1.000000
vt 0.605634 0.000000
vt 0.615023 1.000000
vt 0.610329 0.000000
vt 0.619718 1.000000
vt 0.615023 0.000000
vt 0.624413 1.000000
vt 0.619718 0.000000
vt 0.629108 1.000000
vt 0.624413 0.000000
vt 0.633803 1.000000
vt 0.629108 0.000000
vt 0.638498 1.000000
vt 0.633803 0.000000
vt 0.643192 1.000000
vt 0.638498 0.000000
vt 0.647887 1.000000
vt 0.643192 0.000000
vt 0.652582 1.000000
vt 0.647887 0.000000
vt 0.657277 1.000000
vt 0.652582 0.000000
vt 0.661972 1.000000
vt 0.657277 0.000000
vt 0.661972 0.000000
vt 0.671362 1.000000
vt 0.676056 1.000000
vt 0.671362 0.000000
vt 0.680751 1.000000
vt 0.676056 0.000000
vt 0.685446 1.000000
vt 0.680751 0.000000
vt 0.690141 1.000000
vt 0.685446 0.000000
vt 0.694836 1.000000
vt 0.690141 0.000000
vt 0.699531 1.000000
vt 0.694836 0.000000
vt 0.704225 1.000000
vt 0.699531 0.000000
vt 0.708920 1.000000
vt 0.704225 0.000000
vt 0.713615 1.000000
vt 0.708920 0.000000
vt 0.718310 1.000000
vt 0.713615 0.000000
vt 0.723005 1.000000
vt 0.718310 0.000000
vt 0.727700 1.000000
vt 0.723005 0.000000
vt 0.732394 1.000000
vt 0.727700 0.000000
vt 0.737089 1.000000
vt 0.732394 0.000000
vt 0.741784 1.000000
vt 0.737089 0.000000
vt 0.746479 1.000000
vt 0.741784 0.000000
vt 0.751174 1.000000
vt 0.746479 0.000000
vt 0.755869 1.000000
vt 0.751174 0.000000
vt 0.760563 1.000000
vt 0.755869 0.000000
vt 0.765258 1.000000
vt 0.760563 0.000000
vt 0.769953 1.000000
vt 0.765258 0.000000
vt 0.774648 1.000000
vt 0.769953 0.000000
vt 0.779343 1.000000
vt 0.774648 0.000000
vt 0.784038 1.000000
vt 0.779343 0.000000
vt 0.788732 1.000000
vt 0.784038 0.000000
vt 0.793427 1.000000
vt 0.788732 0.000000
vt 0.798122 1.000000
vt 0.793427 0.000000
vt 0.802817 1.000000
vt 0.798122 0.000000
vt 0.807512 1.000000
vt 0.802817 0.000000
vt 0.812207 1.000000
vt 0.807512 0.000000
vt 0.816901 1.000000
vt 0.812207 0.000000
vt 0.821596 1.000000
vt 0.816901 0.000000
vt 0.826291 1.000000
vt 0.821596 0.000000
vt 0.830986 1.000000
vt 0.826291 0.000000
vt 0.835681 1.000000
vt 0.830986 0.000000
vt 0.840376 1.000000
vt 0.835681 0.000000
vt 0.845070 1.000000
vt 0.840376 0.000000
vt 0.849765 1.000000
vt 0.845070 0.000000
vt 0.854460 1.000000
vt 0.849765 0.000000
vt 0.859155 1.000000
vt 0.854460 0.000000
vt 0.863850 1.000000
vt 0.859155 0.000000
vt 0.868545 1.000000
vt 0.863850 0.000000
vt 0.873239 1.000000
vt 0.868545 0.000000
vt 0.877934 1.000000
vt 0.873239 0.000000
vt 0.882629 1.000000
vt 0.877934 0.000000
vt 0.887324 1.000000
vt 0.882629 0.000000
vt 0.892019 1.000000
vt 0.887324 0.000000
vt 0.896714 1.000000
vt 0.892019 0.000000
vt 0.901408 1.000000
vt 0.896714 0.000000
vt 0.906103 1.000000
vt 0.901408 0.000000
vt 0.910798 1.000000
vt 0.906103 0.000000
vt 0.915493 1.000000
vt 0.910798 0.000000
vt 0.920188 1.000000
vt 0.915493 0.000000
vt 0.924883 1.000000
vt 0.920188 0.000000
vt 0.929577 1.000000
vt 0.924883 0.000000
vt 0.934272 1.000000
vt 0.929577 0.000000
vt 0.938967 1.000000
vt 0.934272 0.000000
vt 0.943662 1.000000
vt 0.938967 0.000000
vt 0.948357 1.000000
vt 0.943662 0.000000
vt 0.953052 1.000000
vt 0.948357 0.000000
vt 0.957747 1.000000
vt 0.953052 0.000000
vt 0.962441 1.000000
vt 0.957747 0.000000
vt 0.967136 1.000000
vt 0.962441 0.000000
vt 0.971831 1.000000
vt 0.967136 0.000000
vt 0.976526 1.000000
vt 0.971831 0.000000
vt 0.981221 1.000000
vt 0.976526 0.000000
vt 0.985915 1.000000
vt 0.981221 0.000000
vt 0.990610 1.000000
vt 0.985915 0.000000
vt 0.995305 1.000000
vt 0.990610 0.000000
vt 0.995305 0.000000
vt 0.005988 1.000000
vt 0.011976 1.000000
vt 0.005988 0.000000
vt 0.017964 1.000000
vt 0.011976 0.000000
vt 0.023952 1.000000
vt 0.017964 0.000000
vt 0.029940 1.000000
vt 0.023952 0.000000
vt 0.035928 1.000000
vt 0.029940 0.000000
vt 0.041916 1.000000
vt 0.035928 0.000000
vt 0.047904 1.000000
vt 0.041916 0.000000
vt 0.053892 1.000000
vt 0.047904 0.000000
vt 0.059880 1.000000
vt 0.053892 0.000000
vt 0.065868 1.000000
vt 0.059880 0.000000
vt 0.071856 1.000000
vt 0.065868 0.000000
vt 0.077844 1.000000
vt 0.071856 0.000000
vt 0.083832 1.000000
vt 0.077844 0.000000
vt 0.089820 1.000000
vt 0.083832 0.000000
vt 0.095808 1.000000
vt 0.089820 0.000000
vt 0.101796 1.000000
vt 0.095808 0.000000
vt 0.107784 1.000000
vt 0.101796 0.000000
vt 0.113772 1.000000
vt 0.107784 0.000000
vt 0.119760 1.000000
vt 0.113772 0.000000
vt 0.125749 1.000000
vt 0.119760 0.000000
vt 0.131737 1.000000
vt 0.125749 0.000000
vt 0.137725 1.000000
vt 0.131737 0.000000
vt 0.143713 1.000000
vt 0.137725 0.000000
vt 0.149701 1.000000
vt 0.143713 0.000000
vt 0.155689 1.000000
vt 0.149701 0.000000
vt 0.161677 1.000000
vt 0.155689 0.000000
vt 0.167665 1.000000
vt 0.161677 0.000000
vt 0.173653 1.000000
vt 0.167665 0.000000
vt 0.179641 1.000000
vt 0.173653 0.000000
vt 0.185629 1.000000
vt 0.179641 0.000000
vt 0.191617 1.000000
vt 0.185629 0.000000
vt 0.197605 1.000000
vt 0.191617 0.000000
vt 0.203593 1.000000
vt 0.197605 0.000000
vt 0.209581 1.000000
vt 0.203593 0.000000
vt 0.215569 1.000000
vt 0.209581 0.000000
vt 0.221557 1.000000
vt 0.215569 0.000000
vt 0.227545 1.000000
vt 0.221557 0.000000
vt 0.233533 1.000000
vt 0.227545 0.000000
vt 0.239521 1.000000
vt 0.233533 0.000000
vt 0.245509 1.000000
vt 0.239521 0.000000
vt 0.251497 1.000000
vt 0.245509 0.000000
vt 0.257485 1.000000
vt 0.251497 0.000000
vt 0.263473 1.000000
vt 0.257485 0.000000
vt 0.269461 1.000000
vt 0.263473 0.000000
vt 0.275449 1.000000
vt 0.269461 0.000000
vt 0.281437 1.000000
vt 0.275449 0.000000
vt 0.287425 1.000000
vt 0.281437 0.000000
vt 0.293413 1.000000
vt 0.287425 0.000000
vt 0.299401 1.000000
vt 0.293413 0.000000
vt 0.305389 1.000000
vt 0.299401 0.000000
vt 0.311377 1.000000
vt 0.305389 0.000000
vt 0.317365 1.000000
vt 0.311377 0.000000
vt 0.323353 1.000000
vt 0.317365 0.000000
vt 0.329341 1.000000
vt 0.323353 0.000000
vt 0.335329 1.000000
vt 0.329341 0.000000
vt 0.341317 1.000000
vt 0.335329 0.000000
vt 0.347305 1.000000
vt 0.341317 0.000000
vt 0.353293 1.000000
vt 0.347305 0.000000
vt 0.359281 1.000000
vt 0.353293 0.000000
vt 0.365269 1.000000
vt 0.359281 0.000000
vt 0.371257 1.000000
vt 0.365269 0.000000
vt 0.377246 1.000000
vt 0.371257 0.000000
vt 0.383234 1.000000
vt 0.377246 0.000000
vt 0.389222 1.000000
vt 0.383234 0.000000
vt 0.395210 1.000000
vt 0.389222 0.000000
vt 0.401198 1.000000
vt 0.395210 0.000000
vt 0.407186 1.000000
vt 0.401198 0.000000
vt 0.413174 1.000000
vt 0.407186 0.000000
vt 0.419162 1.000000
vt 0.413174 0.000000
vt 0.425150 1.000000
vt 0.419162 0.000000
vt 0.431138 1.000000
vt 0.425150 0.000000
vt 0.437126 1.000000
vt 0.431138 0.000000
vt 0.443114 1.000000
vt 0.437126 0.000000
vt 0.449102 1.000000
vt 0.443114 0.000000
vt 0.455090 1.000000
vt 0.449102 0.000000
vt 0.461078 1.000000
vt 0.455090 0.000000
vt 0.467066 1.000000
vt 0.461078 0.000000
vt 0.473054 1.000000
vt 0.467066 0.000000
vt 0.479042 1.000000
vt 0.473054 0.000000
vt 0.485030 1.000000
vt 0.479042 0.000000
vt 0.491018 1.000000
vt 0.485030 0.000000
vt 0.497006 1.000000
vt 0.491018 0.000000
vt 0.502994 1.000000
vt 0.497006 0.000000
vt 0.508982 1.000000
vt 0.502994 0.000000
vt 0.514970 1.000000
vt 0.508982 0.000000
vt 0.520958 1.000000
vt 0.514970 0.000000
vt 0.526946 1.000000
vt 0.520958 0.000000
vt 0.532934 1.000000
vt 0.526946 0.000000
vt 0.538922 1.000000
vt 0.532934 0.000000
vt 0.544910 1.000000
vt 0.538922 0.000000
vt 0.550898 1.000000
vt 0.544910 0.000000
vt 0.556886 1.000000
vt 0.550898 0.000000
vt 0.562874 1.000000
vt 0.556886 0.000000
vt 0.568862 1.000000
vt 0.562874 0.000000
vt 0.574850 1.000000
vt 0.568862 0.000000
vt 0.580838 1.000000
vt 0.574850 0.000000
vt 0.586826 1.000000
vt 0.580838 0.000000
vt 0.592814 1.000000
vt 0.586826 0.000000
vt 0.598802 1.000000
vt 0.592814 0.000000
vt 0.604790 1.000000
vt 0.598802 0.000000
vt 0.610778 1.000000
vt 0.604790 0.000000
vt 0.616766 1.000000
vt 0.610778 0.000000
vt 0.622755 1.000000
vt 0.616766 0.000000
vt 0.628743 1.000000
vt 0.622755 0.000000
vt 0.634731 1.000000
vt 0.628743 0.000000
vt 0.640719 1.000000
vt 0.634731 0.000000
vt 0.646707 1.000000
vt 0.640719 0.000000
vt 0.652695 1.000000
vt 0.646707 0.000000
vt 0.658683 1.000000
vt 0.652695 0.000000
vt 0.664671 1.000000
vt 0.658683 0.000000
vt 0.670659 1.000000
vt 0.664671 0.000000
vt 0.676647 1.000000
vt 0.670659 0.000000
vt 0.682635 1.000000
vt 0.676647 0.000000
vt 0.688623 1.000000
vt 0.682635 0.000000
vt 0.694611 1.000000
vt 0.688623 0.000000
vt 0.700599 1.000000
vt 0.694611 0.000000
vt 0.706587 1.000000
vt 0.700599 0.000000
vt 0.712575 1.000000
vt 0.706587 0.000000
vt 0.718563 1.000000
vt 0.712575 0.000000
vt 0.724551 1.000000
vt 0.718563 0.000000
vt 0.730539 1.000000
vt 0.724551 0.000000
vt 0.736527 1.000000
vt 0.730539 0.000000
vt 0.742515 1.000000
vt 0.736527 0.000000
vt 0.748503 1.000000
vt 0.742515 0.000000
vt 0.754491 1.000000
vt 0.748503 0.000000
vt 0.760479 1.000000
vt 0.754491 0.000000
vt 0.766467 1.000000
vt 0.760479 0.000000
vt 0.772455 1.000000
vt 0.766467 0.000000
vt 0.778443 1.000000
vt 0.772455 0.000000
vt 0.784431 1.000000
vt 0.778443 0.000000
vt 0.790419 1.000000
vt 0.784431 0.000000
vt 0.796407 1.000000
vt 0.790419 0.000000
vt 0.802395 1.000000
vt 0.796407 0.000000
vt 0.808383 1.000000
vt 0.802395 0.000000
vt 0.814371 1.000000
vt 0.808383 0.000000
vt 0.820359 1.000000
vt 0.814371 0.000000
vt 0.826347 1.000000
vt 0.820359 0.000000
vt 0.832335 1.000000
vt 0.826347 0.000000
vt 0.838323 1.000000
vt 0.832335 0.000000
vt 0.844311 1.000000
vt 0.838323 0.000000
vt 0.850299 1.000000
vt 0.844311 0.000000
vt 0.856287 1.000000
vt 0.850299 0.000000
vt 0.862275 1.000000
vt 0.856287 0.000000
vt 0.868263 1.000000
vt 0.862275 0.000000
vt 0.874251 1.000000
vt 0.868263 0.000000
vt 0.880240 1.000000
vt 0.874251 0.000000
vt 0.886228 1.000000
vt 0.880240 0.000000
vt 0.892216 1.000000
vt 0.886228 0.000000
vt 0.898204 1.000000
vt 0.892216 0.000000
vt 0.904192 1.000000
vt 0.898204 0.000000
vt 0.910180 1.000000
vt 0.904192 0.000000
vt 0.916168 1.000000
vt 0.910180 0.000000
vt 0.922156 1.000000
vt 0.916168 0.000000
vt 0.928144 1.000000
vt 0.922156 0.000000
vt 0.934132 1.000000
vt 0.928144 0.000000
vt 0.940120 1.000000
vt 0.934132 0.000000
vt 0.946108 1.000000
vt 0.940120 0.000000
vt 0.952096 1.000000
vt 0.946108 0.000000
vt 0.958084 1.000000
vt 0.952096 0.000000
vt 0.964072 1.000000
vt 0.958084 0.000000
vt 0.970060 1.000000
vt 0.964072 0.000000
vt 0.976048 1.000000
vt 0.970060 0.000000
vt 0.982036 1.000000
vt 0.976048 0.000000
vt 0.988024 1.000000
vt 0.982036 0.000000
vt 0.994012 1.000000
vt 0.988024 0.000000
vt 0.994012 0.000000
s 0
usemtl マテリアル.001
f 152/1/1 154/2/1 153/3/1
f 152/1/1 155/4/1 154/2/1
f 151/5/1 155/4/1 152/1/1
f 151/5/1 156/6/1 155/4/1
f 150/7/1 156/6/1 151/5/1
f 150/7/1 157/8/1 156/6/1
f 149/9/1 157/8/1 150/7/1
f 149/9/1 158/10/1 157/8/1
f 148/11/1 158/10/1 149/9/1
f 148/11/1 159/12/1 158/10/1
f 147/13/1 159/12/1 148/11/1
f 147/13/1 160/14/1 159/12/1
f 146/15/1 160/14/1 147/13/1
f 146/15/1 161/16/1 160/14/1
f 145/17/1 161/16/1 146/15/1
f 145/17/1 162/18/1 161/16/1
f 144/19/1 162/18/1 145/17/1
f 144/19/1 163/20/1 162/18/1
f 143/21/1 163/20/1 144/19/1
f 143/21/1 164/22/1 163/20/1
f 142/23/1 164/22/1 143/21/1
f 142/23/1 165/24/1 164/22/1
f 141/25/1 165/24/1 142/23/1
f 141/25/1 166/26/1 165/24/1
f 140/27/1 166/26/1 141/25/1
f 140/27/1 167/28/1 166/26/1
f 179/29/1 181/30/1 180/31/1
f 126/32/1 128/33/1 127/34/1
f 178/35/1 181/30/1 179/29/1
f 126/32/1 129/36/1 128/33/1
f 177/37/1 181/30/1 178/35/1
f 126/32/1 130/38/1 129/36/1
f 176/39/1 181/30/1 177/37/1
f 126/32/1 131/40/1 130/38/1
f 175/41/1 181/30/1 176/39/1
f 126/32/1 132/42/1 131/40/1
f 174/43/1 181/30/1 175/41/1
f 126/32/1 133/44/1 132/42/1
f 173/45/1 181/30/1 174/43/1
f 126/32/1 134/46/1 133/44/1
f 172/47/1 181/30/1 173/45/1
f 126/32/1 135/48/1 134/46/1
f 171/49/1 181/30/1 172/47/1
f 126/32/1 136/50/1 135/48/1
f 170/51/1 181/30/1 171/49/1
f 126/32/1 137/52/1 136/50/1
f 169/53/1 181/30/1 170/51/1
f 126/32/1 138/54/1 137/52/1
f 168/55/1 181/30/1 169/53/1
f 126/32/1 139/56/1 138/54/1
f 126/32/1 140/27/1 139/56/1
f 126/32/1 167/28/1 140/27/1
f 126/32/1 168/55/1 167/28/1
f 126/32/1 125/57/1 168/55/1
f 125/57/1 124/58/1 168/55/1
f 124/58/1 181/30/1 168/55/1
f 124/58/1 123/59/1 181/30/1
f 123/59/1 182/60/1 181/30/1
f 123/59/2 122/61/2 182/60/2
f 122/61/1 121/62/1 182/60/1
f 121/62/1 183/63/1 182/60/1
f 121/62/1 120/64/1 183/63/1
f 120/64/1 119/65/1 183/63/1
f 119/65/1 184/66/1 183/63/1
f 119/65/1 118/67/1 184/66/1
f 118/67/1 117/68/1 184/66/1
f 117/68/1 185/69/1 184/66/1
f 117/68/1 116/70/1 185/69/1
f 116/70/1 115/71/1 185/69/1
f 115/71/1 186/72/1 185/69/1
f 115/71/1 114/73/1 186/72/1
f 114/73/1 187/74/1 186/72/1
f 114/73/1 113/75/1 187/74/1
f 113/75/1 111/76/1 187/74/1
f 111/76/1 108/77/1 187/74/1
f 108/77/1 106/78/1 187/74/1
f 106/78/1 105/79/1 187/74/1
f 105/79/1 104/80/1 187/74/1
f 104/80/1 103/81/1 187/74/1
f 103/81/1 102/82/1 187/74/1
f 102/82/1 188/83/1 187/74/1
f 112/84/1 111/76/1 113/75/1
f 110/85/1 108/77/1 111/76/1
f 109/86/1 108/77/1 110/85/1
f 107/87/1 106/78/1 108/77/1
f 101/88/1 188/83/1 102/82/1
f 101/88/1 189/89/1 188/83/1
f 101/88/1 190/90/1 189/89/1
f 100/91/1 190/90/1 101/88/1
f 100/91/1 191/92/1 190/90/1
f 100/91/1 192/93/1 191/92/1
f 100/91/1 193/94/1 192/93/1
f 99/95/1 193/94/1 100/91/1
f 99/95/1 27/96/1 193/94/1
f 98/97/1 27/96/1 99/95/1
f 98/97/1 28/98/1 27/96/1
f 97/99/1 28/98/1 98/97/1
f 97/99/1 29/100/1 28/98/1
f 96/101/1 29/100/1 97/99/1
f 96/101/1 30/102/1 29/100/1
f 95/103/1 30/102/1 96/101/1
f 95/103/1 31/104/1 30/102/1
f 94/105/1 31/104/1 95/103/1
f 94/105/1 32/106/1 31/104/1
f 93/107/1 32/106/1 94/105/1
f 93/107/1 33/108/1 32/106/1
f 92/109/1 33/108/1 93/107/1
f 92/109/1 34/110/1 33/108/1
f 91/111/1 34/110/1 92/109/1
f 91/111/1 35/112/1 34/110/1
f 90/113/1 35/112/1 91/111/1
f 89/114/1 35/112/1 90/113/1
f 89/114/1 36/115/1 35/112/1
f 88/116/1 36/115/1 89/114/1
f 88/116/1 37/117/1 36/115/1
f 87/118/1 37/117/1 88/116/1
f 87/118/1 38/119/1 37/117/1
f 26/120/1 2/121/1 1/122/1
f 86/123/1 38/119/1 87/118/1
f 86/123/1 65/124/1 38/119/1
f 65/124/1 39/125/1 38/119/1
f 26/120/1 3/126/1 2/121/1
f 85/127/1 65/124/1 86/123/1
f 26/120/1 4/128/1 3/126/1
f 84/129/1 65/124/1 85/127/1
f 26/120/1 5/130/1 4/128/1
f 26/120/1 6/131/1 5/130/1
f 83/132/1 65/124/1 84/129/1
f 26/120/1 7/133/1 6/131/1
f 25/134/1 7/133/1 26/120/1
f 82/135/1 65/124/1 83/132/1
f 82/135/1 66/136/1 65/124/1
f 64/137/1 39/125/1 65/124/1
f 25/134/1 8/138/1 7/133/1
f 24/139/1 8/138/1 25/134/1
f 82/135/1 67/140/1 66/136/1
f 81/141/1 67/140/1 82/135/1
f 24/139/1 9/142/1 8/138/1
f 23/143/1 9/142/1 24/139/1
f 81/141/1 68/144/1 67/140/1
f 80/145/1 68/144/1 81/141/1
f 23/143/1 10/146/1 9/142/1
f 22/147/1 10/146/1 23/143/1
f 80/145/1 69/148/1 68/144/1
f 79/149/1 69/148/1 80/145/1
f 22/147/1 11/150/1 10/146/1
f 21/151/1 11/150/1 22/147/1
f 79/149/1 70/152/1 69/148/1
f 78/153/1 70/152/1 79/149/1
f 21/151/1 12/154/1 11/150/1
f 20/155/1 12/154/1 21/151/1
f 78/153/1 71/156/1 70/152/1
f 77/157/1 71/156/1 78/153/1
f 20/155/1 13/158/1 12/154/1
f 19/159/1 13/158/1 20/155/1
f 77/157/1 72/160/1 71/156/1
f 18/161/1 13/158/1 19/159/1
f 18/161/1 17/162/1 13/158/1
f 17/162/1 16/163/1 13/158/1
f 16/163/1 15/164/1 13/158/1
f 15/164/1 14/165/1 13/158/1
f 77/157/1 73/166/1 72/160/1
f 77/157/1 74/167/1 73/166/1
f 77/157/1 75/168/1 74/167/1
f 77/157/1 76/169/1 75/168/1
f 63/170/1 39/125/1 64/137/1
f 63/170/1 40/171/1 39/125/1
f 63/170/1 41/172/1 40/171/1
f 62/173/1 41/172/1 63/170/1
f 62/173/1 42/174/1 41/172/1
f 61/175/1 42/174/1 62/173/1
f 61/175/1 43/176/1 42/174/1
f 60/177/1 43/176/1 61/175/1
f 60/177/1 44/178/1 43/176/1
f 59/179/1 44/178/1 60/177/1
f 59/179/1 45/180/1 44/178/1
f 58/181/1 45/180/1 59/179/1
f 58/181/1 46/182/1 45/180/1
f 57/183/1 46/182/1 58/181/1
f 57/183/1 47/184/1 46/182/1
f 56/185/1 47/184/1 57/183/1
f 56/185/1 48/186/1 47/184/1
f 55/187/1 48/186/1 56/185/1
f 55/187/1 49/188/1 48/186/1
f 54/189/1 49/188/1 55/187/1
f 54/189/1 50/190/1 49/188/1
f 53/191/1 50/190/1 54/189/1
f 53/191/1 51/192/1 50/190/1
f 52/193/1 51/192/1 53/191/1
f 232/194/1 234/195/1 233/196/1
f 232/194/1 235/197/1 234/195/1
f 232/194/1 236/198/1 235/197/1
f 231/199/1 236/198/1 232/194/1
f 231/199/1 237/200/1 236/198/1
f 230/201/1 237/200/1 231/199/1
f 206/202/1 208/203/1 207/204/1
f 229/205/1 237/200/1 230/201/1
f 229/205/1 238/108/1 237/200/1
f 406/206/1 408/207/1 407/208/1
f 406/206/1 409/209/1 408/207/1
f 206/202/1 209/210/1 208/203/1
f 228/211/1 238/108/1 229/205/1
f 406/206/1 410/212/1 409/209/1
f 405/213/1 410/212/1 406/206/1
f 228/211/1 239/214/1 238/108/1
f 206/202/1 210/215/1 209/210/1
f 405/213/1 411/216/1 410/212/1
f 404/217/1 411/216/1 405/213/1
f 205/142/1 210/215/1 206/202/1
f 227/134/1 239/214/1 228/211/1
f 404/217/1 412/218/1 411/216/1
f 227/134/1 240/219/1 239/214/1
f 403/3/1 412/218/1 404/217/1
f 205/142/1 211/220/1 210/215/1
f 204/221/1 211/220/1 205/142/1
f 403/3/1 413/222/1 412/218/1
f 402/223/1 413/222/1 403/3/1
f 226/224/1 240/219/1 227/134/1
f 226/224/1 241/225/1 240/219/1
f 402/223/1 414/16/1 413/222/1
f 204/221/1 212/226/1 211/220/1
f 401/227/1 414/16/1 402/223/1
f 203/228/1 212/226/1 204/221/1
f 401/227/1 415/229/1 414/16/1
f 225/230/1 241/225/1 226/224/1
f 400/231/1 415/229/1 401/227/1
f 225/230/1 242/232/1 241/225/1
f 203/228/1 213/233/1 212/226/1
f 202/234/1 213/233/1 203/228/1
f 400/231/1 416/235/1 415/229/1
f 399/236/1 416/235/1 400/231/1
f 224/237/1 242/232/1 225/230/1
f 399/236/1 417/238/1 416/235/1
f 224/237/1 243/239/1 242/232/1
f 398/240/1 417/238/1 399/236/1
f 201/241/1 213/233/1 202/234/1
f 201/241/1 214/242/1 213/233/1
f 398/240/1 418/243/1 417/238/1
f 397/244/1 418/243/1 398/240/1
f 223/245/1 243/239/1 224/237/1
f 223/245/1 244/246/1 243/239/1
f 397/244/1 419/247/1 418/243/1
f 200/248/1 214/242/1 201/241/1
f 200/248/1 215/249/1 214/242/1
f 396/250/1 419/247/1 397/244/1
f 396/250/1 420/251/1 419/247/1
f 222/252/1 244/246/1 223/245/1
f 395/253/1 420/251/1 396/250/1
f 222/252/1 245/254/1 244/246/1
f 395/253/1 421/255/1 420/251/1
f 199/256/1 215/249/1 200/248/1
f 199/256/1 216/162/1 215/249/1
f 394/257/1 421/255/1 395/253/1
f 222/252/1 221/258/1 245/254/1
f 221/258/1 220/259/1 245/254/1
f 394/257/1 422/260/1 421/255/1
f 393/261/1 422/260/1 394/257/1
f 198/262/1 216/162/1 199/256/1
f 198/262/1 217/263/1 216/162/1
f 393/261/1 423/264/1 422/260/1
f 392/17/1 423/264/1 393/261/1
f 198/262/1 218/265/1 217/263/1
f 197/266/1 218/265/1 198/262/1
f 392/17/1 424/267/1 423/264/1
f 391/268/1 424/267/1 392/17/1
f 391/268/1 425/53/1 424/267/1
f 197/266/1 219/269/1 218/265/1
f 390/270/1 425/53/1 391/268/1
f 196/271/1 219/269/1 197/266/1
f 390/270/1 426/272/1 425/53/1
f 389/273/1 426/272/1 390/270/1
f 196/271/1 195/274/1 219/269/1
f 195/274/1 194/122/1 219/269/1
f 389/273/1 427/275/1 426/272/1
f 388/276/1 427/275/1 389/273/1
f 388/276/1 428/277/1 427/275/1
f 387/278/1 428/277/1 388/276/1
f 387/278/1 429/279/1 428/277/1
f 386/280/1 429/279/1 387/278/1
f 386/280/1 430/281/1 429/279/1
f 385/282/1 430/281/1 386/280/1
f 385/282/1 431/283/1 430/281/1
f 384/284/1 431/283/1 385/282/1
f 384/284/1 432/285/1 431/283/1
f 383/286/1 432/285/1 384/284/1
f 369/287/1 371/288/1 370/36/1
f 444/289/1 446/290/1 445/291/1
f 369/287/1 372/292/1 371/288/1
f 443/293/1 446/290/1 444/289/1
f 369/287/1 373/294/1 372/292/1
f 442/295/1 446/290/1 443/293/1
f 369/287/1 374/296/1 373/294/1
f 441/297/1 446/290/1 442/295/1
f 369/287/1 375/298/1 374/296/1
f 440/299/1 446/290/1 441/297/1
f 369/287/1 376/300/1 375/298/1
f 439/301/1 446/290/1 440/299/1
f 369/287/1 377/302/1 376/300/1
f 438/303/1 446/290/1 439/301/1
f 369/287/1 378/304/1 377/302/1
f 437/305/1 446/290/1 438/303/1
f 369/287/1 379/306/1 378/304/1
f 436/37/1 446/290/1 437/305/1
f 369/287/1 380/307/1 379/306/1
f 435/308/1 446/290/1 436/37/1
f 369/287/1 381/52/1 380/307/1
f 434/309/1 446/290/1 435/308/1
f 369/287/1 382/310/1 381/52/1
f 433/311/1 446/290/1 434/309/1
f 369/287/1 383/286/1 382/310/1
f 369/287/1 432/285/1 383/286/1
f 369/287/1 433/311/1 432/285/1
f 369/287/1 368/312/1 433/311/1
f 368/312/1 367/313/1 433/311/1
f 367/313/1 446/290/1 433/311/1
f 367/313/1 447/69/1 446/290/1
f 367/313/1 366/314/1 447/69/1
f 366/314/1 448/315/1 447/69/1
f 366/314/1 449/316/1 448/315/1
f 366/314/1 365/317/1 449/316/1
f 365/317/1 450/318/1 449/316/1
f 365/317/1 451/319/1 450/318/1
f 365/317/1 364/320/1 451/319/1
f 364/320/1 452/321/1 451/319/1
f 364/320/1 453/322/1 452/321/1
f 364/320/1 363/323/1 453/322/1
f 363/323/1 454/324/1 453/322/1
f 363/323/1 362/325/1 454/324/1
f 362/325/1 455/326/1 454/324/1
f 362/325/1 456/327/1 455/326/1
f 362/325/1 361/328/1 456/327/1
f 361/328/1 457/329/1 456/327/1
f 361/328/1 360/330/1 457/329/1
f 360/330/1 458/94/1 457/329/1
f 360/330/2 359/62/2 458/94/2
f 359/62/1 358/331/1 458/94/1
f 358/331/1 357/332/1 458/94/1
f 357/332/1 356/333/1 458/94/1
f 356/333/1 319/334/1 458/94/1
f 319/334/1 318/335/1 458/94/1
f 318/335/1 246/336/1 458/94/1
f 355/337/1 319/334/1 356/333/1
f 355/337/1 320/338/1 319/334/1
f 317/339/1 246/336/1 318/335/1
f 317/339/1 247/340/1 246/336/1
f 316/341/1 247/340/1 317/339/1
f 354/342/1 320/338/1 355/337/1
f 316/341/1 248/343/1 247/340/1
f 315/114/1 248/343/1 316/341/1
f 354/342/1 321/344/1 320/338/1
f 353/345/1 321/344/1 354/342/1
f 315/114/1 249/172/1 248/343/1
f 314/346/1 249/172/1 315/114/1
f 353/345/1 322/347/1 321/344/1
f 352/348/1 322/347/1 353/345/1
f 313/349/1 249/172/1 314/346/1
f 313/349/1 250/350/1 249/172/1
f 351/351/1 322/347/1 352/348/1
f 312/352/1 250/350/1 313/349/1
f 312/352/1 251/353/1 250/350/1
f 351/351/1 323/354/1 322/347/1
f 350/355/1 323/354/1 351/351/1
f 311/356/1 251/353/1 312/352/1
f 311/356/1 252/357/1 251/353/1
f 350/355/1 324/358/1 323/354/1
f 349/359/1 324/358/1 350/355/1
f 310/360/1 252/357/1 311/356/1
f 310/360/1 253/361/1 252/357/1
f 348/75/1 324/358/1 349/359/1
f 348/75/1 325/362/1 324/358/1
f 309/363/1 253/361/1 310/360/1
f 347/364/1 325/362/1 348/75/1
f 309/363/1 254/365/1 253/361/1
f 347/364/1 326/99/1 325/362/1
f 308/366/1 254/365/1 309/363/1
f 346/367/1 326/99/1 347/364/1
f 345/368/1 326/99/1 346/367/1
f 308/366/1 255/369/1 254/365/1
f 307/370/1 255/369/1 308/366/1
f 345/368/1 327/371/1 326/99/1
f 344/372/1 327/371/1 345/368/1
f 306/373/1 255/369/1 307/370/1
f 306/373/1 256/374/1 255/369/1
f 343/375/1 327/371/1 344/372/1
f 343/375/1 328/376/1 327/371/1
f 342/377/1 328/376/1 343/375/1
f 305/378/1 256/374/1 306/373/1
f 341/379/1 328/376/1 342/377/1
f 304/141/1 256/374/1 305/378/1
f 303/380/1 256/374/1 304/141/1
f 340/381/1 328/376/1 341/379/1
f 302/382/1 256/374/1 303/380/1
f 301/383/1 256/374/1 302/382/1
f 339/384/1 328/376/1 340/381/1
f 281/385/1 283/386/1 282/124/1
f 301/383/1 257/387/1 256/374/1
f 300/388/1 257/387/1 301/383/1
f 281/385/1 284/389/1 283/386/1
f 281/385/1 285/390/1 284/389/1
f 299/391/1 257/387/1 300/388/1
f 281/385/1 286/392/1 285/390/1
f 338/393/1 328/376/1 339/384/1
f 281/385/1 287/394/1 286/392/1
f 298/395/1 257/387/1 299/391/1
f 281/385/1 288/396/1 287/394/1
f 297/397/1 257/387/1 298/395/1
f 281/385/1 289/398/1 288/396/1
f 338/393/1 329/399/1 328/376/1
f 281/385/1 290/400/1 289/398/1
f 296/401/1 257/387/1 297/397/1
f 281/385/1 291/402/1 290/400/1
f 281/385/1 292/403/1 291/402/1
f 295/404/1 257/387/1 296/401/1
f 281/385/1 293/166/1 292/403/1
f 294/405/1 257/387/1 295/404/1
f 281/385/1 294/405/1 293/166/1
f 281/385/1 257/387/1 294/405/1
f 337/79/1 329/399/1 338/393/1
f 336/406/1 329/399/1 337/79/1
f 335/407/1 329/399/1 336/406/1
f 281/385/1 258/408/1 257/387/1
f 334/409/1 329/399/1 335/407/1
f 333/410/1 329/399/1 334/409/1
f 281/385/1 259/411/1 258/408/1
f 332/412/1 329/399/1 333/410/1
f 332/412/1 330/413/1 329/399/1
f 331/414/1 330/413/1 332/412/1
f 281/385/1 260/188/1 259/411/1
f 281/385/1 261/415/1 260/188/1
f 281/385/1 262/416/1 261/415/1
f 281/385/1 263/417/1 262/416/1
f 281/385/1 264/418/1 263/417/1
f 281/385/1 265/419/1 264/418/1
f 280/420/1 265/419/1 281/385/1
f 280/420/1 266/421/1 265/419/1
f 279/422/1 266/421/1 280/420/1
f 278/423/1 266/421/1 279/422/1
f 277/424/1 266/421/1 278/423/1
f 277/424/1 267/425/1 266/421/1
f 276/426/1 267/425/1 277/424/1
f 275/427/1 267/425/1 276/426/1
f 274/428/1 267/425/1 275/427/1
f 274/428/1 268/429/1 267/425/1
f 273/430/1 268/429/1 274/428/1
f 272/431/1 268/429/1 273/430/1
f 271/183/1 268/429/1 272/431/1
f 271/183/1 269/432/1 268/429/1
f 270/433/1 269/432/1 271/183/1
f 569/434/1 509/435/1 570/94/1
f 569/434/1 510/436/1 509/435/1
f 569/434/1 511/437/1 510/436/1
f 568/438/1 511/437/1 569/434/1
f 568/438/1 512/439/1 511/437/1
f 568/438/1 513/440/1 512/439/1
f 568/438/1 514/441/1 513/440/1
f 568/438/1 515/442/1 514/441/1
f 568/438/1 516/443/1 515/442/1
f 567/444/1 516/443/1 568/438/1
f 567/444/1 517/445/1 516/443/1
f 567/444/1 518/446/1 517/445/1
f 567/444/1 519/447/1 518/446/1
f 567/444/1 520/448/1 519/447/1
f 567/444/1 521/449/1 520/448/1
f 567/444/1 522/450/1 521/449/1
f 566/451/1 522/450/1 567/444/1
f 566/451/1 523/452/1 522/450/1
f 565/453/1 523/452/1 566/451/1
f 565/453/1 524/454/1 523/452/1
f 565/453/1 525/455/1 524/454/1
f 564/456/1 525/455/1 565/453/1
f 564/456/1 526/457/1 525/455/1
f 563/458/1 526/457/1 564/456/1
f 563/458/1 527/459/1 526/457/1
f 562/460/1 527/459/1 563/458/1
f 562/460/1 528/461/1 527/459/1
f 561/462/1 528/461/1 562/460/1
f 561/462/1 529/463/1 528/461/1
f 560/464/1 529/463/1 561/462/1
f 560/464/1 530/465/1 529/463/1
f 559/466/1 530/465/1 560/464/1
f 559/466/1 531/467/1 530/465/1
f 558/468/1 531/467/1 559/466/1
f 558/468/1 532/469/1 531/467/1
f 557/470/1 532/469/1 558/468/1
f 557/470/1 533/36/1 532/469/1
f 556/471/1 533/36/1 557/470/1
f 556/471/1 534/472/1 533/36/1
f 555/473/1 534/472/1 556/471/1
f 555/473/1 535/474/1 534/472/1
f 554/475/1 535/474/1 555/473/1
f 554/475/1 536/476/1 535/474/1
f 553/477/1 536/476/1 554/475/1
f 553/477/1 537/478/1 536/476/1
f 552/479/1 537/478/1 553/477/1
f 552/479/1 538/480/1 537/478/1
f 551/481/1 538/480/1 552/479/1
f 551/481/1 539/482/1 538/480/1
f 550/483/1 539/482/1 551/481/1
f 550/483/1 540/484/1 539/482/1
f 549/485/1 540/484/1 550/483/1
f 549/485/1 541/486/1 540/484/1
f 548/487/1 541/486/1 549/485/1
f 548/487/1 542/488/1 541/486/1
f 547/489/1 542/488/1 548/487/1
f 547/489/1 543/490/1 542/488/1
f 546/491/1 543/490/1 547/489/1
f 546/491/1 544/492/1 543/490/1
f 545/493/1 544/492/1 546/491/1
f 508/494/1 460/495/1 459/122/1
f 508/494/1 461/496/1 460/495/1
f 507/497/1 461/496/1 508/494/1
f 507/497/1 462/498/1 461/496/1
f 506/499/1 462/498/1 507/497/1
f 506/499/1 463/500/1 462/498/1
f 505/501/1 463/500/1 506/499/1
f 505/501/1 464/502/1 463/500/1
f 504/503/1 464/502/1 505/501/1
f 504/503/1 465/504/1 464/502/1
f 503/505/1 465/504/1 504/503/1
f 503/505/1 466/506/1 465/504/1
f 502/507/1 466/506/1 503/505/1
f 502/507/1 467/508/1 466/506/1
f 501/509/1 467/508/1 502/507/1
f 500/510/1 467/508/1 501/509/1
f 500/510/1 468/511/1 467/508/1
f 499/512/1 468/511/1 500/510/1
f 499/512/1 469/513/1 468/511/1
f 498/514/1 469/513/1 499/512/1
f 498/514/1 470/515/1 469/513/1
f 498/514/1 471/516/1 470/515/1
f 497/517/1 471/516/1 498/514/1
f 497/517/1 472/518/1 471/516/1
f 496/124/1 472/518/1 497/517/1
f 496/124/1 473/519/1 472/518/1
f 495/520/1 473/519/1 496/124/1
f 495/520/1 474/521/1 473/519/1
f 494/522/1 474/521/1 495/520/1
f 494/522/1 475/523/1 474/521/1
f 493/524/1 475/523/1 494/522/1
f 492/525/1 475/523/1 493/524/1
f 492/525/1 476/526/1 475/523/1
f 491/527/1 476/526/1 492/525/1
f 491/527/1 477/528/1 476/526/1
f 490/529/1 477/528/1 491/527/1
f 490/529/1 478/530/1 477/528/1
f 489/531/1 478/530/1 490/529/1
f 489/531/1 479/532/1 478/530/1
f 488/533/1 479/532/1 489/531/1
f 488/533/1 480/534/1 479/532/1
f 487/535/1 480/534/1 488/533/1
f 487/535/1 481/536/1 480/534/1
f 486/537/1 481/536/1 487/535/1
f 486/537/1 482/538/1 481/536/1
f 485/539/1 482/538/1 486/537/1
f 485/539/1 483/540/1 482/538/1
f 485/539/1 484/541/1 483/540/1
f 728/542/1 730/543/1 729/544/1
f 728/542/1 731/545/1 730/543/1
f 727/546/1 731/545/1 728/542/1
f 727/546/1 732/547/1 731/545/1
f 726/548/1 732/547/1 727/546/1
f 726/548/1 733/549/1 732/547/1
f 725/550/1 733/549/1 726/548/1
f 725/550/1 734/551/1 733/549/1
f 724/552/1 734/551/1 725/550/1
f 724/552/1 735/553/1 734/551/1
f 723/554/1 735/553/1 724/552/1
f 723/554/1 736/555/1 735/553/1
f 722/556/1 736/555/1 723/554/1
f 722/556/1 737/557/1 736/555/1
f 721/558/1 737/557/1 722/556/1
f 721/558/1 738/559/1 737/557/1
f 720/560/1 738/559/1 721/558/1
f 720/560/1 739/561/1 738/559/1
f 719/562/1 739/561/1 720/560/1
f 719/562/1 740/563/1 739/561/1
f 718/564/1 740/563/1 719/562/1
f 718/564/1 741/565/1 740/563/1
f 717/566/1 741/565/1 718/564/1
f 717/566/1 742/94/1 741/565/1
f 716/567/1 742/94/1 717/566/1
f 716/567/1 645/568/1 742/94/1
f 715/569/1 645/568/1 716/567/1
f 715/569/1 646/570/1 645/568/1
f 714/571/1 646/570/1 715/569/1
f 714/571/1 647/572/1 646/570/1
f 713/573/1 647/572/1 714/571/1
f 713/573/1 648/574/1 647/572/1
f 712/575/1 648/574/1 713/573/1
f 712/575/1 649/576/1 648/574/1
f 711/577/1 649/576/1 712/575/1
f 711/577/1 650/578/1 649/576/1
f 710/579/1 650/578/1 711/577/1
f 710/579/1 651/580/1 650/578/1
f 709/581/1 651/580/1 710/579/1
f 709/581/1 652/582/1 651/580/1
f 708/583/1 652/582/1 709/581/1
f 708/583/1 653/584/1 652/582/1
f 707/585/1 653/584/1 708/583/1
f 707/585/1 654/586/1 653/584/1
f 706/587/1 654/586/1 707/585/1
f 706/587/1 655/588/1 654/586/1
f 705/589/1 655/588/1 706/587/1
f 705/589/1 656/590/1 655/588/1
f 704/591/1 656/590/1 705/589/1
f 704/591/1 657/592/1 656/590/1
f 703/593/1 657/592/1 704/591/1
f 703/593/1 658/594/1 657/592/1
f 702/595/1 658/594/1 703/593/1
f 702/595/1 659/596/1 658/594/1
f 701/597/1 659/596/1 702/595/1
f 701/597/1 660/598/1 659/596/1
f 700/599/1 660/598/1 701/597/1
f 699/600/1 660/598/1 700/599/1
f 699/600/1 661/601/1 660/598/1
f 698/602/1 661/601/1 699/600/1
f 698/602/1 662/603/1 661/601/1
f 697/604/1 662/603/1 698/602/1
f 697/604/1 663/605/1 662/603/1
f 696/606/1 663/605/1 697/604/1
f 695/607/1 663/605/1 696/606/1
f 695/607/1 664/608/1 663/605/1
f 694/609/1 664/608/1 695/607/1
f 694/609/1 665/610/1 664/608/1
f 693/611/1 665/610/1 694/609/1
f 693/611/1 666/612/1 665/610/1
f 692/613/1 666/612/1 693/611/1
f 692/613/1 667/614/1 666/612/1
f 691/615/1 667/614/1 692/613/1
f 690/616/1 667/614/1 691/615/1
f 690/616/1 668/617/1 667/614/1
f 689/618/1 668/617/1 690/616/1
f 689/618/1 669/619/1 668/617/1
f 688/620/1 669/619/1 689/618/1
f 687/621/1 669/619/1 688/620/1
f 687/621/1 670/622/1 669/619/1
f 686/623/1 670/622/1 687/621/1
f 686/623/1 671/624/1 670/622/1
f 685/36/1 671/624/1 686/623/1
f 684/625/1 671/624/1 685/36/1
f 684/625/1 672/626/1 671/624/1
f 683/627/1 672/626/1 684/625/1
f 682/628/1 672/626/1 683/627/1
f 682/628/1 673/629/1 672/626/1
f 681/630/1 673/629/1 682/628/1
f 680/631/1 673/629/1 681/630/1
f 680/631/1 674/632/1 673/629/1
f 680/631/1 675/633/1 674/632/1
f 680/631/1 676/634/1 675/633/1
f 680/631/1 677/635/1 676/634/1
f 680/631/1 678/636/1 677/635/1
f 680/631/1 679/637/1 678/636/1
f 630/638/1 632/639/1 631/640/1
f 630/638/1 633/641/1 632/639/1
f 630/638/1 634/642/1 633/641/1
f 629/643/1 634/642/1 630/638/1
f 629/643/1 635/644/1 634/642/1
f 628/124/1 635/644/1 629/643/1
f 628/124/1 636/645/1 635/644/1
f 627/646/1 636/645/1 628/124/1
f 627/646/1 637/647/1 636/645/1
f 626/648/1 637/647/1 627/646/1
f 626/648/1 638/649/1 637/647/1
f 625/650/1 638/649/1 626/648/1
f 625/650/1 639/651/1 638/649/1
f 624/652/1 639/651/1 625/650/1
f 624/652/1 640/653/1 639/651/1
f 623/654/1 640/653/1 624/652/1
f 623/654/1 641/655/1 640/653/1
f 622/656/1 641/655/1 623/654/1
f 622/656/1 642/657/1 641/655/1
f 621/658/1 642/657/1 622/656/1
f 621/658/1 643/659/1 642/657/1
f 620/660/1 643/659/1 621/658/1
f 620/660/1 644/661/1 643/659/1
f 619/662/1 644/661/1 620/660/1
f 618/663/1 644/661/1 619/662/1
f 618/663/1 571/122/1 644/661/1
f 617/664/1 571/122/1 618/663/1
f 617/664/1 572/665/1 571/122/1
f 616/666/1 572/665/1 617/664/1
f 616/666/1 573/667/1 572/665/1
f 615/668/1 573/667/1 616/666/1
f 615/668/1 574/669/1 573/667/1
f 614/670/1 574/669/1 615/668/1
f 614/670/1 575/671/1 574/669/1
f 613/672/1 575/671/1 614/670/1
f 613/672/1 576/673/1 575/671/1
f 612/674/1 576/673/1 613/672/1
f 612/674/1 577/675/1 576/673/1
f 611/676/1 577/675/1 612/674/1
f 611/676/1 578/677/1 577/675/1
f 610/678/1 578/677/1 611/676/1
f 610/678/1 579/679/1 578/677/1
f 609/680/1 579/679/1 610/678/1
f 609/680/1 580/681/1 579/679/1
f 608/682/1 580/681/1 609/680/1
f 608/682/1 581/683/1 580/681/1
f 607/684/1 581/683/1 608/682/1
f 607/684/1 582/685/1 581/683/1
f 606/686/1 582/685/1 607/684/1
f 606/686/1 583/687/1 582/685/1
f 606/686/1 584/688/1 583/687/1
f 605/689/1 584/688/1 606/686/1
f 605/689/1 585/690/1 584/688/1
f 604/691/1 585/690/1 605/689/1
f 604/691/1 586/692/1 585/690/1
f 603/693/1 586/692/1 604/691/1
f 603/693/1 587/694/1 586/692/1
f 602/695/1 587/694/1 603/693/1
f 602/695/1 588/696/1 587/694/1
f 601/697/1 588/696/1 602/695/1
f 601/697/1 589/698/1 588/696/1
f 600/699/1 589/698/1 601/697/1
f 600/699/1 590/700/1 589/698/1
f 599/701/1 590/700/1 600/699/1
f 599/701/1 591/702/1 590/700/1
f 598/703/1 591/702/1 599/701/1
f 598/703/1 592/704/1 591/702/1
f 597/705/1 592/704/1 598/703/1
f 597/705/1 593/706/1 592/704/1
f 596/707/1 593/706/1 597/705/1
f 596/707/1 594/708/1 593/706/1
f 595/709/1 594/708/1 596/707/1
f 755/710/1 757/711/1 756/712/1
f 755/710/1 758/713/1 757/711/1
f 754/714/1 758/713/1 755/710/1
f 754/714/1 759/715/1 758/713/1
f 816/716/1 818/717/1 817/718/1
f 753/719/1 759/715/1 754/714/1
f 753/719/1 760/720/1 759/715/1
f 752/721/1 760/720/1 753/719/1
f 843/722/1 845/723/1 844/724/1
f 816/716/1 819/725/1 818/717/1
f 816/716/1 820/726/1 819/725/1
f 816/716/1 821/727/1 820/726/1
f 815/728/1 821/727/1 816/716/1
f 843/722/1 846/729/1 845/723/1
f 752/721/1 761/730/1 760/720/1
f 815/728/1 822/731/1 821/727/1
f 751/732/1 761/730/1 752/721/1
f 815/728/1 823/733/1 822/731/1
f 815/728/1 824/734/1 823/733/1
f 842/735/1 846/729/1 843/722/1
f 815/728/1 825/736/1 824/734/1
f 842/735/1 847/737/1 846/729/1
f 815/728/1 826/738/1 825/736/1
f 841/739/1 847/737/1 842/735/1
f 751/732/1 762/740/1 761/730/1
f 815/728/1 827/741/1 826/738/1
f 750/742/1 762/740/1 751/732/1
f 815/728/1 828/743/1 827/741/1
f 815/728/1 829/744/1 828/743/1
f 814/745/1 829/744/1 815/728/1
f 814/745/1 830/746/1 829/744/1
f 841/739/1 848/747/1 847/737/1
f 840/748/1 848/747/1 841/739/1
f 814/745/1 769/749/1 830/746/1
f 750/742/1 763/750/1 762/740/1
f 749/751/1 763/750/1 750/742/1
f 839/752/1 848/747/1 840/748/1
f 839/752/1 849/753/1 848/747/1
f 813/754/1 769/749/1 814/745/1
f 813/754/1 770/755/1 769/749/1
f 749/751/1 764/756/1 763/750/1
f 748/757/1 764/756/1 749/751/1
f 838/758/1 849/753/1 839/752/1
f 838/758/1 850/759/1 849/753/1
f 748/757/1 765/760/1 764/756/1
f 747/761/1 765/760/1 748/757/1
f 813/754/1 771/762/1 770/755/1
f 812/763/1 771/762/1 813/754/1
f 837/764/1 850/759/1 838/758/1
f 837/764/1 851/765/1 850/759/1
f 747/761/1 766/766/1 765/760/1
f 746/767/1 766/766/1 747/761/1
f 812/763/1 772/768/1 771/762/1
f 836/769/1 851/765/1 837/764/1
f 836/769/1 852/770/1 851/765/1
f 811/771/1 772/768/1 812/763/1
f 746/767/1 767/772/1 766/766/1
f 745/773/1 767/772/1 746/767/1
f 836/769/1 853/774/1 852/770/1
f 835/775/1 853/774/1 836/769/1
f 745/773/1 768/776/1 767/772/1
f 811/771/1 773/777/1 772/768/1
f 744/778/1 768/776/1 745/773/1
f 810/779/1 773/777/1 811/771/1
f 744/778/1 743/122/1 768/776/1
f 835/775/1 854/780/1 853/774/1
f 834/781/1 854/780/1 835/775/1
f 810/779/1 774/782/1 773/777/1
f 834/781/1 855/783/1 854/780/1
f 809/784/1 774/782/1 810/779/1
f 833/785/1 855/783/1 834/781/1
f 809/784/1 775/786/1 774/782/1
f 833/785/1 856/94/1 855/783/1
f 832/787/1 856/94/1 833/785/1
f 808/788/1 775/786/1 809/784/1
f 832/787/1 831/789/1 856/94/1
f 808/788/1 776/790/1 775/786/1
f 807/791/1 776/790/1 808/788/1
f 807/791/1 777/792/1 776/790/1
f 806/793/1 777/792/1 807/791/1
f 806/793/1 778/794/1 777/792/1
f 805/795/1 778/794/1 806/793/1
f 805/795/1 779/796/1 778/794/1
f 804/797/1 779/796/1 805/795/1
f 804/797/1 780/798/1 779/796/1
f 803/799/1 780/798/1 804/797/1
f 803/799/1 781/800/1 780/798/1
f 802/801/1 781/800/1 803/799/1
f 802/801/1 782/802/1 781/800/1
f 801/803/1 782/802/1 802/801/1
f 801/803/1 783/804/1 782/802/1
f 800/805/1 783/804/1 801/803/1
f 799/806/1 783/804/1 800/805/1
f 799/806/1 784/807/1 783/804/1
f 798/808/1 784/807/1 799/806/1
f 798/808/1 785/809/1 784/807/1
f 797/810/1 785/809/1 798/808/1
f 797/810/1 786/811/1 785/809/1
f 796/812/1 786/811/1 797/810/1
f 796/812/1 787/813/1 786/811/1
f 795/814/1 787/813/1 796/812/1
f 794/815/1 787/813/1 795/814/1
f 794/815/1 788/816/1 787/813/1
f 793/817/1 788/816/1 794/815/1
f 792/818/1 788/816/1 793/817/1
f 792/818/1 789/819/1 788/816/1
f 792/818/1 790/820/1 789/819/1
f 792/818/1 791/821/1 790/820/1
f 1004/822/1 1006/823/1 1005/824/1
f 1004/822/1 1007/825/1 1006/823/1
f 1003/826/1 1007/825/1 1004/822/1
f 1003/826/1 1008/827/1 1007/825/1
f 1002/828/1 1008/827/1 1003/826/1
f 1002/828/1 1009/829/1 1008/827/1
f 1001/830/1 1009/829/1 1002/828/1
f 1001/830/1 1010/831/1 1009/829/1
f 1000/832/1 1010/831/1 1001/830/1
f 1000/832/1 1011/833/1 1010/831/1
f 999/834/1 1011/833/1 1000/832/1
f 999/834/1 1012/835/1 1011/833/1
f 998/17/1 1012/835/1 999/834/1
f 998/17/1 1013/836/1 1012/835/1
f 997/837/1 1013/836/1 998/17/1
f 997/837/1 1014/838/1 1013/836/1
f 996/839/1 1014/838/1 997/837/1
f 996/839/1 1015/840/1 1014/838/1
f 995/841/1 1015/840/1 996/839/1
f 995/841/1 1016/842/1 1015/840/1
f 994/843/1 1016/842/1 995/841/1
f 994/843/1 1017/844/1 1016/842/1
f 993/845/1 1017/844/1 994/843/1
f 993/845/1 1018/846/1 1017/844/1
f 992/847/1 1018/846/1 993/845/1
f 992/847/1 1019/848/1 1018/846/1
f 1031/849/1 1033/850/1 1032/851/1
f 1030/852/1 1033/850/1 1031/849/1
f 1029/853/1 1033/850/1 1030/852/1
f 1028/854/1 1033/850/1 1029/853/1
f 978/855/1 980/856/1 979/857/1
f 1027/858/1 1033/850/1 1028/854/1
f 978/855/1 981/859/1 980/856/1
f 1026/860/1 1033/850/1 1027/858/1
f 978/855/1 982/861/1 981/859/1
f 1025/862/1 1033/850/1 1026/860/1
f 978/855/1 983/863/1 982/861/1
f 978/855/1 984/864/1 983/863/1
f 1024/865/1 1033/850/1 1025/862/1
f 978/855/1 985/866/1 984/864/1
f 1023/867/1 1033/850/1 1024/865/1
f 978/855/1 986/868/1 985/866/1
f 978/855/1 987/869/1 986/868/1
f 1022/870/1 1033/850/1 1023/867/1
f 978/855/1 988/871/1 987/869/1
f 1021/872/1 1033/850/1 1022/870/1
f 978/855/1 989/873/1 988/871/1
f 978/855/1 990/874/1 989/873/1
f 1020/875/1 1033/850/1 1021/872/1
f 978/855/1 991/876/1 990/874/1
f 978/855/1 992/847/1 991/876/1
f 978/855/1 1019/848/1 992/847/1
f 978/855/1 1020/875/1 1019/848/1
f 978/855/1 1033/850/1 1020/875/1
f 977/877/1 1033/850/1 978/855/1
f 976/878/1 1033/850/1 977/877/1
f 975/879/1 1033/850/1 976/878/1
f 974/880/1 1033/850/1 975/879/1
f 974/880/1 1034/881/1 1033/850/1
f 973/882/1 1034/881/1 974/880/1
f 973/882/1 1035/883/1 1034/881/1
f 973/882/1 1036/884/1 1035/883/1
f 972/885/1 1036/884/1 973/882/1
f 972/885/1 1037/886/1 1036/884/1
f 971/887/1 1037/886/1 972/885/1
f 971/887/1 1038/888/1 1037/886/1
f 970/889/1 1038/888/1 971/887/1
f 970/889/1 1039/890/1 1038/888/1
f 970/889/1 1040/891/1 1039/890/1
f 969/892/1 1040/891/1 970/889/1
f 969/892/1 1041/893/1 1040/891/1
f 968/894/1 1041/893/1 969/892/1
f 968/894/1 1042/895/1 1041/893/1
f 967/896/1 1042/895/1 968/894/1
f 967/896/1 917/897/1 1042/895/1
f 917/897/1 1043/898/1 1042/895/1
f 966/899/1 918/900/1 967/896/1
f 918/900/1 917/897/1 967/896/1
f 966/899/1 919/901/1 918/900/1
f 916/902/1 1043/898/1 917/897/1
f 916/902/1 1044/903/1 1043/898/1
f 916/902/1 1045/94/1 1044/903/1
f 965/904/1 919/901/1 966/899/1
f 965/904/1 920/905/1 919/901/1
f 916/902/1 857/122/1 1045/94/1
f 964/906/1 920/905/1 965/904/1
f 915/907/1 857/122/1 916/902/1
f 964/906/1 921/908/1 920/905/1
f 915/907/1 858/909/1 857/122/1
f 963/910/1 921/908/1 964/906/1
f 963/910/1 922/911/1 921/908/1
f 914/912/1 858/909/1 915/907/1
f 962/913/1 922/911/1 963/910/1
f 914/912/1 859/914/1 858/909/1
f 962/913/1 923/915/1 922/911/1
f 913/916/1 859/914/1 914/912/1
f 961/917/1 923/915/1 962/913/1
f 961/917/1 924/918/1 923/915/1
f 913/916/1 860/919/1 859/914/1
f 960/920/1 924/918/1 961/917/1
f 960/920/1 925/921/1 924/918/1
f 912/922/1 860/919/1 913/916/1
f 912/922/1 861/923/1 860/919/1
f 959/924/1 925/921/1 960/920/1
f 959/924/1 926/925/1 925/921/1
f 911/926/1 861/923/1 912/922/1
f 958/927/1 926/925/1 959/924/1
f 958/927/1 927/928/1 926/925/1
f 911/926/1 862/929/1 861/923/1
f 957/930/1 927/928/1 958/927/1
f 957/930/1 928/931/1 927/928/1
f 910/932/1 862/929/1 911/926/1
f 956/933/1 928/931/1 957/930/1
f 910/932/1 863/934/1 862/929/1
f 956/933/1 929/935/1 928/931/1
f 955/936/1 929/935/1 956/933/1
f 955/936/1 930/937/1 929/935/1
f 909/938/1 863/934/1 910/932/1
f 954/939/1 930/937/1 955/936/1
f 954/939/1 931/940/1 930/937/1
f 953/941/1 931/940/1 954/939/1
f 909/938/1 864/942/1 863/934/1
f 953/941/1 932/943/1 931/940/1
f 952/944/1 932/943/1 953/941/1
f 952/944/1 933/945/1 932/943/1
f 951/99/1 933/945/1 952/944/1
f 951/99/1 934/946/1 933/945/1
f 950/947/1 934/946/1 951/99/1
f 908/948/1 864/942/1 909/938/1
f 950/947/1 935/949/1 934/946/1
f 949/950/1 935/949/1 950/947/1
f 949/950/1 936/951/1 935/949/1
f 948/952/1 936/951/1 949/950/1
f 948/952/1 937/953/1 936/951/1
f 908/948/1 865/954/1 864/942/1
f 947/955/1 937/953/1 948/952/1
f 947/955/1 938/956/1 937/953/1
f 946/957/1 938/956/1 947/955/1
f 946/957/1 939/958/1 938/956/1
f 907/959/1 865/954/1 908/948/1
f 945/960/1 939/958/1 946/957/1
f 945/960/1 940/961/1 939/958/1
f 944/962/1 940/961/1 945/960/1
f 944/962/1 941/963/1 940/961/1
f 943/964/1 941/963/1 944/962/1
f 943/964/1 942/965/1 941/963/1
f 907/959/1 866/966/1 865/954/1
f 906/967/1 866/966/1 907/959/1
f 906/967/1 867/968/1 866/966/1
f 905/969/1 867/968/1 906/967/1
f 905/969/1 868/970/1 867/968/1
f 904/188/1 868/970/1 905/969/1
f 904/188/1 869/971/1 868/970/1
f 903/972/1 869/971/1 904/188/1
f 902/973/1 869/971/1 903/972/1
f 902/973/1 870/974/1 869/971/1
f 901/975/1 870/974/1 902/973/1
f 901/975/1 871/976/1 870/974/1
f 900/977/1 871/976/1 901/975/1
f 899/978/1 871/976/1 900/977/1
f 899/978/1 872/979/1 871/976/1
f 898/980/1 872/979/1 899/978/1
f 897/981/1 872/979/1 898/980/1
f 897/981/1 873/982/1 872/979/1
f 896/983/1 873/982/1 897/981/1
f 896/983/1 874/984/1 873/982/1
f 895/985/1 874/984/1 896/983/1
f 894/986/1 874/984/1 895/985/1
f 893/987/1 874/984/1 894/986/1
f 893/987/1 875/988/1 874/984/1
f 892/989/1 875/988/1 893/987/1
f 891/990/1 875/988/1 892/989/1
f 890/991/1 875/988/1 891/990/1
f 889/992/1 875/988/1 890/991/1
f 888/993/1 875/988/1 889/992/1
f 887/994/1 875/988/1 888/993/1
f 887/994/1 876/995/1 875/988/1
f 886/996/1 876/995/1 887/994/1
f 885/997/1 876/995/1 886/996/1
f 884/998/1 876/995/1 885/997/1
f 883/999/1 876/995/1 884/998/1
f 882/1000/1 876/995/1 883/999/1
f 881/1001/1 876/995/1 882/1000/1
f 880/1002/1 876/995/1 881/1001/1
f 880/1002/1 877/1003/1 876/995/1
f 880/1002/1 878/1004/1 877/1003/1
f 880/1002/1 879/1005/1 878/1004/1
f 1197/1/3 1198/3/3 1199/2/3
f 1197/1/3 1199/2/3 1200/4/3
f 1196/5/3 1197/1/3 1200/4/3
f 1196/5/3 1200/4/3 1201/6/3
f 1195/7/3 1196/5/3 1201/6/3
f 1195/7/3 1201/6/3 1202/8/3
f 1194/9/3 1195/7/3 1202/8/3
f 1194/9/3 1202/8/3 1203/10/3
f 1193/11/3 1194/9/3 1203/10/3
f 1193/11/3 1203/10/3 1204/12/3
f 1192/13/3 1193/11/3 1204/12/3
f 1192/13/3 1204/12/3 1205/14/3
f 1191/15/3 1192/13/3 1205/14/3
f 1191/15/3 1205/14/3 1206/16/3
f 1190/17/3 1191/15/3 1206/16/3
f 1190/17/3 1206/16/3 1207/18/3
f 1189/19/3 1190/17/3 1207/18/3
f 1189/19/3 1207/18/3 1208/20/3
f 1188/21/3 1189/19/3 1208/20/3
f 1188/21/3 1208/20/3 1209/22/3
f 1187/23/3 1188/21/3 1209/22/3
f 1187/23/3 1209/22/3 1210/24/3
f 1186/25/3 1187/23/3 1210/24/3
f 1186/25/3 1210/24/3 1211/26/3
f 1185/27/3 1186/25/3 1211/26/3
f 1185/27/3 1211/26/3 1212/28/3
f 1224/29/3 1225/31/3 1226/30/3
f 1171/32/3 1172/34/3 1173/33/3
f 1223/35/3 1224/29/3 1226/30/3
f 1171/32/3 1173/33/3 1174/36/3
f 1222/37/3 1223/35/3 1226/30/3
f 1171/32/3 1174/36/3 1175/38/3
f 1221/39/3 1222/37/3 1226/30/3
f 1171/32/3 1175/38/3 1176/40/3
f 1220/41/3 1221/39/3 1226/30/3
f 1171/32/3 1176/40/3 1177/42/3
f 1219/43/3 1220/41/3 1226/30/3
f 1171/32/3 1177/42/3 1178/44/3
f 1218/45/3 1219/43/3 1226/30/3
f 1171/32/3 1178/44/3 1179/46/3
f 1217/47/3 1218/45/3 1226/30/3
f 1171/32/3 1179/46/3 1180/48/3
f 1216/49/3 1217/47/3 1226/30/3
f 1171/32/3 1180/48/3 1181/50/3
f 1215/51/3 1216/49/3 1226/30/3
f 1171/32/3 1181/50/3 1182/52/3
f 1214/53/3 1215/51/3 1226/30/3
f 1171/32/3 1182/52/3 1183/54/3
f 1213/55/3 1214/53/3 1226/30/3
f 1171/32/3 1183/54/3 1184/56/3
f 1171/32/3 1184/56/3 1185/27/3
f 1171/32/3 1185/27/3 1212/28/3
f 1171/32/3 1212/28/3 1213/55/3
f 1171/32/3 1213/55/3 1170/57/3
f 1170/57/3 1213/55/3 1169/58/3
f 1169/58/3 1213/55/3 1226/30/3
f 1169/58/3 1226/30/3 1168/59/3
f 1168/59/3 1226/30/3 1227/60/3
f 1168/59/4 1227/60/4 1167/61/4
f 1167/61/3 1227/60/3 1166/62/3
f 1166/62/3 1227/60/3 1228/63/3
f 1166/62/3 1228/63/3 1165/64/3
f 1165/64/3 1228/63/3 1164/65/3
f 1164/65/3 1228/63/3 1229/66/3
f 1164/65/3 1229/66/3 1163/67/3
f 1163/67/3 1229/66/3 1162/68/3
f 1162/68/3 1229/66/3 1230/69/3
f 1162/68/3 1230/69/3 1161/70/3
f 1161/70/3 1230/69/3 1160/71/3
f 1160/71/3 1230/69/3 1231/72/3
f 1160/71/3 1231/72/3 1159/73/3
f 1159/73/3 1231/72/3 1232/74/3
f 1159/73/3 1232/74/3 1158/75/3
f 1158/75/3 1232/74/3 1156/76/3
f 1156/76/3 1232/74/3 1153/77/3
f 1153/77/3 1232/74/3 1151/78/3
f 1151/78/3 1232/74/3 1150/79/3
f 1150/79/3 1232/74/3 1149/80/3
f 1149/80/3 1232/74/3 1148/81/3
f 1148/81/3 1232/74/3 1147/82/3
f 1147/82/3 1232/74/3 1233/83/3
f 1157/84/3 1158/75/3 1156/76/3
f 1155/85/1 1156/76/1 1153/77/1
f 1154/86/1 1155/85/1 1153/77/1
f 1152/87/3 1153/77/3 1151/78/3
f 1146/88/3 1147/82/3 1233/83/3
f 1146/88/3 1233/83/3 1234/89/3
f 1146/88/3 1234/89/3 1235/90/3
f 1145/91/3 1146/88/3 1235/90/3
f 1145/91/3 1235/90/3 1236/92/3
f 1145/91/3 1236/92/3 1237/93/3
f 1145/91/3 1237/93/3 1238/94/3
f 1144/95/3 1145/91/3 1238/94/3
f 1144/95/3 1238/94/3 1072/96/3
f 1143/97/3 1144/95/3 1072/96/3
f 1143/97/3 1072/96/3 1073/98/3
f 1142/99/3 1143/97/3 1073/98/3
f 1142/99/3 1073/98/3 1074/100/3
f 1141/101/3 1142/99/3 1074/100/3
f 1141/101/3 1074/100/3 1075/102/3
f 1140/103/3 1141/101/3 1075/102/3
f 1140/103/3 1075/102/3 1076/104/3
f 1139/105/3 1140/103/3 1076/104/3
f 1139/105/3 1076/104/3 1077/106/3
f 1138/107/3 1139/105/3 1077/106/3
f 1138/107/3 1077/106/3 1078/108/3
f 1137/109/3 1138/107/3 1078/108/3
f 1137/109/3 1078/108/3 1079/110/3
f 1136/111/3 1137/109/3 1079/110/3
f 1136/111/3 1079/110/3 1080/112/3
f 1135/113/3 1136/111/3 1080/112/3
f 1134/114/3 1135/113/3 1080/112/3
f 1134/114/3 1080/112/3 1081/115/3
f 1133/116/3 1134/114/3 1081/115/3
f 1133/116/3 1081/115/3 1082/117/3
f 1132/118/3 1133/116/3 1082/117/3
f 1132/118/3 1082/117/3 1083/119/3
f 1071/120/3 1046/122/3 1047/121/3
f 1131/123/3 1132/118/3 1083/119/3
f 1131/123/3 1083/119/3 1110/124/3
f 1110/124/3 1083/119/3 1084/125/3
f 1071/120/3 1047/121/3 1048/126/3
f 1130/127/3 1131/123/3 1110/124/3
f 1071/120/3 1048/126/3 1049/128/3
f 1129/129/3 1130/127/3 1110/124/3
f 1071/120/3 1049/128/3 1050/130/3
f 1071/120/3 1050/130/3 1051/131/3
f 1128/132/3 1129/129/3 1110/124/3
f 1071/120/3 1051/131/3 1052/133/3
f 1070/134/3 1071/120/3 1052/133/3
f 1127/135/3 1128/132/3 1110/124/3
f 1127/135/3 1110/124/3 1111/136/3
f 1109/137/3 1110/124/3 1084/125/3
f 1070/134/3 1052/133/3 1053/138/3
f 1069/139/3 1070/134/3 1053/138/3
f 1127/135/3 1111/136/3 1112/140/3
f 1126/141/3 1127/135/3 1112/140/3
f 1069/139/3 1053/138/3 1054/142/3
f 1068/143/3 1069/139/3 1054/142/3
f 1126/141/3 1112/140/3 1113/144/3
f 1125/145/3 1126/141/3 1113/144/3
f 1068/143/3 1054/142/3 1055/146/3
f 1067/147/3 1068/143/3 1055/146/3
f 1125/145/3 1113/144/3 1114/148/3
f 1124/149/3 1125/145/3 1114/148/3
f 1067/147/3 1055/146/3 1056/150/3
f 1066/151/3 1067/147/3 1056/150/3
f 1124/149/3 1114/148/3 1115/152/3
f 1123/153/3 1124/149/3 1115/152/3
f 1066/151/3 1056/150/3 1057/154/3
f 1065/155/3 1066/151/3 1057/154/3
f 1123/153/3 1115/152/3 1116/156/3
f 1122/157/3 1123/153/3 1116/156/3
f 1065/155/3 1057/154/3 1058/158/3
f 1064/159/3 1065/155/3 1058/158/3
f 1122/157/3 1116/156/3 1117/160/3
f 1063/161/3 1064/159/3 1058/158/3
f 1063/161/3 1058/158/3 1062/162/3
f 1062/162/3 1058/158/3 1061/163/3
f 1061/163/3 1058/158/3 1060/164/3
f 1060/164/3 1058/158/3 1059/165/3
f 1122/157/3 1117/160/3 1118/166/3
f 1122/157/3 1118/166/3 1119/167/3
f 1122/157/3 1119/167/3 1120/168/3
f 1122/157/3 1120/168/3 1121/169/3
f 1108/170/3 1109/137/3 1084/125/3
f 1108/170/3 1084/125/3 1085/171/3
f 1108/170/3 1085/171/3 1086/172/3
f 1107/173/3 1108/170/3 1086/172/3
f 1107/173/3 1086/172/3 1087/174/3
f 1106/175/3 1107/173/3 1087/174/3
f 1106/175/3 1087/174/3 1088/176/3
f 1105/177/3 1106/175/3 1088/176/3
f 1105/177/3 1088/176/3 1089/178/3
f 1104/179/3 1105/177/3 1089/178/3
f 1104/179/3 1089/178/3 1090/180/3
f 1103/181/3 1104/179/3 1090/180/3
f 1103/181/3 1090/180/3 1091/182/3
f 1102/183/3 1103/181/3 1091/182/3
f 1102/183/3 1091/182/3 1092/184/3
f 1101/185/3 1102/183/3 1092/184/3
f 1101/185/3 1092/184/3 1093/186/3
f 1100/187/3 1101/185/3 1093/186/3
f 1100/187/3 1093/186/3 1094/188/3
f 1099/189/3 1100/187/3 1094/188/3
f 1099/189/3 1094/188/3 1095/190/3
f 1098/191/3 1099/189/3 1095/190/3
f 1098/191/3 1095/190/3 1096/192/3
f 1097/193/3 1098/191/3 1096/192/3
f 1277/194/3 1278/196/3 1279/195/3
f 1277/194/3 1279/195/3 1280/197/3
f 1277/194/3 1280/197/3 1281/198/3
f 1276/199/3 1277/194/3 1281/198/3
f 1276/199/3 1281/198/3 1282/200/3
f 1275/201/3 1276/199/3 1282/200/3
f 1251/202/3 1252/204/3 1253/203/3
f 1274/205/3 1275/201/3 1282/200/3
f 1274/205/3 1282/200/3 1283/108/3
f 1451/206/3 1452/208/3 1453/207/3
f 1451/206/3 1453/207/3 1454/209/3
f 1251/202/3 1253/203/3 1254/210/3
f 1273/211/3 1274/205/3 1283/108/3
f 1451/206/3 1454/209/3 1455/212/3
f 1450/213/3 1451/206/3 1455/212/3
f 1273/211/3 1283/108/3 1284/214/3
f 1251/202/3 1254/210/3 1255/215/3
f 1450/213/3 1455/212/3 1456/216/3
f 1449/217/3 1450/213/3 1456/216/3
f 1250/142/3 1251/202/3 1255/215/3
f 1272/134/3 1273/211/3 1284/214/3
f 1449/217/3 1456/216/3 1457/218/3
f 1272/134/3 1284/214/3 1285/219/3
f 1448/3/3 1449/217/3 1457/218/3
f 1250/142/3 1255/215/3 1256/220/3
f 1249/221/3 1250/142/3 1256/220/3
f 1448/3/3 1457/218/3 1458/222/3
f 1447/223/3 1448/3/3 1458/222/3
f 1271/224/3 1272/134/3 1285/219/3
f 1271/224/3 1285/219/3 1286/225/3
f 1447/223/3 1458/222/3 1459/16/3
f 1249/221/3 1256/220/3 1257/226/3
f 1446/227/3 1447/223/3 1459/16/3
f 1248/228/3 1249/221/3 1257/226/3
f 1446/227/3 1459/16/3 1460/229/3
f 1270/230/3 1271/224/3 1286/225/3
f 1445/231/3 1446/227/3 1460/229/3
f 1270/230/3 1286/225/3 1287/232/3
f 1248/228/3 1257/226/3 1258/233/3
f 1247/234/3 1248/228/3 1258/233/3
f 1445/231/3 1460/229/3 1461/235/3
f 1444/236/3 1445/231/3 1461/235/3
f 1269/237/3 1270/230/3 1287/232/3
f 1444/236/3 1461/235/3 1462/238/3
f 1269/237/3 1287/232/3 1288/239/3
f 1443/240/3 1444/236/3 1462/238/3
f 1246/241/3 1247/234/3 1258/233/3
f 1246/241/3 1258/233/3 1259/242/3
f 1443/240/3 1462/238/3 1463/243/3
f 1442/244/3 1443/240/3 1463/243/3
f 1268/245/3 1269/237/3 1288/239/3
f 1268/245/3 1288/239/3 1289/246/3
f 1442/244/3 1463/243/3 1464/247/3
f 1245/248/3 1246/241/3 1259/242/3
f 1245/248/3 1259/242/3 1260/249/3
f 1441/250/3 1442/244/3 1464/247/3
f 1441/250/3 1464/247/3 1465/251/3
f 1267/252/3 1268/245/3 1289/246/3
f 1440/253/3 1441/250/3 1465/251/3
f 1267/252/3 1289/246/3 1290/254/3
f 1440/253/3 1465/251/3 1466/255/3
f 1244/256/3 1245/248/3 1260/249/3
f 1244/256/3 1260/249/3 1261/162/3
f 1439/257/3 1440/253/3 1466/255/3
f 1267/252/3 1290/254/3 1266/258/3
f 1266/258/3 1290/254/3 1265/259/3
f 1439/257/3 1466/255/3 1467/260/3
f 1438/261/3 1439/257/3 1467/260/3
f 1243/262/3 1244/256/3 1261/162/3
f 1243/262/3 1261/162/3 1262/263/3
f 1438/261/3 1467/260/3 1468/264/3
f 1437/17/3 1438/261/3 1468/264/3
f 1243/262/3 1262/263/3 1263/265/3
f 1242/266/3 1243/262/3 1263/265/3
f 1437/17/3 1468/264/3 1469/267/3
f 1436/268/3 1437/17/3 1469/267/3
f 1436/268/3 1469/267/3 1470/53/3
f 1242/266/3 1263/265/3 1264/269/3
f 1435/270/3 1436/268/3 1470/53/3
f 1241/271/3 1242/266/3 1264/269/3
f 1435/270/3 1470/53/3 1471/272/3
f 1434/273/3 1435/270/3 1471/272/3
f 1241/271/3 1264/269/3 1240/274/3
f 1240/274/3 1264/269/3 1239/122/3
f 1434/273/3 1471/272/3 1472/275/3
f 1433/276/3 1434/273/3 1472/275/3
f 1433/276/3 1472/275/3 1473/277/3
f 1432/278/3 1433/276/3 1473/277/3
f 1432/278/3 1473/277/3 1474/279/3
f 1431/280/3 1432/278/3 1474/279/3
f 1431/280/3 1474/279/3 1475/281/3
f 1430/282/3 1431/280/3 1475/281/3
f 1430/282/3 1475/281/3 1476/283/3
f 1429/284/3 1430/282/3 1476/283/3
f 1429/284/3 1476/283/3 1477/285/3
f 1428/286/3 1429/284/3 1477/285/3
f 1414/287/3 1415/36/3 1416/288/3
f 1489/289/3 1490/291/3 1491/290/3
f 1414/287/3 1416/288/3 1417/292/3
f 1488/293/3 1489/289/3 1491/290/3
f 1414/287/3 1417/292/3 1418/294/3
f 1487/295/3 1488/293/3 1491/290/3
f 1414/287/3 1418/294/3 1419/296/3
f 1486/297/3 1487/295/3 1491/290/3
f 1414/287/3 1419/296/3 1420/298/3
f 1485/299/3 1486/297/3 1491/290/3
f 1414/287/3 1420/298/3 1421/300/3
f 1484/301/3 1485/299/3 1491/290/3
f 1414/287/3 1421/300/3 1422/302/3
f 1483/303/3 1484/301/3 1491/290/3
f 1414/287/3 1422/302/3 1423/304/3
f 1482/305/3 1483/303/3 1491/290/3
f 1414/287/3 1423/304/3 1424/306/3
f 1481/37/3 1482/305/3 1491/290/3
f 1414/287/3 1424/306/3 1425/307/3
f 1480/308/3 1481/37/3 1491/290/3
f 1414/287/3 1425/307/3 1426/52/3
f 1479/309/3 1480/308/3 1491/290/3
f 1414/287/3 1426/52/3 1427/310/3
f 1478/311/3 1479/309/3 1491/290/3
f 1414/287/3 1427/310/3 1428/286/3
f 1414/287/3 1428/286/3 1477/285/3
f 1414/287/3 1477/285/3 1478/311/3
f 1414/287/3 1478/311/3 1413/312/3
f 1413/312/3 1478/311/3 1412/313/3
f 1412/313/3 1478/311/3 1491/290/3
f 1412/313/3 1491/290/3 1492/69/3
f 1412/313/3 1492/69/3 1411/314/3
f 1411/314/3 1492/69/3 1493/315/3
f 1411/314/3 1493/315/3 1494/316/3
f 1411/314/3 1494/316/3 1410/317/3
f 1410/317/3 1494/316/3 1495/318/3
f 1410/317/3 1495/318/3 1496/319/3
f 1410/317/3 1496/319/3 1409/320/3
f 1409/320/3 1496/319/3 1497/321/3
f 1409/320/3 1497/321/3 1498/322/3
f 1409/320/3 1498/322/3 1408/323/3
f 1408/323/3 1498/322/3 1499/324/3
f 1408/323/3 1499/324/3 1407/325/3
f 1407/325/3 1499/324/3 1500/326/3
f 1407/325/3 1500/326/3 1501/327/3
f 1407/325/3 1501/327/3 1406/328/3
f 1406/328/3 1501/327/3 1502/329/3
f 1406/328/3 1502/329/3 1405/330/3
f 1405/330/3 1502/329/3 1503/94/3
f 1405/330/4 1503/94/4 1404/62/4
f 1404/62/3 1503/94/3 1403/331/3
f 1403/331/3 1503/94/3 1402/332/3
f 1402/332/3 1503/94/3 1401/333/3
f 1401/333/3 1503/94/3 1364/334/3
f 1364/334/3 1503/94/3 1363/335/3
f 1363/335/3 1503/94/3 1291/336/3
f 1400/337/3 1401/333/3 1364/334/3
f 1400/337/3 1364/334/3 1365/338/3
f 1362/339/3 1363/335/3 1291/336/3
f 1362/339/3 1291/336/3 1292/340/3
f 1361/341/3 1362/339/3 1292/340/3
f 1399/342/3 1400/337/3 1365/338/3
f 1361/341/3 1292/340/3 1293/343/3
f 1360/114/3 1361/341/3 1293/343/3
f 1399/342/3 1365/338/3 1366/344/3
f 1398/345/3 1399/342/3 1366/344/3
f 1360/114/3 1293/343/3 1294/172/3
f 1359/346/3 1360/114/3 1294/172/3
f 1398/345/3 1366/344/3 1367/347/3
f 1397/348/3 1398/345/3 1367/347/3
f 1358/349/3 1359/346/3 1294/172/3
f 1358/349/3 1294/172/3 1295/350/3
f 1396/351/3 1397/348/3 1367/347/3
f 1357/352/3 1358/349/3 1295/350/3
f 1357/352/3 1295/350/3 1296/353/3
f 1396/351/3 1367/347/3 1368/354/3
f 1395/355/3 1396/351/3 1368/354/3
f 1356/356/3 1357/352/3 1296/353/3
f 1356/356/3 1296/353/3 1297/357/3
f 1395/355/3 1368/354/3 1369/358/3
f 1394/359/3 1395/355/3 1369/358/3
f 1355/360/3 1356/356/3 1297/357/3
f 1355/360/3 1297/357/3 1298/361/3
f 1393/75/3 1394/359/3 1369/358/3
f 1393/75/3 1369/358/3 1370/362/3
f 1354/363/3 1355/360/3 1298/361/3
f 1392/364/3 1393/75/3 1370/362/3
f 1354/363/3 1298/361/3 1299/365/3
f 1392/364/3 1370/362/3 1371/99/3
f 1353/366/3 1354/363/3 1299/365/3
f 1391/367/3 1392/364/3 1371/99/3
f 1390/368/3 1391/367/3 1371/99/3
f 1353/366/3 1299/365/3 1300/369/3
f 1352/370/3 1353/366/3 1300/369/3
f 1390/368/3 1371/99/3 1372/371/3
f 1389/372/3 1390/368/3 1372/371/3
f 1351/373/3 1352/370/3 1300/369/3
f 1351/373/3 1300/369/3 1301/374/3
f 1388/375/3 1389/372/3 1372/371/3
f 1388/375/3 1372/371/3 1373/376/3
f 1387/377/3 1388/375/3 1373/376/3
f 1350/378/3 1351/373/3 1301/374/3
f 1386/379/3 1387/377/3 1373/376/3
f 1349/141/3 1350/378/3 1301/374/3
f 1348/380/3 1349/141/3 1301/374/3
f 1385/381/3 1386/379/3 1373/376/3
f 1347/382/3 1348/380/3 1301/374/3
f 1346/383/3 1347/382/3 1301/374/3
f 1384/384/3 1385/381/3 1373/376/3
f 1326/385/3 1327/124/3 1328/386/3
f 1346/383/3 1301/374/3 1302/387/3
f 1345/388/3 1346/383/3 1302/387/3
f 1326/385/3 1328/386/3 1329/389/3
f 1326/385/3 1329/389/3 1330/390/3
f 1344/391/3 1345/388/3 1302/387/3
f 1326/385/3 1330/390/3 1331/392/3
f 1383/393/3 1384/384/3 1373/376/3
f 1326/385/3 1331/392/3 1332/394/3
f 1343/395/3 1344/391/3 1302/387/3
f 1326/385/3 1332/394/3 1333/396/3
f 1342/397/3 1343/395/3 1302/387/3
f 1326/385/3 1333/396/3 1334/398/3
f 1383/393/3 1373/376/3 1374/399/3
f 1326/385/3 1334/398/3 1335/400/3
f 1341/401/3 1342/397/3 1302/387/3
f 1326/385/3 1335/400/3 1336/402/3
f 1326/385/3 1336/402/3 1337/403/3
f 1340/404/3 1341/401/3 1302/387/3
f 1326/385/3 1337/403/3 1338/166/3
f 1339/405/3 1340/404/3 1302/387/3
f 1326/385/3 1338/166/3 1339/405/3
f 1326/385/3 1339/405/3 1302/387/3
f 1382/79/3 1383/393/3 1374/399/3
f 1381/406/3 1382/79/3 1374/399/3
f 1380/407/3 1381/406/3 1374/399/3
f 1326/385/3 1302/387/3 1303/408/3
f 1379/409/3 1380/407/3 1374/399/3
f 1378/410/3 1379/409/3 1374/399/3
f 1326/385/3 1303/408/3 1304/411/3
f 1377/412/3 1378/410/3 1374/399/3
f 1377/412/3 1374/399/3 1375/413/3
f 1376/414/3 1377/412/3 1375/413/3
f 1326/385/3 1304/411/3 1305/188/3
f 1326/385/3 1305/188/3 1306/415/3
f 1326/385/3 1306/415/3 1307/416/3
f 1326/385/3 1307/416/3 1308/417/3
f 1326/385/3 1308/417/3 1309/418/3
f 1326/385/3 1309/418/3 1310/419/3
f 1325/420/3 1326/385/3 1310/419/3
f 1325/420/3 1310/419/3 1311/421/3
f 1324/422/3 1325/420/3 1311/421/3
f 1323/423/3 1324/422/3 1311/421/3
f 1322/424/3 1323/423/3 1311/421/3
f 1322/424/3 1311/421/3 1312/425/3
f 1321/426/3 1322/424/3 1312/425/3
f 1320/427/3 1321/426/3 1312/425/3
f 1319/428/3 1320/427/3 1312/425/3
f 1319/428/3 1312/425/3 1313/429/3
f 1318/430/3 1319/428/3 1313/429/3
f 1317/431/3 1318/430/3 1313/429/3
f 1316/183/3 1317/431/3 1313/429/3
f 1316/183/3 1313/429/3 1314/432/3
f 1315/433/3 1316/183/3 1314/432/3
f 1614/434/3 1615/94/3 1554/435/3
f 1614/434/3 1554/435/3 1555/436/3
f 1614/434/3 1555/436/3 1556/437/3
f 1613/438/3 1614/434/3 1556/437/3
f 1613/438/3 1556/437/3 1557/439/3
f 1613/438/3 1557/439/3 1558/440/3
f 1613/438/3 1558/440/3 1559/441/3
f 1613/438/3 1559/441/3 1560/442/3
f 1613/438/3 1560/442/3 1561/443/3
f 1612/444/3 1613/438/3 1561/443/3
f 1612/444/3 1561/443/3 1562/445/3
f 1612/444/3 1562/445/3 1563/446/3
f 1612/444/3 1563/446/3 1564/447/3
f 1612/444/3 1564/447/3 1565/448/3
f 1612/444/3 1565/448/3 1566/449/3
f 1612/444/3 1566/449/3 1567/450/3
f 1611/451/3 1612/444/3 1567/450/3
f 1611/451/3 1567/450/3 1568/452/3
f 1610/453/3 1611/451/3 1568/452/3
f 1610/453/3 1568/452/3 1569/454/3
f 1610/453/3 1569/454/3 1570/455/3
f 1609/456/3 1610/453/3 1570/455/3
f 1609/456/3 1570/455/3 1571/457/3
f 1608/458/3 1609/456/3 1571/457/3
f 1608/458/3 1571/457/3 1572/459/3
f 1607/460/3 1608/458/3 1572/459/3
f 1607/460/3 1572/459/3 1573/461/3
f 1606/462/3 1607/460/3 1573/461/3
f 1606/462/3 1573/461/3 1574/463/3
f 1605/464/3 1606/462/3 1574/463/3
f 1605/464/3 1574/463/3 1575/465/3
f 1604/466/3 1605/464/3 1575/465/3
f 1604/466/3 1575/465/3 1576/467/3
f 1603/468/3 1604/466/3 1576/467/3
f 1603/468/3 1576/467/3 1577/469/3
f 1602/470/3 1603/468/3 1577/469/3
f 1602/470/3 1577/469/3 1578/36/3
f 1601/471/3 1602/470/3 1578/36/3
f 1601/471/3 1578/36/3 1579/472/3
f 1600/473/3 1601/471/3 1579/472/3
f 1600/473/3 1579/472/3 1580/474/3
f 1599/475/3 1600/473/3 1580/474/3
f 1599/475/3 1580/474/3 1581/476/3
f 1598/477/3 1599/475/3 1581/476/3
f 1598/477/3 1581/476/3 1582/478/3
f 1597/479/3 1598/477/3 1582/478/3
f 1597/479/3 1582/478/3 1583/480/3
f 1596/481/3 1597/479/3 1583/480/3
f 1596/481/3 1583/480/3 1584/482/3
f 1595/483/3 1596/481/3 1584/482/3
f 1595/483/3 1584/482/3 1585/484/3
f 1594/485/3 1595/483/3 1585/484/3
f 1594/485/3 1585/484/3 1586/486/3
f 1593/487/3 1594/485/3 1586/486/3
f 1593/487/3 1586/486/3 1587/488/3
f 1592/489/3 1593/487/3 1587/488/3
f 1592/489/3 1587/488/3 1588/490/3
f 1591/491/3 1592/489/3 1588/490/3
f 1591/491/3 1588/490/3 1589/492/3
f 1590/493/3 1591/491/3 1589/492/3
f 1553/494/3 1504/122/3 1505/495/3
f 1553/494/3 1505/495/3 1506/496/3
f 1552/497/3 1553/494/3 1506/496/3
f 1552/497/3 1506/496/3 1507/498/3
f 1551/499/3 1552/497/3 1507/498/3
f 1551/499/3 1507/498/3 1508/500/3
f 1550/501/3 1551/499/3 1508/500/3
f 1550/501/3 1508/500/3 1509/502/3
f 1549/503/3 1550/501/3 1509/502/3
f 1549/503/3 1509/502/3 1510/504/3
f 1548/505/3 1549/503/3 1510/504/3
f 1548/505/3 1510/504/3 1511/506/3
f 1547/507/3 1548/505/3 1511/506/3
f 1547/507/3 1511/506/3 1512/508/3
f 1546/509/3 1547/507/3 1512/508/3
f 1545/510/3 1546/509/3 1512/508/3
f 1545/510/3 1512/508/3 1513/511/3
f 1544/512/3 1545/510/3 1513/511/3
f 1544/512/3 1513/511/3 1514/513/3
f 1543/514/3 1544/512/3 1514/513/3
f 1543/514/3 1514/513/3 1515/515/3
f 1543/514/3 1515/515/3 1516/516/3
f 1542/517/3 1543/514/3 1516/516/3
f 1542/517/3 1516/516/3 1517/518/3
f 1541/124/3 1542/517/3 1517/518/3
f 1541/124/3 1517/518/3 1518/519/3
f 1540/520/3 1541/124/3 1518/519/3
f 1540/520/3 1518/519/3 1519/521/3
f 1539/522/3 1540/520/3 1519/521/3
f 1539/522/3 1519/521/3 1520/523/3
f 1538/524/3 1539/522/3 1520/523/3
f 1537/525/3 1538/524/3 1520/523/3
f 1537/525/3 1520/523/3 1521/526/3
f 1536/527/3 1537/525/3 1521/526/3
f 1536/527/3 1521/526/3 1522/528/3
f 1535/529/3 1536/527/3 1522/528/3
f 1535/529/3 1522/528/3 1523/530/3
f 1534/531/3 1535/529/3 1523/530/3
f 1534/531/3 1523/530/3 1524/532/3
f 1533/533/3 1534/531/3 1524/532/3
f 1533/533/3 1524/532/3 1525/534/3
f 1532/535/3 1533/533/3 1525/534/3
f 1532/535/3 1525/534/3 1526/536/3
f 1531/537/3 1532/535/3 1526/536/3
f 1531/537/3 1526/536/3 1527/538/3
f 1530/539/3 1531/537/3 1527/538/3
f 1530/539/3 1527/538/3 1528/540/3
f 1530/539/3 1528/540/3 1529/541/3
f 1773/542/3 1774/544/3 1775/543/3
f 1773/542/3 1775/543/3 1776/545/3
f 1772/546/3 1773/542/3 1776/545/3
f 1772/546/3 1776/545/3 1777/547/3
f 1771/548/3 1772/546/3 1777/547/3
f 1771/548/3 1777/547/3 1778/549/3
f 1770/550/3 1771/548/3 1778/549/3
f 1770/550/3 1778/549/3 1779/551/3
f 1769/552/3 1770/550/3 1779/551/3
f 1769/552/3 1779/551/3 1780/553/3
f 1768/554/3 1769/552/3 1780/553/3
f 1768/554/3 1780/553/3 1781/555/3
f 1767/556/3 1768/554/3 1781/555/3
f 1767/556/3 1781/555/3 1782/557/3
f 1766/558/3 1767/556/3 1782/557/3
f 1766/558/3 1782/557/3 1783/559/3
f 1765/560/3 1766/558/3 1783/559/3
f 1765/560/3 1783/559/3 1784/561/3
f 1764/562/3 1765/560/3 1784/561/3
f 1764/562/3 1784/561/3 1785/563/3
f 1763/564/3 1764/562/3 1785/563/3
f 1763/564/3 1785/563/3 1786/565/3
f 1762/566/3 1763/564/3 1786/565/3
f 1762/566/3 1786/565/3 1787/94/3
f 1761/567/3 1762/566/3 1787/94/3
f 1761/567/3 1787/94/3 1690/568/3
f 1760/569/3 1761/567/3 1690/568/3
f 1760/569/3 1690/568/3 1691/570/3
f 1759/571/3 1760/569/3 1691/570/3
f 1759/571/3 1691/570/3 1692/572/3
f 1758/573/3 1759/571/3 1692/572/3
f 1758/573/3 1692/572/3 1693/574/3
f 1757/575/3 1758/573/3 1693/574/3
f 1757/575/3 1693/574/3 1694/576/3
f 1756/577/3 1757/575/3 1694/576/3
f 1756/577/3 1694/576/3 1695/578/3
f 1755/579/3 1756/577/3 1695/578/3
f 1755/579/3 1695/578/3 1696/580/3
f 1754/581/3 1755/579/3 1696/580/3
f 1754/581/3 1696/580/3 1697/582/3
f 1753/583/3 1754/581/3 1697/582/3
f 1753/583/3 1697/582/3 1698/584/3
f 1752/585/3 1753/583/3 1698/584/3
f 1752/585/3 1698/584/3 1699/586/3
f 1751/587/3 1752/585/3 1699/586/3
f 1751/587/3 1699/586/3 1700/588/3
f 1750/589/3 1751/587/3 1700/588/3
f 1750/589/3 1700/588/3 1701/590/3
f 1749/591/3 1750/589/3 1701/590/3
f 1749/591/3 1701/590/3 1702/592/3
f 1748/593/3 1749/591/3 1702/592/3
f 1748/593/3 1702/592/3 1703/594/3
f 1747/595/3 1748/593/3 1703/594/3
f 1747/595/3 1703/594/3 1704/596/3
f 1746/597/3 1747/595/3 1704/596/3
f 1746/597/3 1704/596/3 1705/598/3
f 1745/599/3 1746/597/3 1705/598/3
f 1744/600/3 1745/599/3 1705/598/3
f 1744/600/3 1705/598/3 1706/601/3
f 1743/602/3 1744/600/3 1706/601/3
f 1743/602/3 1706/601/3 1707/603/3
f 1742/604/3 1743/602/3 1707/603/3
f 1742/604/3 1707/603/3 1708/605/3
f 1741/606/3 1742/604/3 1708/605/3
f 1740/607/3 1741/606/3 1708/605/3
f 1740/607/3 1708/605/3 1709/608/3
f 1739/609/3 1740/607/3 1709/608/3
f 1739/609/3 1709/608/3 1710/610/3
f 1738/611/3 1739/609/3 1710/610/3
f 1738/611/3 1710/610/3 1711/612/3
f 1737/613/3 1738/611/3 1711/612/3
f 1737/613/3 1711/612/3 1712/614/3
f 1736/615/3 1737/613/3 1712/614/3
f 1735/616/3 1736/615/3 1712/614/3
f 1735/616/3 1712/614/3 1713/617/3
f 1734/618/3 1735/616/3 1713/617/3
f 1734/618/3 1713/617/3 1714/619/3
f 1733/620/3 1734/618/3 1714/619/3
f 1732/621/3 1733/620/3 1714/619/3
f 1732/621/3 1714/619/3 1715/622/3
f 1731/623/3 1732/621/3 1715/622/3
f 1731/623/3 1715/622/3 1716/624/3
f 1730/36/3 1731/623/3 1716/624/3
f 1729/625/3 1730/36/3 1716/624/3
f 1729/625/3 1716/624/3 1717/626/3
f 1728/627/3 1729/625/3 1717/626/3
f 1727/628/3 1728/627/3 1717/626/3
f 1727/628/3 1717/626/3 1718/629/3
f 1726/630/3 1727/628/3 1718/629/3
f 1725/631/3 1726/630/3 1718/629/3
f 1725/631/3 1718/629/3 1719/632/3
f 1725/631/3 1719/632/3 1720/633/3
f 1725/631/3 1720/633/3 1721/634/3
f 1725/631/3 1721/634/3 1722/635/3
f 1725/631/3 1722/635/3 1723/636/3
f 1725/631/3 1723/636/3 1724/637/3
f 1675/638/3 1676/640/3 1677/639/3
f 1675/638/3 1677/639/3 1678/641/3
f 1675/638/3 1678/641/3 1679/642/3
f 1674/643/3 1675/638/3 1679/642/3
f 1674/643/3 1679/642/3 1680/644/3
f 1673/124/3 1674/643/3 1680/644/3
f 1673/124/3 1680/644/3 1681/645/3
f 1672/646/3 1673/124/3 1681/645/3
f 1672/646/3 1681/645/3 1682/647/3
f 1671/648/3 1672/646/3 1682/647/3
f 1671/648/3 1682/647/3 1683/649/3
f 1670/650/3 1671/648/3 1683/649/3
f 1670/650/3 1683/649/3 1684/651/3
f 1669/652/3 1670/650/3 1684/651/3
f 1669/652/3 1684/651/3 1685/653/3
f 1668/654/3 1669/652/3 1685/653/3
f 1668/654/3 1685/653/3 1686/655/3
f 1667/656/3 1668/654/3 1686/655/3
f 1667/656/3 1686/655/3 1687/657/3
f 1666/658/3 1667/656/3 1687/657/3
f 1666/658/3 1687/657/3 1688/659/3
f 1665/660/3 1666/658/3 1688/659/3
f 1665/660/3 1688/659/3 1689/661/3
f 1664/662/3 1665/660/3 1689/661/3
f 1663/663/3 1664/662/3 1689/661/3
f 1663/663/3 1689/661/3 1616/122/3
f 1662/664/3 1663/663/3 1616/122/3
f 1662/664/3 1616/122/3 1617/665/3
f 1661/666/3 1662/664/3 1617/665/3
f 1661/666/3 1617/665/3 1618/667/3
f 1660/668/3 1661/666/3 1618/667/3
f 1660/668/3 1618/667/3 1619/669/3
f 1659/670/3 1660/668/3 1619/669/3
f 1659/670/3 1619/669/3 1620/671/3
f 1658/672/3 1659/670/3 1620/671/3
f 1658/672/3 1620/671/3 1621/673/3
f 1657/674/3 1658/672/3 1621/673/3
f 1657/674/3 1621/673/3 1622/675/3
f 1656/676/3 1657/674/3 1622/675/3
f 1656/676/3 1622/675/3 1623/677/3
f 1655/678/3 1656/676/3 1623/677/3
f 1655/678/3 1623/677/3 1624/679/3
f 1654/680/3 1655/678/3 1624/679/3
f 1654/680/3 1624/679/3 1625/681/3
f 1653/682/3 1654/680/3 1625/681/3
f 1653/682/3 1625/681/3 1626/683/3
f 1652/684/3 1653/682/3 1626/683/3
f 1652/684/3 1626/683/3 1627/685/3
f 1651/686/3 1652/684/3 1627/685/3
f 1651/686/3 1627/685/3 1628/687/3
f 1651/686/3 1628/687/3 1629/688/3
f 1650/689/3 1651/686/3 1629/688/3
f 1650/689/3 1629/688/3 1630/690/3
f 1649/691/3 1650/689/3 1630/690/3
f 1649/691/3 1630/690/3 1631/692/3
f 1648/693/3 1649/691/3 1631/692/3
f 1648/693/3 1631/692/3 1632/694/3
f 1647/695/3 1648/693/3 1632/694/3
f 1647/695/3 1632/694/3 1633/696/3
f 1646/697/3 1647/695/3 1633/696/3
f 1646/697/3 1633/696/3 1634/698/3
f 1645/699/3 1646/697/3 1634/698/3
f 1645/699/3 1634/698/3 1635/700/3
f 1644/701/3 1645/699/3 1635/700/3
f 1644/701/3 1635/700/3 1636/702/3
f 1643/703/3 1644/701/3 1636/702/3
f 1643/703/3 1636/702/3 1637/704/3
f 1642/705/3 1643/703/3 1637/704/3
f 1642/705/3 1637/704/3 1638/706/3
f 1641/707/3 1642/705/3 1638/706/3
f 1641/707/3 1638/706/3 1639/708/3
f 1640/709/3 1641/707/3 1639/708/3
f 1800/710/3 1801/712/3 1802/711/3
f 1800/710/3 1802/711/3 1803/713/3
f 1799/714/3 1800/710/3 1803/713/3
f 1799/714/3 1803/713/3 1804/715/3
f 1861/716/3 1862/718/3 1863/717/3
f 1798/719/3 1799/714/3 1804/715/3
f 1798/719/3 1804/715/3 1805/720/3
f 1797/721/3 1798/719/3 1805/720/3
f 1888/722/3 1889/724/3 1890/723/3
f 1861/716/3 1863/717/3 1864/725/3
f 1861/716/3 1864/725/3 1865/726/3
f 1861/716/3 1865/726/3 1866/727/3
f 1860/728/3 1861/716/3 1866/727/3
f 1888/722/3 1890/723/3 1891/729/3
f 1797/721/3 1805/720/3 1806/730/3
f 1860/728/3 1866/727/3 1867/731/3
f 1796/732/3 1797/721/3 1806/730/3
f 1860/728/3 1867/731/3 1868/733/3
f 1860/728/3 1868/733/3 1869/734/3
f 1887/735/3 1888/722/3 1891/729/3
f 1860/728/3 1869/734/3 1870/736/3
f 1887/735/3 1891/729/3 1892/737/3
f 1860/728/3 1870/736/3 1871/738/3
f 1886/739/3 1887/735/3 1892/737/3
f 1796/732/3 1806/730/3 1807/740/3
f 1860/728/3 1871/738/3 1872/741/3
f 1795/742/3 1796/732/3 1807/740/3
f 1860/728/3 1872/741/3 1873/743/3
f 1860/728/3 1873/743/3 1874/744/3
f 1859/745/3 1860/728/3 1874/744/3
f 1859/745/3 1874/744/3 1875/746/3
f 1886/739/3 1892/737/3 1893/747/3
f 1885/748/3 1886/739/3 1893/747/3
f 1859/745/3 1875/746/3 1814/749/3
f 1795/742/3 1807/740/3 1808/750/3
f 1794/751/3 1795/742/3 1808/750/3
f 1884/752/3 1885/748/3 1893/747/3
f 1884/752/3 1893/747/3 1894/753/3
f 1858/754/3 1859/745/3 1814/749/3
f 1858/754/3 1814/749/3 1815/755/3
f 1794/751/3 1808/750/3 1809/756/3
f 1793/757/3 1794/751/3 1809/756/3
f 1883/758/3 1884/752/3 1894/753/3
f 1883/758/3 1894/753/3 1895/759/3
f 1793/757/3 1809/756/3 1810/760/3
f 1792/761/3 1793/757/3 1810/760/3
f 1858/754/3 1815/755/3 1816/762/3
f 1857/763/3 1858/754/3 1816/762/3
f 1882/764/3 1883/758/3 1895/759/3
f 1882/764/3 1895/759/3 1896/765/3
f 1792/761/3 1810/760/3 1811/766/3
f 1791/767/3 1792/761/3 1811/766/3
f 1857/763/3 1816/762/3 1817/768/3
f 1881/769/3 1882/764/3 1896/765/3
f 1881/769/3 1896/765/3 1897/770/3
f 1856/771/3 1857/763/3 1817/768/3
f 1791/767/3 1811/766/3 1812/772/3
f 1790/773/3 1791/767/3 1812/772/3
f 1881/769/3 1897/770/3 1898/774/3
f 1880/775/3 1881/769/3 1898/774/3
f 1790/773/3 1812/772/3 1813/776/3
f 1856/771/3 1817/768/3 1818/777/3
f 1789/778/3 1790/773/3 1813/776/3
f 1855/779/3 1856/771/3 1818/777/3
f 1789/778/3 1813/776/3 1788/122/3
f 1880/775/3 1898/774/3 1899/780/3
f 1879/781/3 1880/775/3 1899/780/3
f 1855/779/3 1818/777/3 1819/782/3
f 1879/781/3 1899/780/3 1900/783/3
f 1854/784/3 1855/779/3 1819/782/3
f 1878/785/3 1879/781/3 1900/783/3
f 1854/784/3 1819/782/3 1820/786/3
f 1878/785/3 1900/783/3 1901/94/3
f 1877/787/3 1878/785/3 1901/94/3
f 1853/788/3 1854/784/3 1820/786/3
f 1877/787/3 1901/94/3 1876/789/3
f 1853/788/3 1820/786/3 1821/790/3
f 1852/791/3 1853/788/3 1821/790/3
f 1852/791/3 1821/790/3 1822/792/3
f 1851/793/3 1852/791/3 1822/792/3
f 1851/793/3 1822/792/3 1823/794/3
f 1850/795/3 1851/793/3 1823/794/3
f 1850/795/3 1823/794/3 1824/796/3
f 1849/797/3 1850/795/3 1824/796/3
f 1849/797/3 1824/796/3 1825/798/3
f 1848/799/3 1849/797/3 1825/798/3
f 1848/799/3 1825/798/3 1826/800/3
f 1847/801/3 1848/799/3 1826/800/3
f 1847/801/3 1826/800/3 1827/802/3
f 1846/803/3 1847/801/3 1827/802/3
f 1846/803/3 1827/802/3 1828/804/3
f 1845/805/3 1846/803/3 1828/804/3
f 1844/806/3 1845/805/3 1828/804/3
f 1844/806/3 1828/804/3 1829/807/3
f 1843/808/3 1844/806/3 1829/807/3
f 1843/808/3 1829/807/3 1830/809/3
f 1842/810/3 1843/808/3 1830/809/3
f 1842/810/3 1830/809/3 1831/811/3
f 1841/812/3 1842/810/3 1831/811/3
f 1841/812/3 1831/811/3 1832/813/3
f 1840/814/3 1841/812/3 1832/813/3
f 1839/815/3 1840/814/3 1832/813/3
f 1839/815/3 1832/813/3 1833/816/3
f 1838/817/3 1839/815/3 1833/816/3
f 1837/818/3 1838/817/3 1833/816/3
f 1837/818/3 1833/816/3 1834/819/3
f 1837/818/3 1834/819/3 1835/820/3
f 1837/818/3 1835/820/3 1836/821/3
f 2049/822/3 2050/824/3 2051/823/3
f 2049/822/3 2051/823/3 2052/825/3
f 2048/826/3 2049/822/3 2052/825/3
f 2048/826/3 2052/825/3 2053/827/3
f 2047/828/3 2048/826/3 2053/827/3
f 2047/828/3 2053/827/3 2054/829/3
f 2046/830/3 2047/828/3 2054/829/3
f 2046/830/3 2054/829/3 2055/831/3
f 2045/832/3 2046/830/3 2055/831/3
f 2045/832/3 2055/831/3 2056/833/3
f 2044/834/3 2045/832/3 2056/833/3
f 2044/834/3 2056/833/3 2057/835/3
f 2043/17/3 2044/834/3 2057/835/3
f 2043/17/3 2057/835/3 2058/836/3
f 2042/837/3 2043/17/3 2058/836/3
f 2042/837/3 2058/836/3 2059/838/3
f 2041/839/3 2042/837/3 2059/838/3
f 2041/839/3 2059/838/3 2060/840/3
f 2040/841/3 2041/839/3 2060/840/3
f 2040/841/3 2060/840/3 2061/842/3
f 2039/843/3 2040/841/3 2061/842/3
f 2039/843/3 2061/842/3 2062/844/3
f 2038/845/3 2039/843/3 2062/844/3
f 2038/845/3 2062/844/3 2063/846/3
f 2037/847/3 2038/845/3 2063/846/3
f 2037/847/3 2063/846/3 2064/848/3
f 2076/849/3 2077/851/3 2078/850/3
f 2075/852/3 2076/849/3 2078/850/3
f 2074/853/3 2075/852/3 2078/850/3
f 2073/854/3 2074/853/3 2078/850/3
f 2023/855/3 2024/857/3 2025/856/3
f 2072/858/3 2073/854/3 2078/850/3
f 2023/855/3 2025/856/3 2026/859/3
f 2071/860/3 2072/858/3 2078/850/3
f 2023/855/3 2026/859/3 2027/861/3
f 2070/862/3 2071/860/3 2078/850/3
f 2023/855/3 2027/861/3 2028/863/3
f 2023/855/3 2028/863/3 2029/864/3
f 2069/865/3 2070/862/3 2078/850/3
f 2023/855/3 2029/864/3 2030/866/3
f 2068/867/3 2069/865/3 2078/850/3
f 2023/855/3 2030/866/3 2031/868/3
f 2023/855/3 2031/868/3 2032/869/3
f 2067/870/3 2068/867/3 2078/850/3
f 2023/855/3 2032/869/3 2033/871/3
f 2066/872/3 2067/870/3 2078/850/3
f 2023/855/3 2033/871/3 2034/873/3
f 2023/855/3 2034/873/3 2035/874/3
f 2065/875/3 2066/872/3 2078/850/3
f 2023/855/3 2035/874/3 2036/876/3
f 2023/855/3 2036/876/3 2037/847/3
f 2023/855/3 2037/847/3 2064/848/3
f 2023/855/3 2064/848/3 2065/875/3
f 2023/855/3 2065/875/3 2078/850/3
f 2022/877/3 2023/855/3 2078/850/3
f 2021/878/3 2022/877/3 2078/850/3
f 2020/879/3 2021/878/3 2078/850/3
f 2019/880/3 2020/879/3 2078/850/3
f 2019/880/3 2078/850/3 2079/881/3
f 2018/882/3 2019/880/3 2079/881/3
f 2018/882/3 2079/881/3 2080/883/3
f 2018/882/3 2080/883/3 2081/884/3
f 2017/885/3 2018/882/3 2081/884/3
f 2017/885/3 2081/884/3 2082/886/3
f 2016/887/3 2017/885/3 2082/886/3
f 2016/887/3 2082/886/3 2083/888/3
f 2015/889/3 2016/887/3 2083/888/3
f 2015/889/3 2083/888/3 2084/890/3
f 2015/889/3 2084/890/3 2085/891/3
f 2014/892/3 2015/889/3 2085/891/3
f 2014/892/3 2085/891/3 2086/893/3
f 2013/894/3 2014/892/3 2086/893/3
f 2013/894/3 2086/893/3 2087/895/3
f 2012/896/3 2013/894/3 2087/895/3
f 2012/896/3 2087/895/3 1962/897/3
f 1962/897/3 2087/895/3 2088/898/3
f 2011/899/3 2012/896/3 1963/900/3
f 1963/900/3 2012/896/3 1962/897/3
f 2011/899/3 1963/900/3 1964/901/3
f 1961/902/3 1962/897/3 2088/898/3
f 1961/902/3 2088/898/3 2089/903/3
f 1961/902/3 2089/903/3 2090/94/3
f 2010/904/3 2011/899/3 1964/901/3
f 2010/904/3 1964/901/3 1965/905/3
f 1961/902/3 2090/94/3 1902/122/3
f 2009/906/3 2010/904/3 1965/905/3
f 1960/907/3 1961/902/3 1902/122/3
f 2009/906/3 1965/905/3 1966/908/3
f 1960/907/3 1902/122/3 1903/909/3
f 2008/910/3 2009/906/3 1966/908/3
f 2008/910/3 1966/908/3 1967/911/3
f 1959/912/3 1960/907/3 1903/909/3
f 2007/913/3 2008/910/3 1967/911/3
f 1959/912/3 1903/909/3 1904/914/3
f 2007/913/3 1967/911/3 1968/915/3
f 1958/916/3 1959/912/3 1904/914/3
f 2006/917/3 2007/913/3 1968/915/3
f 2006/917/3 1968/915/3 1969/918/3
f 1958/916/3 1904/914/3 1905/919/3
f 2005/920/3 2006/917/3 1969/918/3
f 2005/920/3 1969/918/3 1970/921/3
f 1957/922/3 1958/916/3 1905/919/3
f 1957/922/3 1905/919/3 1906/923/3
f 2004/924/3 2005/920/3 1970/921/3
f 2004/924/3 1970/921/3 1971/925/3
f 1956/926/3 1957/922/3 1906/923/3
f 2003/927/3 2004/924/3 1971/925/3
f 2003/927/3 1971/925/3 1972/928/3
f 1956/926/3 1906/923/3 1907/929/3
f 2002/930/3 2003/927/3 1972/928/3
f 2002/930/3 1972/928/3 1973/931/3
f 1955/932/3 1956/926/3 1907/929/3
f 2001/933/3 2002/930/3 1973/931/3
f 1955/932/3 1907/929/3 1908/934/3
f 2001/933/3 1973/931/3 1974/935/3
f 2000/936/3 2001/933/3 1974/935/3
f 2000/936/3 1974/935/3 1975/937/3
f 1954/938/3 1955/932/3 1908/934/3
f 1999/939/3 2000/936/3 1975/937/3
f 1999/939/3 1975/937/3 1976/940/3
f 1998/941/3 1999/939/3 1976/940/3
f 1954/938/3 1908/934/3 1909/942/3
f 1998/941/3 1976/940/3 1977/943/3
f 1997/944/3 1998/941/3 1977/943/3
f 1997/944/3 1977/943/3 1978/945/3
f 1996/99/3 1997/944/3 1978/945/3
f 1996/99/3 1978/945/3 1979/946/3
f 1995/947/3 1996/99/3 1979/946/3
f 1953/948/3 1954/938/3 1909/942/3
f 1995/947/3 1979/946/3 1980/949/3
f 1994/950/3 1995/947/3 1980/949/3
f 1994/950/3 1980/949/3 1981/951/3
f 1993/952/3 1994/950/3 1981/951/3
f 1993/952/3 1981/951/3 1982/953/3
f 1953/948/3 1909/942/3 1910/954/3
f 1992/955/3 1993/952/3 1982/953/3
f 1992/955/3 1982/953/3 1983/956/3
f 1991/957/3 1992/955/3 1983/956/3
f 1991/957/3 1983/956/3 1984/958/3
f 1952/959/3 1953/948/3 1910/954/3
f 1990/960/3 1991/957/3 1984/958/3
f 1990/960/3 1984/958/3 1985/961/3
f 1989/962/3 1990/960/3 1985/961/3
f 1989/962/3 1985/961/3 1986/963/3
f 1988/964/3 1989/962/3 1986/963/3
f 1988/964/3 1986/963/3 1987/965/3
f 1952/959/3 1910/954/3 1911/966/3
f 1951/967/3 1952/959/3 1911/966/3
f 1951/967/3 1911/966/3 1912/968/3
f 1950/969/3 1951/967/3 1912/968/3
f 1950/969/3 1912/968/3 1913/970/3
f 1949/188/3 1950/969/3 1913/970/3
f 1949/188/3 1913/970/3 1914/971/3
f 1948/972/3 1949/188/3 1914/971/3
f 1947/973/3 1948/972/3 1914/971/3
f 1947/973/3 1914/971/3 1915/974/3
f 1946/975/3 1947/973/3 1915/974/3
f 1946/975/3 1915/974/3 1916/976/3
f 1945/977/3 1946/975/3 1916/976/3
f 1944/978/3 1945/977/3 1916/976/3
f 1944/978/3 1916/976/3 1917/979/3
f 1943/980/3 1944/978/3 1917/979/3
f 1942/981/3 1943/980/3 1917/979/3
f 1942/981/3 1917/979/3 1918/982/3
f 1941/983/3 1942/981/3 1918/982/3
f 1941/983/3 1918/982/3 1919/984/3
f 1940/985/3 1941/983/3 1919/984/3
f 1939/986/3 1940/985/3 1919/984/3
f 1938/987/3 1939/986/3 1919/984/3
f 1938/987/3 1919/984/3 1920/988/3
f 1937/989/3 1938/987/3 1920/988/3
f 1936/990/3 1937/989/3 1920/988/3
f 1935/991/3 1936/990/3 1920/988/3
f 1934/992/3 1935/991/3 1920/988/3
f 1933/993/3 1934/992/3 1920/988/3
f 1932/994/3 1933/993/3 1920/988/3
f 1932/994/3 1920/988/3 1921/995/3
f 1931/996/3 1932/994/3 1921/995/3
f 1930/997/3 1931/996/3 1921/995/3
f 1929/998/3 1930/997/3 1921/995/3
f 1928/999/3 1929/998/3 1921/995/3
f 1927/1000/3 1928/999/3 1921/995/3
f 1926/1001/3 1927/1000/3 1921/995/3
f 1925/1002/3 1926/1001/3 1921/995/3
f 1925/1002/3 1921/995/3 1922/1003/3
f 1925/1002/3 1922/1003/3 1923/1004/3
f 1925/1002/3 1923/1004/3 1924/1005/3
s 1
f 2094/1006/5 2091/122/6 2092/1007/6
f 2096/1008/7 2093/1009/5 2094/1006/5
f 2098/1010/8 2095/1011/7 2096/1008/7
f 2100/1012/9 2097/1013/8 2098/1010/8
f 2102/1014/10 2099/1015/9 2100/1012/9
f 2104/1016/11 2101/1017/10 2102/1014/10
f 2106/1018/12 2103/1019/11 2104/1016/11
f 2108/1020/13 2105/1021/12 2106/1018/12
f 2110/1022/14 2107/1023/13 2108/1020/13
f 2112/1024/15 2109/1025/16 2110/1022/14
f 2114/1026/17 2111/1027/15 2112/1024/15
f 2116/1028/18 2113/1029/17 2114/1026/17
f 2118/1030/19 2115/1031/18 2116/1028/18
f 2120/1032/20 2117/1033/19 2118/1030/19
f 2122/1034/21 2119/1035/20 2120/1032/20
f 2124/1036/22 2121/1037/21 2122/1034/21
f 2126/1038/23 2123/1039/22 2124/1036/22
f 2128/1040/24 2125/1041/23 2126/1038/23
f 2130/1042/25 2127/1043/24 2128/1040/24
f 2132/1044/26 2129/1045/25 2130/1042/25
f 2134/1046/27 2131/1047/26 2132/1044/26
f 2136/1048/28 2133/700/27 2134/1046/27
f 2138/1049/29 2135/1050/28 2136/1048/28
f 2140/1051/30 2137/1052/29 2138/1049/29
f 2142/1053/31 2139/1054/30 2140/1051/30
f 2144/1055/32 2141/1056/31 2142/1053/31
f 2146/1057/33 2143/1058/32 2144/1055/32
f 2148/1059/34 2145/1060/33 2146/1057/33
f 2150/1061/35 2147/1062/34 2148/1059/34
f 2152/1063/36 2149/1064/35 2150/1061/35
f 2154/1065/37 2151/1066/36 2152/1063/36
f 2156/1067/38 2153/1068/37 2154/1065/37
f 2158/1069/39 2155/1070/38 2156/1067/38
f 2160/1071/40 2157/1072/39 2158/1069/39
f 2162/1073/41 2159/1074/42 2160/1071/40
f 2164/1075/43 2161/1076/41 2162/1073/41
f 2166/1077/44 2163/1078/43 2164/1075/43
f 2168/1079/45 2165/1080/44 2166/1077/44
f 2170/1081/46 2167/1082/45 2168/1079/45
f 2172/1083/47 2169/1084/46 2170/1081/46
f 2174/1085/48 2171/1086/47 2172/1083/47
f 2176/1087/49 2173/1088/48 2174/1085/48
f 2178/1089/50 2175/680/49 2176/1087/49
f 2180/1090/51 2177/1091/50 2178/1089/50
f 2182/1092/52 2179/1093/51 2180/1090/51
f 2184/1094/53 2181/1095/52 2182/1092/52
f 2186/1096/54 2183/1097/53 2184/1094/53
f 2188/1098/55 2185/1099/54 2186/1096/54
f 2190/1100/56 2187/1101/55 2188/1098/55
f 2192/1102/57 2189/1103/58 2190/1100/56
f 2194/1104/59 2191/1105/57 2192/1102/57
f 2196/1106/60 2193/1107/61 2194/1104/59
f 2198/1108/62 2195/1109/60 2196/1106/60
f 2200/1110/63 2197/1111/64 2198/1108/62
f 2202/1112/65 2199/1113/63 2200/1110/63
f 2204/1114/66 2201/1115/65 2202/1112/65
f 2206/1116/67 2203/1117/66 2204/1114/66
f 2208/1118/68 2205/1119/67 2206/1116/67
f 2210/1120/69 2207/1121/68 2208/1118/68
f 2212/1122/70 2209/1123/69 2210/1120/69
f 2214/1124/71 2211/1125/72 2212/1122/70
f 2216/1126/73 2213/1127/71 2214/1124/71
f 2218/1128/73 2215/1129/73 2216/1126/73
f 2220/1130/73 2217/124/73 2218/1128/73
f 2222/1131/73 2219/1132/73 2220/1130/73
f 2224/1133/73 2221/1134/73 2222/1131/73
f 2226/1135/73 2223/1136/73 2224/1133/73
f 2228/1137/73 2225/1138/73 2226/1135/73
f 2230/1139/73 2227/1140/73 2228/1137/73
f 2232/1141/73 2229/1142/73 2230/1139/73
f 2234/1143/73 2231/1144/73 2232/1141/73
f 2236/1145/73 2233/1146/73 2234/1143/73
f 2238/1147/74 2235/1148/73 2236/1145/73
f 2240/1149/75 2237/1150/76 2238/1147/74
f 2242/1151/77 2239/1152/78 2240/1149/75
f 2244/1153/79 2241/1154/80 2242/1151/77
f 2246/1155/81 2243/1156/82 2244/1153/79
f 2248/1157/83 2245/1158/84 2246/1155/81
f 2250/1159/85 2247/1160/86 2248/1157/83
f 2252/1161/87 2249/1162/88 2250/1159/85
f 2254/1163/89 2251/1164/90 2252/1161/87
f 2256/1165/91 2253/1166/92 2254/1163/89
f 2258/1167/93 2255/1168/91 2256/1165/91
f 2260/1169/94 2257/1170/93 2258/1167/93
f 2262/1171/95 2259/572/96 2260/1169/94
f 2264/1172/97 2261/1173/98 2262/1171/95
f 2266/1174/99 2263/1175/100 2264/1172/97
f 2268/1176/101 2265/1177/99 2266/1174/99
f 2270/1178/102 2267/1179/103 2268/1176/101
f 2272/1180/104 2269/1181/105 2270/1178/102
f 2274/1182/106 2271/1183/104 2272/1180/104
f 2276/1184/107 2273/1185/106 2274/1182/106
f 2278/1186/108 2275/1187/109 2276/1184/107
f 2280/1188/110 2277/1189/111 2278/1186/108
f 2282/1190/112 2279/1191/110 2280/1188/110
f 2284/1192/113 2281/1193/114 2282/1190/112
f 2286/1194/115 2283/1195/113 2284/1192/113
f 2288/1196/116 2285/1197/117 2286/1194/115
f 2290/1198/118 2287/1199/116 2288/1196/116
f 2292/1200/118 2289/1201/118 2290/1198/118
f 2294/1202/118 2291/1203/118 2292/1200/118
f 2296/1204/118 2293/1205/118 2294/1202/118
f 2298/1206/118 2295/1207/118 2296/1204/118
f 2300/1208/118 2297/1209/118 2298/1206/118
f 2302/1210/118 2299/1211/118 2300/1208/118
f 2304/1212/118 2301/612/118 2302/1210/118
f 2306/1213/118 2303/1214/118 2304/1212/118
f 2308/1215/118 2305/1216/118 2306/1213/118
f 2310/1217/118 2307/1218/118 2308/1215/118
f 2312/1219/119 2309/1220/118 2310/1217/118
f 2314/1221/120 2311/1222/119 2312/1219/119
f 2316/1223/121 2313/1224/120 2314/1221/120
f 2318/1225/122 2315/1226/121 2316/1223/121
f 2320/1227/123 2317/1228/124 2318/1225/122
f 2322/1229/125 2319/1230/126 2320/1227/123
f 2324/1231/127 2321/1232/125 2322/1229/125
f 2326/1233/128 2323/1234/129 2324/1231/127
f 2328/1235/130 2325/1236/131 2326/1233/128
f 2330/1237/132 2327/1238/133 2328/1235/130
f 2332/1239/134 2329/1240/132 2330/1237/132
f 2334/1241/135 2331/1242/136 2332/1239/134
f 2336/1243/137 2333/1244/138 2334/1241/135
f 2338/1245/139 2335/1246/140 2336/1243/137
f 2340/1247/141 2337/1248/139 2338/1245/139
f 2342/1249/142 2339/1250/141 2340/1247/141
f 2344/1251/143 2341/1252/142 2342/1249/142
f 2346/1253/144 2343/36/143 2344/1251/143
f 2348/1254/145 2345/1255/144 2346/1253/144
f 2350/1256/146 2347/1257/145 2348/1254/145
f 2352/1258/147 2349/1259/146 2350/1256/146
f 2354/1260/148 2351/1261/147 2352/1258/147
f 2356/1262/149 2353/1263/148 2354/1260/148
f 2358/1264/150 2355/1265/149 2356/1262/149
f 2360/1266/151 2357/1267/150 2358/1264/150
f 2362/1268/152 2359/1269/151 2360/1266/151
f 2364/1270/153 2361/1271/152 2362/1268/152
f 2366/1272/154 2363/1273/153 2364/1270/153
f 2368/1274/155 2365/1275/156 2366/1272/154
f 2370/1276/157 2367/1277/158 2368/1274/155
f 2372/1278/159 2369/1279/157 2370/1276/157
f 2374/1280/160 2371/1281/161 2372/1278/159
f 2376/1282/162 2373/1283/163 2374/1280/160
f 2378/1284/164 2375/1285/165 2376/1282/162
f 2380/1286/166 2377/1287/167 2378/1284/164
f 2382/1288/168 2379/1289/166 2380/1286/166
f 2384/1290/169 2381/1291/168 2382/1288/168
f 2386/1292/170 2383/1293/169 2384/1290/169
f 2388/1294/171 2385/591/170 2386/1292/170
f 2390/1295/172 2387/1296/173 2388/1294/171
f 2392/1297/174 2389/1298/172 2390/1295/172
f 2394/1299/175 2391/1300/174 2392/1297/174
f 2396/1301/176 2393/1302/175 2394/1299/175
f 2398/1303/177 2395/1304/176 2396/1301/176
f 2400/1305/178 2397/1306/177 2398/1303/177
f 2402/1307/179 2399/1308/180 2400/1305/178
f 2404/1309/181 2401/1310/182 2402/1307/179
f 2406/1311/183 2403/1312/181 2404/1309/181
f 2408/1313/184 2405/1314/183 2406/1311/183
f 2410/1315/185 2407/1316/186 2408/1313/184
f 2412/1317/187 2409/1318/188 2410/1315/185
f 2414/1319/189 2411/1320/190 2412/1317/187
f 2416/1321/191 2413/1322/192 2414/1319/189
f 2418/1323/193 2415/1324/191 2416/1321/191
f 2420/1325/194 2417/1326/193 2418/1323/193
f 2422/1327/195 2419/1328/194 2420/1325/194
f 2424/1329/196 2421/1330/195 2422/1327/195
f 2426/1331/197 2423/1332/196 2424/1329/196
f 2428/1333/198 2425/1334/197 2426/1331/197
f 2430/1335/199 2427/554/198 2428/1333/198
f 2432/1336/200 2429/1337/199 2430/1335/199
f 2434/1338/201 2431/1339/200 2432/1336/200
f 2436/1340/202 2433/1341/201 2434/1338/201
f 2438/1342/203 2435/1343/202 2436/1340/202
f 2440/1344/204 2437/1345/205 2438/1342/203
f 2442/1346/206 2439/1347/204 2440/1344/204
f 2444/1348/207 2441/1349/208 2442/1346/206
f 2446/1350/209 2443/1351/207 2444/1348/207
f 2448/1352/210 2445/1353/209 2446/1350/209
f 2450/1354/211 2447/1355/212 2448/1352/210
f 2452/1356/213 2449/1357/211 2450/1354/211
f 2454/1358/214 2451/1359/213 2452/1356/213
f 2456/1360/215 2453/1361/214 2454/1358/214
f 2458/1362/216 2455/1363/215 2456/1360/215
f 2460/1364/217 2457/1365/216 2458/1362/216
f 2462/1366/218 2459/1367/219 2460/1364/217
f 2464/1368/220 2461/1369/218 2462/1366/218
f 2466/1370/221 2463/1371/220 2464/1368/220
f 2468/1372/222 2465/1373/221 2466/1370/221
f 2092/1374/6 2467/1375/222 2468/1372/222
f 2472/1376/223 2469/122/224 2470/1007/225
f 2474/1377/226 2471/1378/223 2472/1376/223
f 2476/1379/227 2473/1380/226 2474/1377/226
f 2478/1381/228 2475/1382/227 2476/1379/227
f 2480/1383/229 2477/1384/228 2478/1381/228
f 2482/1385/230 2479/1386/231 2480/1383/229
f 2484/1387/232 2481/1388/230 2482/1385/230
f 2486/1389/233 2483/1390/234 2484/1387/232
f 2488/1391/235 2485/1392/233 2486/1389/233
f 2490/1393/236 2487/1394/237 2488/1391/235
f 2492/1395/238 2489/1396/236 2490/1393/236
f 2494/1397/239 2491/1398/238 2492/1395/238
f 2496/1399/240 2493/1400/239 2494/1397/239
f 2498/1401/241 2495/99/242 2496/1399/240
f 2500/1402/243 2497/1403/241 2498/1401/241
f 2502/1404/244 2499/1405/243 2500/1402/243
f 2504/1406/245 2501/1407/244 2502/1404/244
f 2506/1408/246 2503/1409/245 2504/1406/245
f 2508/1410/247 2505/1411/246 2506/1408/246
f 2510/1412/248 2507/1413/247 2508/1410/247
f 2512/1414/249 2509/1415/250 2510/1412/248
f 2514/1416/251 2511/1417/249 2512/1414/249
f 2516/1418/252 2513/1419/251 2514/1416/251
f 2518/1420/253 2515/1421/252 2516/1418/252
f 2520/1422/254 2517/1423/253 2518/1420/253
f 2470/1374/225 2519/1424/254 2520/1422/254
f 2524/1425/255 2521/122/256 2522/1007/257
f 2526/1426/258 2523/1427/255 2524/1425/255
f 2528/1428/259 2525/1429/258 2526/1426/258
f 2530/1430/260 2527/1431/259 2528/1428/259
f 2532/1432/261 2529/1433/260 2530/1430/260
f 2534/1434/262 2531/1435/261 2532/1432/261
f 2536/1436/263 2533/1437/262 2534/1434/262
f 2538/1438/264 2535/1439/263 2536/1436/263
f 2540/1440/265 2537/1441/264 2538/1438/264
f 2542/1442/266 2539/1443/267 2540/1440/265
f 2544/1444/268 2541/1445/266 2542/1442/266
f 2546/1446/269 2543/1447/268 2544/1444/268
f 2548/1448/270 2545/1449/269 2546/1446/269
f 2550/1450/271 2547/1451/270 2548/1448/270
f 2552/1452/272 2549/1453/271 2550/1450/271
f 2554/1454/273 2551/1455/272 2552/1452/272
f 2556/1456/274 2553/1457/273 2554/1454/273
f 2558/1458/275 2555/1459/274 2556/1456/274
f 2560/1460/276 2557/1461/275 2558/1458/275
f 2562/1462/277 2559/1463/276 2560/1460/276
f 2564/1464/278 2561/1465/277 2562/1462/277
f 2566/1466/279 2563/1467/278 2564/1464/278
f 2568/1468/280 2565/1469/279 2566/1466/279
f 2570/1470/281 2567/1471/280 2568/1468/280
f 2572/1472/282 2569/1473/281 2570/1470/281
f 2574/1474/283 2571/1475/282 2572/1472/282
f 2576/1476/284 2573/1477/283 2574/1474/283
f 2578/1478/285 2575/1479/284 2576/1476/284
f 2580/1480/286 2577/1481/287 2578/1478/285
f 2582/1482/288 2579/1483/286 2580/1480/286
f 2584/1399/289 2581/1484/288 2582/1482/288
f 2586/1485/290 2583/99/289 2584/1399/289
f 2588/1486/291 2585/1487/290 2586/1485/290
f 2590/1488/292 2587/1489/291 2588/1486/291
f 2592/1490/293 2589/1491/292 2590/1488/292
f 2594/1492/294 2591/1493/293 2592/1490/293
f 2596/1494/295 2593/1495/294 2594/1492/294
f 2598/1496/296 2595/1497/295 2596/1494/295
f 2600/1498/297 2597/1499/296 2598/1496/296
f 2602/1500/298 2599/1501/297 2600/1498/297
f 2604/1502/299 2601/1503/298 2602/1500/298
f 2606/1504/300 2603/1505/299 2604/1502/299
f 2608/1506/301 2605/1507/300 2606/1504/300
f 2610/1508/302 2607/1509/301 2608/1506/301
f 2612/1510/303 2609/1511/302 2610/1508/302
f 2614/1512/304 2611/1513/303 2612/1510/303
f 2616/1514/305 2613/1515/304 2614/1512/304
f 2618/1516/306 2615/1517/305 2616/1514/305
f 2620/1518/307 2617/1519/306 2618/1516/306
f 2622/1520/308 2619/1521/307 2620/1518/307
f 2624/1522/309 2621/1523/308 2622/1520/308
f 2626/1524/310 2623/1525/309 2624/1522/309
f 2628/1526/311 2625/1527/310 2626/1524/310
f 2630/1528/312 2627/1529/313 2628/1526/311
f 2632/1530/209 2629/1531/312 2630/1528/312
f 2634/1532/314 2631/1533/209 2632/1530/209
f 2636/1534/315 2633/1535/314 2634/1532/314
f 2638/1536/316 2635/1537/317 2636/1534/315
f 2640/1538/318 2637/1539/316 2638/1536/316
f 2642/1540/319 2639/1541/320 2640/1538/318
f 2644/1542/321 2641/1543/319 2642/1540/319
f 2522/1374/257 2643/1544/321 2644/1542/321
f 2648/1376/322 2645/122/323 2646/1007/323
f 2650/1377/229 2647/1378/322 2648/1376/322
f 2652/1379/324 2649/1380/229 2650/1377/229
f 2654/1381/325 2651/1382/324 2652/1379/324
f 2656/1383/326 2653/1384/325 2654/1381/325
f 2658/1385/327 2655/1386/326 2656/1383/326
f 2660/1387/328 2657/1388/329 2658/1385/327
f 2662/1389/330 2659/1390/328 2660/1387/328
f 2664/1391/331 2661/1392/330 2662/1389/330
f 2666/1393/332 2663/1394/331 2664/1391/331
f 2668/1395/333 2665/1396/332 2666/1393/332
f 2670/1397/334 2667/1398/333 2668/1395/333
f 2672/1399/335 2669/1400/334 2670/1397/334
f 2674/1401/336 2671/99/335 2672/1399/335
f 2676/1402/337 2673/1403/336 2674/1401/336
f 2678/1404/338 2675/1405/339 2676/1402/337
f 2680/1406/340 2677/1407/338 2678/1404/338
f 2682/1408/341 2679/1409/340 2680/1406/340
f 2684/1410/342 2681/1411/341 2682/1408/341
f 2686/1412/343 2683/1413/342 2684/1410/342
f 2688/1414/344 2685/1415/343 2686/1412/343
f 2690/1416/345 2687/1417/344 2688/1414/344
f 2692/1418/346 2689/1419/345 2690/1416/345
f 2694/1420/347 2691/1421/346 2692/1418/346
f 2696/1422/348 2693/1423/347 2694/1420/347
f 2646/1374/323 2695/1424/349 2696/1422/348
f 2700/1545/73 2697/122/73 2698/1007/73
f 2702/1546/73 2699/1547/73 2700/1545/73
f 2704/1548/73 2701/1549/73 2702/1546/73
f 2706/1550/73 2703/1551/73 2704/1548/73
f 2708/1552/73 2705/1553/73 2706/1550/73
f 2710/1554/73 2707/1555/73 2708/1552/73
f 2712/1556/73 2709/1557/73 2710/1554/73
f 2714/1558/73 2711/1559/73 2712/1556/73
f 2716/1560/73 2713/1561/73 2714/1558/73
f 2718/1562/73 2715/1563/73 2716/1560/73
f 2720/1564/350 2717/1565/73 2718/1562/73
f 2722/1566/351 2719/1567/350 2720/1564/350
f 2724/1568/352 2721/1569/351 2722/1566/351
f 2726/1057/353 2723/1570/354 2724/1568/352
f 2728/1571/355 2725/1060/353 2726/1057/353
f 2730/1572/356 2727/1573/355 2728/1571/355
f 2732/1574/357 2729/1575/356 2730/1572/356
f 2734/1576/358 2731/1577/357 2732/1574/357
f 2736/1578/359 2733/1579/358 2734/1576/358
f 2738/1580/360 2735/1581/359 2736/1578/359
f 2740/1582/361 2737/1583/360 2738/1580/360
f 2742/1584/362 2739/1585/361 2740/1582/361
f 2744/1586/363 2741/1587/362 2742/1584/362
f 2746/1588/364 2743/1589/363 2744/1586/363
f 2748/1590/365 2745/1591/364 2746/1588/364
f 2750/1592/366 2747/1593/365 2748/1590/365
f 2752/1594/367 2749/1595/366 2750/1592/366
f 2754/1110/368 2751/1596/367 2752/1594/367
f 2756/1597/369 2753/1113/368 2754/1110/368
f 2758/1598/370 2755/1599/369 2756/1597/369
f 2760/1600/371 2757/1601/370 2758/1598/370
f 2762/1602/372 2759/1603/371 2760/1600/371
f 2764/1604/373 2761/1605/372 2762/1602/372
f 2766/1606/374 2763/1607/373 2764/1604/373
f 2768/1608/375 2765/1609/374 2766/1606/374
f 2770/1610/376 2767/1611/375 2768/1608/375
f 2772/1612/377 2769/1613/376 2770/1610/376
f 2774/1614/378 2771/1615/377 2772/1612/377
f 2776/1616/379 2773/1617/378 2774/1614/378
f 2778/1618/380 2775/1619/379 2776/1616/379
f 2780/1620/381 2777/1621/380 2778/1618/380
f 2782/1163/382 2779/1622/381 2780/1620/381
f 2784/1623/383 2781/1166/382 2782/1163/382
f 2786/1624/384 2783/1625/383 2784/1623/383
f 2788/1626/385 2785/1627/384 2786/1624/384
f 2790/1628/386 2787/1629/385 2788/1626/385
f 2792/1630/387 2789/1631/386 2790/1628/386
f 2794/1632/388 2791/1633/387 2792/1630/387
f 2796/1399/389 2793/1634/388 2794/1632/388
f 2798/1635/390 2795/99/389 2796/1399/389
f 2800/1636/391 2797/1637/390 2798/1635/390
f 2802/1638/392 2799/1639/391 2800/1636/391
f 2804/1640/393 2801/1641/392 2802/1638/392
f 2806/1642/394 2803/1643/393 2804/1640/393
f 2808/1644/395 2805/1645/394 2806/1642/394
f 2810/1215/396 2807/1646/395 2808/1644/395
f 2812/1647/397 2809/1218/396 2810/1215/396
f 2814/1648/398 2811/1649/397 2812/1647/397
f 2816/1650/399 2813/1651/398 2814/1648/398
f 2818/1652/400 2815/1653/399 2816/1650/399
f 2820/1654/118 2817/1655/400 2818/1652/400
f 2822/1656/118 2819/1657/118 2820/1654/118
f 2824/1658/118 2821/1659/118 2822/1656/118
f 2826/1660/118 2823/1661/118 2824/1658/118
f 2828/1662/118 2825/1663/118 2826/1660/118
f 2830/1664/118 2827/1665/118 2828/1662/118
f 2832/1666/118 2829/1667/118 2830/1664/118
f 2834/1668/118 2831/1669/118 2832/1666/118
f 2836/1670/118 2833/1671/118 2834/1668/118
f 2838/1268/118 2835/1672/118 2836/1670/118
f 2840/1673/118 2837/1271/118 2838/1268/118
f 2842/1674/401 2839/1675/118 2840/1673/118
f 2844/1676/402 2841/1677/403 2842/1674/401
f 2846/1678/404 2843/1679/402 2844/1676/402
f 2848/1680/405 2845/1681/404 2846/1678/404
f 2850/1682/406 2847/1683/405 2848/1680/405
f 2852/1684/407 2849/1685/406 2850/1682/406
f 2854/1686/408 2851/1687/407 2852/1684/407
f 2856/1688/409 2853/1689/408 2854/1686/408
f 2858/1690/410 2855/1691/409 2856/1688/409
f 2860/1692/411 2857/1693/410 2858/1690/410
f 2862/1694/412 2859/1695/411 2860/1692/411
f 2864/1696/413 2861/1697/412 2862/1694/412
f 2866/1321/414 2863/1698/413 2864/1696/413
f 2868/1699/415 2865/1324/416 2866/1321/414
f 2870/1700/417 2867/1701/415 2868/1699/415
f 2872/1702/418 2869/1703/417 2870/1700/417
f 2874/1704/419 2871/1705/418 2872/1702/418
f 2876/1706/420 2873/1707/419 2874/1704/419
f 2878/1708/421 2875/1709/420 2876/1706/420
f 2880/1710/422 2877/1711/421 2878/1708/421
f 2882/1712/423 2879/1713/422 2880/1710/422
f 2884/1714/424 2881/1715/425 2882/1712/423
f 2886/1716/426 2883/1717/424 2884/1714/424
f 2888/1718/427 2885/1719/426 2886/1716/426
f 2890/1720/428 2887/1721/427 2888/1718/427
f 2892/1722/429 2889/1723/428 2890/1720/428
f 2698/1374/73 2891/1724/429 2892/1722/429
f 2896/1725/73 2893/122/73 2894/1007/73
f 2898/1726/73 2895/1727/73 2896/1725/73
f 2900/1728/73 2897/498/73 2898/1726/73
f 2902/1729/73 2899/1730/73 2900/1728/73
f 2904/1731/73 2901/504/73 2902/1729/73
f 2906/1732/73 2903/1733/73 2904/1731/73
f 2908/1734/73 2905/511/73 2906/1732/73
f 2910/1735/73 2907/1736/73 2908/1734/73
f 2912/1737/73 2909/516/73 2910/1735/73
f 2914/1738/73 2911/1739/73 2912/1737/73
f 2916/1740/430 2913/521/73 2914/1738/73
f 2918/1741/431 2915/1742/430 2916/1740/430
f 2920/1743/432 2917/528/431 2918/1741/431
f 2922/1744/433 2919/1745/432 2920/1743/432
f 2924/1746/434 2921/534/433 2922/1744/433
f 2926/1747/435 2923/1748/434 2924/1746/434
f 2928/1749/436 2925/540/435 2926/1747/435
f 2930/1750/437 2927/1751/438 2928/1749/436
f 2932/1752/439 2929/537/440 2930/1750/437
f 2934/1753/441 2931/1754/442 2932/1752/439
f 2936/1755/443 2933/531/441 2934/1753/441
f 2938/1756/444 2935/1757/445 2936/1755/443
f 2940/1758/446 2937/525/444 2938/1756/444
f 2942/1759/447 2939/1760/446 2940/1758/446
f 2944/1761/448 2941/520/447 2942/1759/447
f 2946/1762/449 2943/1763/450 2944/1761/448
f 2948/1764/451 2945/514/449 2946/1762/449
f 2950/1765/452 2947/1766/451 2948/1764/451
f 2952/1767/453 2949/509/452 2950/1765/452
f 2954/1768/454 2951/1769/453 2952/1767/453
f 2956/1770/455 2953/503/454 2954/1768/454
f 2958/1771/456 2955/1772/455 2956/1770/455
f 2960/1773/457 2957/497/456 2958/1771/456
f 2962/1774/458 2959/1775/457 2960/1773/457
f 2964/1776/459 2961/436/458 2962/1774/458
f 2966/1777/460 2963/1778/459 2964/1776/459
f 2968/1399/118 2965/440/460 2966/1777/460
f 2970/1779/118 2967/99/118 2968/1399/118
f 2972/1780/118 2969/443/118 2970/1779/118
f 2974/1781/118 2971/1782/118 2972/1780/118
f 2976/1783/118 2973/447/118 2974/1781/118
f 2978/1784/118 2975/1785/118 2976/1783/118
f 2980/1786/118 2977/450/118 2978/1784/118
f 2982/1787/118 2979/1788/118 2980/1786/118
f 2984/1789/118 2981/455/118 2982/1787/118
f 2986/1790/118 2983/1791/118 2984/1789/118
f 2988/1792/118 2985/461/118 2986/1790/118
f 2990/1793/461 2987/1794/118 2988/1792/118
f 2992/1795/462 2989/467/461 2990/1793/461
f 2994/1796/463 2991/1797/464 2992/1795/462
f 2996/1798/465 2993/472/463 2994/1796/463
f 2998/1799/466 2995/1800/465 2996/1798/465
f 3000/1801/163 2997/478/466 2998/1799/466
f 3002/1802/467 2999/1803/163 3000/1801/163
f 3004/1804/468 3001/484/467 3002/1802/467
f 3006/1805/469 3003/1806/468 3004/1804/468
f 3008/1807/470 3005/490/469 3006/1805/469
f 3010/1808/471 3007/1809/470 3008/1807/470
f 3012/1810/472 3009/491/471 3010/1808/471
f 3014/1811/473 3011/1812/472 3012/1810/472
f 3016/1813/474 3013/485/475 3014/1811/473
f 3018/1814/476 3015/1815/474 3016/1813/474
f 3020/1816/477 3017/479/476 3018/1814/476
f 3022/1817/478 3019/1818/477 3020/1816/477
f 3024/1819/479 3021/473/478 3022/1817/478
f 3026/1820/480 3023/1821/481 3024/1819/479
f 3028/1822/482 3025/468/483 3026/1820/480
f 3030/1823/484 3027/1824/482 3028/1822/482
f 3032/1825/485 3029/462/486 3030/1823/484
f 3034/1826/487 3031/1827/485 3032/1825/485
f 3036/1828/488 3033/456/487 3034/1826/487
f 3038/1829/489 3035/1830/488 3036/1828/488
f 3040/1831/490 3037/444/489 3038/1829/489
f 2894/1374/73 3039/1832/490 3040/1831/490
f 3044/1425/491 3041/122/492 3042/1007/492
f 3046/1426/493 3043/1427/491 3044/1425/491
f 3048/1428/494 3045/1429/493 3046/1426/493
f 3050/1430/495 3047/1431/494 3048/1428/494
f 3052/1432/496 3049/1433/495 3050/1430/495
f 3054/1434/497 3051/1435/496 3052/1432/496
f 3056/1436/498 3053/1437/497 3054/1434/497
f 3058/1438/499 3055/1439/498 3056/1436/498
f 3060/1440/500 3057/1441/499 3058/1438/499
f 3062/1442/501 3059/1443/500 3060/1440/500
f 3064/1444/502 3061/1445/503 3062/1442/501
f 3066/1446/504 3063/1447/502 3064/1444/502
f 3068/1448/505 3065/1449/504 3066/1446/504
f 3070/1450/506 3067/1451/505 3068/1448/505
f 3072/1452/507 3069/1453/506 3070/1450/506
f 3074/1454/508 3071/1455/507 3072/1452/507
f 3076/1456/509 3073/1457/508 3074/1454/508
f 3078/1458/510 3075/1459/509 3076/1456/509
f 3080/1460/511 3077/1461/510 3078/1458/510
f 3082/1462/512 3079/1463/511 3080/1460/511
f 3084/1464/513 3081/1465/512 3082/1462/512
f 3086/1466/514 3083/1467/513 3084/1464/513
f 3088/1468/515 3085/1469/514 3086/1466/514
f 3090/1470/516 3087/1471/515 3088/1468/515
f 3092/1472/517 3089/1473/516 3090/1470/516
f 3094/1474/518 3091/1475/517 3092/1472/517
f 3096/1476/519 3093/1477/518 3094/1474/518
f 3098/1478/520 3095/1479/519 3096/1476/519
f 3100/1480/521 3097/1481/520 3098/1478/520
f 3102/1482/522 3099/1483/521 3100/1480/521
f 3104/1399/523 3101/1484/522 3102/1482/522
f 3106/1485/524 3103/99/523 3104/1399/523
f 3108/1486/525 3105/1487/524 3106/1485/524
f 3110/1488/526 3107/1489/525 3108/1486/525
f 3112/1490/527 3109/1491/526 3110/1488/526
f 3114/1492/528 3111/1493/527 3112/1490/527
f 3116/1494/529 3113/1495/528 3114/1492/528
f 3118/1496/530 3115/1497/529 3116/1494/529
f 3120/1498/531 3117/1499/530 3118/1496/530
f 3122/1500/532 3119/1501/531 3120/1498/531
f 3124/1502/533 3121/1503/532 3122/1500/532
f 3126/1504/534 3123/1505/533 3124/1502/533
f 3128/1506/535 3125/1507/534 3126/1504/534
f 3130/1508/536 3127/1509/535 3128/1506/535
f 3132/1510/537 3129/1511/536 3130/1508/536
f 3134/1512/538 3131/1513/537 3132/1510/537
f 3136/1514/539 3133/1515/538 3134/1512/538
f 3138/1516/540 3135/1517/539 3136/1514/539
f 3140/1518/541 3137/1519/540 3138/1516/540
f 3142/1520/542 3139/1521/541 3140/1518/541
f 3144/1522/543 3141/1523/542 3142/1520/542
f 3146/1524/544 3143/1525/543 3144/1522/543
f 3148/1526/545 3145/1527/544 3146/1524/544
f 3150/1528/546 3147/1529/545 3148/1526/545
f 3152/1530/547 3149/1531/546 3150/1528/546
f 3154/1532/548 3151/1533/547 3152/1530/547
f 3156/1534/549 3153/1535/548 3154/1532/548
f 3158/1536/550 3155/1537/549 3156/1534/549
f 3160/1538/551 3157/1539/550 3158/1536/550
f 3162/1540/552 3159/1541/551 3160/1538/551
f 3164/1542/553 3161/1543/552 3162/1540/552
f 3042/1374/492 3163/1544/553 3164/1542/553
f 3168/1833/554 3165/122/555 3166/1007/555
f 3170/1834/556 3167/1835/554 3168/1833/554
f 3172/1836/557 3169/1837/556 3170/1834/556
f 3174/1838/558 3171/1839/557 3172/1836/557
f 3176/1840/559 3173/1841/560 3174/1838/558
f 3178/1842/561 3175/1843/559 3176/1840/559
f 3180/1844/562 3177/1845/561 3178/1842/561
f 3182/1846/563 3179/1847/562 3180/1844/562
f 3184/1848/564 3181/1849/563 3182/1846/563
f 3186/1850/565 3183/1851/564 3184/1848/564
f 3188/1852/566 3185/1853/565 3186/1850/565
f 3190/1854/567 3187/1855/566 3188/1852/566
f 3192/1856/568 3189/1857/567 3190/1854/567
f 3194/1858/569 3191/1859/568 3192/1856/568
f 3196/1860/570 3193/1861/569 3194/1858/569
f 3198/1862/571 3195/1863/570 3196/1860/570
f 3200/1864/572 3197/1865/571 3198/1862/571
f 3202/1866/573 3199/1867/572 3200/1864/572
f 3204/1868/574 3201/1869/573 3202/1866/573
f 3206/1870/575 3203/1871/574 3204/1868/574
f 3208/1872/253 3205/1873/575 3206/1870/575
f 3210/1874/576 3207/1875/253 3208/1872/253
f 3212/1876/577 3209/1877/576 3210/1874/576
f 3214/1878/578 3211/1879/577 3212/1876/577
f 3216/1399/579 3213/1880/578 3214/1878/578
f 3218/1881/580 3215/99/579 3216/1399/579
f 3220/1882/581 3217/1883/580 3218/1881/580
f 3222/1884/582 3219/1885/581 3220/1882/581
f 3224/1886/583 3221/1887/582 3222/1884/582
f 3226/1888/584 3223/1889/583 3224/1886/583
f 3228/1890/585 3225/1891/584 3226/1888/584
f 3230/1892/586 3227/1893/585 3228/1890/585
f 3232/1894/587 3229/1895/586 3230/1892/586
f 3234/1896/588 3231/1897/587 3232/1894/587
f 3236/1898/589 3233/1899/588 3234/1896/588
f 3238/1900/590 3235/1901/589 3236/1898/589
f 3240/1902/591 3237/1903/590 3238/1900/590
f 3242/1904/592 3239/1905/591 3240/1902/591
f 3244/1906/593 3241/1907/592 3242/1904/592
f 3246/1908/594 3243/1909/593 3244/1906/593
f 3248/1910/595 3245/1911/594 3246/1908/594
f 3250/1912/596 3247/1913/595 3248/1910/595
f 3252/1914/597 3249/1915/596 3250/1912/596
f 3254/1916/598 3251/1917/597 3252/1914/597
f 3256/1918/599 3253/1919/598 3254/1916/598
f 3258/1920/600 3255/1921/599 3256/1918/599
f 3260/1922/601 3257/1923/600 3258/1920/600
f 3262/1924/602 3259/1925/601 3260/1922/601
f 3264/1926/603 3261/1927/602 3262/1924/602
f 3166/1374/555 3263/1928/603 3264/1926/603
f 3268/1376/604 3265/122/605 3266/1007/605
f 3270/1377/606 3267/1378/604 3268/1376/604
f 3272/1379/607 3269/1380/606 3270/1377/606
f 3274/1381/608 3271/1382/607 3272/1379/607
f 3276/1383/609 3273/1384/610 3274/1381/608
f 3278/1385/611 3275/1386/609 3276/1383/609
f 3280/1387/612 3277/1388/611 3278/1385/611
f 3282/1389/613 3279/1390/612 3280/1387/612
f 3284/1391/614 3281/1392/613 3282/1389/613
f 3286/1393/615 3283/1394/614 3284/1391/614
f 3288/1395/616 3285/1396/617 3286/1393/615
f 3290/1397/618 3287/1398/619 3288/1395/616
f 3292/1399/620 3289/1400/618 3290/1397/618
f 3294/1401/621 3291/99/622 3292/1399/620
f 3296/1402/623 3293/1403/621 3294/1401/621
f 3298/1404/624 3295/1405/623 3296/1402/623
f 3300/1406/625 3297/1407/624 3298/1404/624
f 3302/1408/626 3299/1409/625 3300/1406/625
f 3304/1410/627 3301/1411/626 3302/1408/626
f 3306/1412/628 3303/1413/627 3304/1410/627
f 3308/1414/629 3305/1415/628 3306/1412/628
f 3310/1416/630 3307/1417/629 3308/1414/629
f 3312/1418/631 3309/1419/632 3310/1416/630
f 3314/1420/633 3311/1421/631 3312/1418/631
f 3316/1422/634 3313/1423/633 3314/1420/633
f 3266/1374/605 3315/1424/634 3316/1422/634
f 3320/1376/635 3317/122/636 3318/1007/636
f 3322/1377/637 3319/1378/638 3320/1376/635
f 3324/1379/639 3321/1380/637 3322/1377/637
f 3326/1381/609 3323/1382/639 3324/1379/639
f 3328/1383/640 3325/1384/609 3326/1381/609
f 3330/1385/641 3327/1386/640 3328/1383/640
f 3332/1387/642 3329/1388/641 3330/1385/641
f 3334/1389/643 3331/1390/642 3332/1387/642
f 3336/1391/644 3333/1392/643 3334/1389/643
f 3338/1393/645 3335/1394/644 3336/1391/644
f 3340/1395/646 3337/1396/645 3338/1393/645
f 3342/1397/647 3339/1398/648 3340/1395/646
f 3344/1399/649 3341/1400/647 3342/1397/647
f 3346/1401/650 3343/99/649 3344/1399/649
f 3348/1402/651 3345/1403/650 3346/1401/650
f 3350/1404/652 3347/1405/651 3348/1402/651
f 3352/1406/653 3349/1407/652 3350/1404/652
f 3354/1408/654 3351/1409/653 3352/1406/653
f 3356/1410/655 3353/1411/654 3354/1408/654
f 3358/1412/656 3355/1413/655 3356/1410/655
f 3360/1414/657 3357/1415/656 3358/1412/656
f 3362/1416/658 3359/1417/657 3360/1414/657
f 3364/1418/659 3361/1419/660 3362/1416/658
f 3366/1420/661 3363/1421/659 3364/1418/659
f 3368/1422/662 3365/1423/661 3366/1420/661
f 3318/1374/636 3367/1424/662 3368/1422/662
f 3372/1929/663 3369/122/664 3370/1007/664
f 3374/1930/665 3371/1931/663 3372/1929/663
f 3376/1932/483 3373/1933/665 3374/1930/665
f 3378/1934/666 3375/1935/483 3376/1932/483
f 3380/1936/667 3377/1937/666 3378/1934/666
f 3382/1938/668 3379/1939/667 3380/1936/667
f 3384/1940/669 3381/1941/668 3382/1938/668
f 3386/1942/670 3383/1943/669 3384/1940/669
f 3388/1944/671 3385/1945/670 3386/1942/670
f 3390/1946/672 3387/1947/671 3388/1944/671
f 3392/1948/673 3389/1949/672 3390/1946/672
f 3394/1950/674 3391/1951/673 3392/1948/673
f 3396/1952/675 3393/1953/674 3394/1950/674
f 3398/1954/676 3395/1955/677 3396/1952/675
f 3400/1956/678 3397/1957/676 3398/1954/676
f 3402/1958/679 3399/1959/678 3400/1956/678
f 3404/1960/680 3401/1961/681 3402/1958/679
f 3406/1962/682 3403/1963/680 3404/1960/680
f 3408/1964/683 3405/1965/682 3406/1962/682
f 3410/1966/684 3407/1967/683 3408/1964/683
f 3412/1968/685 3409/1969/684 3410/1966/684
f 3414/1970/686 3411/1971/685 3412/1968/685
f 3416/1972/687 3413/1973/686 3414/1970/686
f 3418/1974/688 3415/1975/687 3416/1972/687
f 3420/1976/689 3417/1977/688 3418/1974/688
f 3422/1978/690 3419/1979/689 3420/1976/689
f 3424/1980/691 3421/1981/690 3422/1978/690
f 3426/1982/692 3423/1983/691 3424/1980/691
f 3428/1984/693 3425/1985/692 3426/1982/692
f 3430/1986/694 3427/1987/693 3428/1984/693
f 3432/1988/695 3429/1989/694 3430/1986/694
f 3434/1990/696 3431/1991/695 3432/1988/695
f 3436/1992/697 3433/1993/696 3434/1990/696
f 3438/1994/698 3435/1995/697 3436/1992/697
f 3440/1996/699 3437/1997/698 3438/1994/698
f 3442/1998/700 3439/1999/699 3440/1996/699
f 3444/2000/701 3441/2001/702 3442/1998/700
f 3446/2002/703 3443/2003/701 3444/2000/701
f 3448/2004/704 3445/2005/703 3446/2002/703
f 3450/2006/705 3447/2007/704 3448/2004/704
f 3452/2008/706 3449/2009/705 3450/2006/705
f 3454/2010/707 3451/2011/706 3452/2008/706
f 3456/2012/708 3453/2013/707 3454/2010/707
f 3458/2014/709 3455/2015/708 3456/2012/708
f 3460/2016/710 3457/2017/709 3458/2014/709
f 3462/2018/711 3459/2019/710 3460/2016/710
f 3464/2020/712 3461/2021/711 3462/2018/711
f 3466/2022/713 3463/2023/712 3464/2020/712
f 3468/2024/714 3465/2025/713 3466/2022/713
f 3470/2026/715 3467/2027/714 3468/2024/714
f 3472/2028/716 3469/2029/715 3470/2026/715
f 3474/2030/717 3471/2031/716 3472/2028/716
f 3476/2032/718 3473/2033/717 3474/2030/717
f 3478/2034/719 3475/2035/718 3476/2032/718
f 3480/2036/720 3477/2037/719 3478/2034/719
f 3482/2038/721 3479/2039/720 3480/2036/720
f 3484/2040/722 3481/2041/721 3482/2038/721
f 3486/2042/723 3483/2043/722 3484/2040/722
f 3488/2044/724 3485/2045/723 3486/2042/723
f 3490/2046/725 3487/2047/724 3488/2044/724
f 3492/2048/726 3489/2049/725 3490/2046/725
f 3494/2050/727 3491/2051/726 3492/2048/726
f 3496/2052/728 3493/2053/727 3494/2050/727
f 3498/2054/729 3495/2055/728 3496/2052/728
f 3500/2056/730 3497/2057/729 3498/2054/729
f 3502/2058/731 3499/2059/730 3500/2056/730
f 3504/2060/732 3501/2061/731 3502/2058/731
f 3506/2062/733 3503/2063/732 3504/2060/732
f 3508/2064/734 3505/2065/733 3506/2062/733
f 3510/2066/735 3507/2067/734 3508/2064/734
f 3512/1128/736 3509/2068/735 3510/2066/735
f 3514/2069/737 3511/124/736 3512/1128/736
f 3516/2070/738 3513/2071/737 3514/2069/737
f 3518/2072/739 3515/2073/738 3516/2070/738
f 3520/2074/740 3517/2075/739 3518/2072/739
f 3522/2076/741 3519/2077/740 3520/2074/740
f 3524/2078/742 3521/2079/741 3522/2076/741
f 3526/2080/743 3523/2081/742 3524/2078/742
f 3528/2082/744 3525/2083/743 3526/2080/743
f 3530/2084/745 3527/2085/744 3528/2082/744
f 3532/2086/746 3529/2087/745 3530/2084/745
f 3534/2088/747 3531/2089/746 3532/2086/746
f 3536/2090/748 3533/2091/747 3534/2088/747
f 3538/2092/749 3535/2093/748 3536/2090/748
f 3540/2094/750 3537/2095/749 3538/2092/749
f 3542/2096/751 3539/2097/750 3540/2094/750
f 3544/2098/752 3541/2099/753 3542/2096/751
f 3546/2100/754 3543/2101/752 3544/2098/752
f 3548/2102/755 3545/2103/754 3546/2100/754
f 3550/2104/756 3547/2105/755 3548/2102/755
f 3552/2106/757 3549/2107/756 3550/2104/756
f 3554/2108/758 3551/2109/757 3552/2106/757
f 3556/2110/759 3553/2111/760 3554/2108/758
f 3558/2112/761 3555/2113/759 3556/2110/759
f 3560/2114/762 3557/2115/761 3558/2112/761
f 3562/2116/763 3559/2117/762 3560/2114/762
f 3564/2118/764 3561/2119/763 3562/2116/763
f 3566/2120/765 3563/2121/764 3564/2118/764
f 3568/2122/766 3565/2123/765 3566/2120/765
f 3570/2124/388 3567/2125/766 3568/2122/766
f 3572/2126/767 3569/2127/388 3570/2124/388
f 3574/2128/768 3571/2129/767 3572/2126/767
f 3576/2130/769 3573/2131/768 3574/2128/768
f 3578/2132/770 3575/2133/769 3576/2130/769
f 3580/2134/771 3577/2135/770 3578/2132/770
f 3582/2136/772 3579/2137/771 3580/2134/771
f 3584/2138/773 3581/2139/772 3582/2136/772
f 3586/2140/774 3583/2141/773 3584/2138/773
f 3588/2142/775 3585/2143/774 3586/2140/774
f 3590/2144/776 3587/2145/775 3588/2142/775
f 3592/2146/777 3589/2147/778 3590/2144/776
f 3594/2148/779 3591/2149/777 3592/2146/777
f 3596/2150/780 3593/2151/779 3594/2148/779
f 3598/2152/781 3595/2153/780 3596/2150/780
f 3600/2154/782 3597/2155/781 3598/2152/781
f 3602/2156/783 3599/2157/782 3600/2154/782
f 3604/2158/784 3601/2159/783 3602/2156/783
f 3606/2160/785 3603/2161/784 3604/2158/784
f 3608/2162/786 3605/2163/785 3606/2160/785
f 3610/2164/787 3607/2165/786 3608/2162/786
f 3612/2166/788 3609/2167/787 3610/2164/787
f 3614/2168/789 3611/2169/788 3612/2166/788
f 3616/2170/790 3613/2171/789 3614/2168/789
f 3618/2172/791 3615/2173/790 3616/2170/790
f 3620/2174/792 3617/2175/791 3618/2172/791
f 3622/2176/793 3619/2177/792 3620/2174/792
f 3624/2178/794 3621/2179/793 3622/2176/793
f 3626/2180/795 3623/2181/794 3624/2178/794
f 3628/2182/796 3625/2183/795 3626/2180/795
f 3630/2184/797 3627/2185/796 3628/2182/796
f 3632/2186/798 3629/2187/797 3630/2184/797
f 3634/2188/799 3631/2189/798 3632/2186/798
f 3636/2190/800 3633/2191/799 3634/2188/799
f 3638/2192/801 3635/2193/800 3636/2190/800
f 3640/2194/802 3637/2195/801 3638/2192/801
f 3642/2196/803 3639/2197/802 3640/2194/802
f 3644/2198/804 3641/2199/803 3642/2196/803
f 3646/2200/805 3643/2201/806 3644/2198/804
f 3648/2202/807 3645/2203/805 3646/2200/805
f 3650/2204/808 3647/2205/807 3648/2202/807
f 3652/2206/809 3649/2207/808 3650/2204/808
f 3654/1251/810 3651/2208/809 3652/2206/809
f 3656/2209/811 3653/36/810 3654/1251/810
f 3658/2210/812 3655/2211/811 3656/2209/811
f 3660/2212/813 3657/2213/814 3658/2210/812
f 3662/2214/815 3659/2215/813 3660/2212/813
f 3664/2216/816 3661/2217/815 3662/2214/815
f 3666/2218/817 3663/2219/816 3664/2216/816
f 3668/2220/818 3665/2221/819 3666/2218/817
f 3670/2222/820 3667/2223/818 3668/2220/818
f 3672/2224/821 3669/2225/822 3670/2222/820
f 3674/2226/823 3671/2227/821 3672/2224/821
f 3676/2228/824 3673/2229/823 3674/2226/823
f 3678/2230/825 3675/2231/824 3676/2228/824
f 3680/2232/826 3677/2233/825 3678/2230/825
f 3682/2234/827 3679/2235/826 3680/2232/826
f 3684/2236/828 3681/2237/829 3682/2234/827
f 3686/2238/830 3683/2239/828 3684/2236/828
f 3688/2240/831 3685/2241/830 3686/2238/830
f 3690/2242/832 3687/2243/833 3688/2240/831
f 3692/2244/834 3689/2245/835 3690/2242/832
f 3694/2246/836 3691/2247/834 3692/2244/834
f 3696/2248/837 3693/2249/836 3694/2246/836
f 3698/2250/838 3695/2251/837 3696/2248/837
f 3700/2252/839 3697/2253/838 3698/2250/838
f 3702/2254/840 3699/2255/839 3700/2252/839
f 3704/2256/841 3701/2257/840 3702/2254/840
f 3706/2258/842 3703/2259/841 3704/2256/841
f 3708/2260/843 3705/2261/842 3706/2258/842
f 3710/2262/844 3707/2263/843 3708/2260/843
f 3712/2264/845 3709/2265/844 3710/2262/844
f 3714/2266/663 3711/2267/845 3712/2264/845
f 3716/2268/846 3713/2269/663 3714/2266/663
f 3718/2270/847 3715/2271/848 3716/2268/846
f 3720/2272/849 3717/2273/850 3718/2270/847
f 3722/2274/850 3719/2275/849 3720/2272/849
f 3724/2276/851 3721/2277/850 3722/2274/850
f 3726/2278/852 3723/2279/851 3724/2276/851
f 3728/2280/853 3725/2281/852 3726/2278/852
f 3730/2282/854 3727/2283/853 3728/2280/853
f 3732/2284/845 3729/2285/854 3730/2282/854
f 3734/2286/855 3731/2287/845 3732/2284/845
f 3736/2288/856 3733/2289/855 3734/2286/855
f 3738/2290/857 3735/2291/858 3736/2288/856
f 3740/2292/859 3737/2293/860 3738/2290/857
f 3742/2294/861 3739/2295/859 3740/2292/859
f 3744/2296/862 3741/2297/861 3742/2294/861
f 3746/2298/863 3743/2299/862 3744/2296/862
f 3748/2300/864 3745/2301/863 3746/2298/863
f 3750/2302/865 3747/2303/864 3748/2300/864
f 3752/2304/866 3749/2305/865 3750/2302/865
f 3754/2306/867 3751/2307/866 3752/2304/866
f 3756/2308/868 3753/2309/869 3754/2306/867
f 3758/2310/870 3755/2311/868 3756/2308/868
f 3760/2312/871 3757/2313/870 3758/2310/870
f 3762/2314/872 3759/2315/871 3760/2312/871
f 3764/2316/873 3761/2317/872 3762/2314/872
f 3766/2318/874 3763/2319/873 3764/2316/873
f 3768/2320/875 3765/2321/874 3766/2318/874
f 3770/2322/876 3767/2323/875 3768/2320/875
f 3772/2324/877 3769/2325/878 3770/2322/876
f 3774/2326/879 3771/2327/880 3772/2324/877
f 3776/2328/881 3773/2329/882 3774/2326/879
f 3778/2330/883 3775/2331/884 3776/2328/881
f 3780/2332/885 3777/2333/886 3778/2330/883
f 3782/2334/887 3779/2335/885 3780/2332/885
f 3784/2336/888 3781/2337/889 3782/2334/887
f 3786/2338/890 3783/2339/888 3784/2336/888
f 3788/2340/891 3785/2341/841 3786/2338/890
f 3790/2342/892 3787/2343/893 3788/2340/891
f 3792/2344/894 3789/2345/895 3790/2342/892
f 3794/2346/896 3791/2347/894 3792/2344/894
f 3370/1374/664 3793/2348/896 3794/2346/896
f 3798/1376/897 3795/122/898 3796/1007/898
f 3800/1377/899 3797/1378/897 3798/1376/897
f 3802/1379/900 3799/1380/899 3800/1377/899
f 3804/1381/901 3801/1382/900 3802/1379/900
f 3806/1383/902 3803/1384/901 3804/1381/901
f 3808/1385/903 3805/1386/902 3806/1383/902
f 3810/1387/904 3807/1388/903 3808/1385/903
f 3812/1389/905 3809/1390/904 3810/1387/904
f 3814/1391/906 3811/1392/905 3812/1389/905
f 3816/1393/907 3813/1394/906 3814/1391/906
f 3818/1395/908 3815/1396/907 3816/1393/907
f 3820/1397/909 3817/1398/908 3818/1395/908
f 3822/1399/910 3819/1400/909 3820/1397/909
f 3824/1401/911 3821/99/910 3822/1399/910
f 3826/1402/912 3823/1403/911 3824/1401/911
f 3828/1404/913 3825/1405/914 3826/1402/912
f 3830/1406/915 3827/1407/916 3828/1404/913
f 3832/1408/917 3829/1409/915 3830/1406/915
f 3834/1410/918 3831/1411/917 3832/1408/917
f 3836/1412/919 3833/1413/918 3834/1410/918
f 3838/1414/920 3835/1415/919 3836/1412/919
f 3840/1416/921 3837/1417/920 3838/1414/920
f 3842/1418/922 3839/1419/921 3840/1416/921
f 3844/1420/923 3841/1421/922 3842/1418/922
f 3846/1422/924 3843/1423/923 3844/1420/923
f 3796/1374/898 3845/1424/924 3846/1422/924
f 3850/2349/925 3847/122/926 3848/1007/926
f 3852/2350/927 3849/2351/925 3850/2349/925
f 3854/2352/928 3851/2353/927 3852/2350/927
f 3856/2354/929 3853/2355/930 3854/2352/928
f 3858/2356/931 3855/2357/929 3856/2354/929
f 3860/2358/932 3857/2359/933 3858/2356/931
f 3862/2360/934 3859/2361/932 3860/2358/932
f 3864/2362/935 3861/2363/934 3862/2360/934
f 3866/2364/936 3863/2365/935 3864/2362/935
f 3868/2366/937 3865/2367/936 3866/2364/936
f 3870/2368/938 3867/2369/937 3868/2366/937
f 3872/2370/939 3869/2371/940 3870/2368/938
f 3874/2372/941 3871/2373/939 3872/2370/939
f 3876/2374/942 3873/2375/941 3874/2372/941
f 3878/2376/943 3875/2377/942 3876/2374/942
f 3880/2378/944 3877/2379/943 3878/2376/943
f 3882/2380/945 3879/2381/944 3880/2378/944
f 3884/2382/946 3881/2383/947 3882/2380/945
f 3886/2384/948 3883/2385/946 3884/2382/946
f 3888/2386/949 3885/2387/948 3886/2384/948
f 3890/2388/950 3887/2389/951 3888/2386/949
f 3892/2390/952 3889/2391/950 3890/2388/950
f 3894/2392/953 3891/2393/952 3892/2390/952
f 3896/2394/954 3893/2395/953 3894/2392/953
f 3898/2396/955 3895/2397/956 3896/2394/954
f 3900/2398/957 3897/2399/955 3898/2396/955
f 3902/2400/958 3899/2401/957 3900/2398/957
f 3904/2402/959 3901/2403/958 3902/2400/958
f 3906/2404/960 3903/2405/961 3904/2402/959
f 3908/2406/962 3905/2407/960 3906/2404/960
f 3910/2408/963 3907/2409/964 3908/2406/962
f 3912/2410/965 3909/2411/966 3910/2408/963
f 3914/2412/967 3911/2413/965 3912/2410/965
f 3916/2414/968 3913/2415/969 3914/2412/967
f 3918/2416/970 3915/2417/968 3916/2414/968
f 3920/2418/971 3917/2419/970 3918/2416/970
f 3922/2420/972 3919/2421/971 3920/2418/971
f 3924/2422/973 3921/2423/972 3922/2420/972
f 3926/2424/974 3923/2425/973 3924/2422/973
f 3928/2426/975 3925/2427/974 3926/2424/974
f 3930/2428/976 3927/2429/975 3928/2426/975
f 3932/2430/977 3929/2431/976 3930/2428/976
f 3934/2432/978 3931/2433/977 3932/2430/977
f 3936/2434/979 3933/2435/978 3934/2432/978
f 3938/2436/980 3935/2437/979 3936/2434/979
f 3940/2438/981 3937/2439/982 3938/2436/980
f 3942/2440/983 3939/2441/981 3940/2438/981
f 3944/2442/984 3941/2443/983 3942/2440/983
f 3946/2444/985 3943/2445/984 3944/2442/984
f 3948/2446/986 3945/2447/985 3946/2444/985
f 3950/2448/987 3947/2449/988 3948/2446/986
f 3952/2450/989 3949/2451/987 3950/2448/987
f 3954/2452/990 3951/2453/989 3952/2450/989
f 3956/2454/991 3953/2455/990 3954/2452/990
f 3958/2456/992 3955/2457/991 3956/2454/991
f 3960/2458/993 3957/2459/992 3958/2456/992
f 3962/2460/994 3959/2461/993 3960/2458/993
f 3964/2462/995 3961/2463/994 3962/2460/994
f 3966/2464/996 3963/2465/995 3964/2462/995
f 3968/2466/997 3965/2467/998 3966/2464/996
f 3970/2468/999 3967/2469/997 3968/2466/997
f 3972/2470/1000 3969/2471/999 3970/2468/999
f 3974/2472/1001 3971/2473/1000 3972/2470/1000
f 3976/2474/1002 3973/2475/1001 3974/2472/1001
f 3978/2476/1003 3975/2477/1002 3976/2474/1002
f 3980/2478/1004 3977/2479/1003 3978/2476/1003
f 3982/2480/1005 3979/2481/1006 3980/2478/1004
f 3984/2482/1007 3981/2483/1005 3982/2480/1005
f 3986/2484/1008 3983/2485/1007 3984/2482/1007
f 3988/2486/1009 3985/2487/1008 3986/2484/1008
f 3990/2488/1010 3987/2489/1009 3988/2486/1009
f 3992/2490/1011 3989/2491/1010 3990/2488/1010
f 3994/2492/1012 3991/2493/1011 3992/2490/1011
f 3996/2494/1013 3993/2495/1012 3994/2492/1012
f 3998/2496/1014 3995/2497/1013 3996/2494/1013
f 4000/2498/1015 3997/2499/1014 3998/2496/1014
f 4002/2500/1015 3999/2501/1015 4000/2498/1015
f 4004/2502/1015 4001/2503/1015 4002/2500/1015
f 4006/2504/1015 4003/2505/1015 4004/2502/1015
f 4008/2506/1015 4005/2507/1015 4006/2504/1015
f 4010/2508/1015 4007/2509/1015 4008/2506/1015
f 4012/2510/1015 4009/2511/1015 4010/2508/1015
f 4014/2512/1015 4011/2513/1015 4012/2510/1015
f 4016/2514/1015 4013/2515/1015 4014/2512/1015
f 4018/2516/1015 4015/2517/1015 4016/2514/1015
f 4020/2518/1015 4017/2519/1015 4018/2516/1015
f 4022/2520/1016 4019/2521/1015 4020/2518/1015
f 4024/2522/1017 4021/2523/1016 4022/2520/1016
f 4026/2524/1018 4023/2525/1017 4024/2522/1017
f 4028/2526/1019 4025/2527/1018 4026/2524/1018
f 4030/2528/1020 4027/2529/1019 4028/2526/1019
f 4032/2530/1021 4029/2531/1020 4030/2528/1020
f 4034/2532/1022 4031/2533/1021 4032/2530/1021
f 4036/2534/1023 4033/2535/1022 4034/2532/1022
f 4038/2536/1024 4035/2537/1023 4036/2534/1023
f 4040/2538/1025 4037/2539/1024 4038/2536/1024
f 4042/2540/1026 4039/2541/1025 4040/2538/1025
f 4044/2542/1027 4041/2543/1026 4042/2540/1026
f 4046/2544/1028 4043/2545/1027 4044/2542/1027
f 4048/2546/1029 4045/2547/1028 4046/2544/1028
f 4050/2548/1030 4047/2549/1029 4048/2546/1029
f 4052/2550/1031 4049/2551/1030 4050/2548/1030
f 4054/2552/1032 4051/2553/1033 4052/2550/1031
f 4056/2554/1034 4053/2555/1032 4054/2552/1032
f 4058/2556/1035 4055/2557/1034 4056/2554/1034
f 4060/2558/1036 4057/2559/1035 4058/2556/1035
f 4062/2560/1037 4059/2561/1036 4060/2558/1036
f 4064/2562/1038 4061/2563/1037 4062/2560/1037
f 4066/2564/1039 4063/2565/1038 4064/2562/1038
f 4068/2566/1040 4065/2567/1039 4066/2564/1039
f 4070/2568/1041 4067/2569/1040 4068/2566/1040
f 4072/2570/1042 4069/2571/1041 4070/2568/1041
f 4074/2572/152 4071/2573/1042 4072/2570/1042
f 4076/2574/1043 4073/2575/152 4074/2572/152
f 4078/2576/1044 4075/2577/1043 4076/2574/1043
f 4080/2578/1045 4077/2579/1044 4078/2576/1044
f 4082/2580/1046 4079/2581/1045 4080/2578/1045
f 4084/2582/1047 4081/2583/1048 4082/2580/1046
f 4086/2584/131 4083/2585/1049 4084/2582/1047
f 4088/2586/1050 4085/2587/131 4086/2584/131
f 4090/2588/1051 4087/2589/1052 4088/2586/1050
f 4092/2590/1053 4089/2591/1051 4090/2588/1051
f 4094/2592/1054 4091/2593/1053 4092/2590/1053
f 4096/2594/1055 4093/2595/1056 4094/2592/1054
f 4098/2596/1057 4095/2597/1055 4096/2594/1055
f 4100/2598/1058 4097/2599/1057 4098/2596/1057
f 4102/2600/1059 4099/2601/1060 4100/2598/1058
f 4104/2602/1061 4101/2603/1059 4102/2600/1059
f 4106/2604/1062 4103/2605/1061 4104/2602/1061
f 4108/2606/1063 4105/2607/1064 4106/2604/1062
f 4110/2608/1065 4107/2609/1066 4108/2606/1063
f 4112/2610/1067 4109/2611/1065 4110/2608/1065
f 4114/2612/1068 4111/2613/1067 4112/2610/1067
f 4116/2614/1069 4113/2615/1068 4114/2612/1068
f 4118/2616/1070 4115/2617/1069 4116/2614/1069
f 4120/2618/1071 4117/2619/1070 4118/2616/1070
f 4122/2620/1072 4119/2621/1073 4120/2618/1071
f 4124/2622/1074 4121/2623/1072 4122/2620/1072
f 4126/2624/1075 4123/2625/1074 4124/2622/1074
f 4128/2626/191 4125/2627/1075 4126/2624/1075
f 4130/2628/1076 4127/2629/191 4128/2626/191
f 4132/2630/1077 4129/2631/1076 4130/2628/1076
f 4134/2632/1078 4131/2633/1077 4132/2630/1077
f 4136/2634/1079 4133/2635/1078 4134/2632/1078
f 4138/2636/1080 4135/2637/1079 4136/2634/1079
f 4140/2638/1081 4137/2639/1080 4138/2636/1080
f 4142/2640/1082 4139/2641/1081 4140/2638/1081
f 4144/2642/1083 4141/2643/1082 4142/2640/1082
f 4146/2644/1084 4143/2645/1083 4144/2642/1083
f 4148/2646/1085 4145/2647/1084 4146/2644/1084
f 4150/2648/1086 4147/2649/1085 4148/2646/1085
f 4152/2650/1087 4149/2651/1086 4150/2648/1086
f 4154/2652/1088 4151/2653/1087 4152/2650/1087
f 4156/2654/1089 4153/2655/1088 4154/2652/1088
f 4158/2656/1090 4155/2657/1089 4156/2654/1089
f 4160/2658/1091 4157/2659/1090 4158/2656/1090
f 4162/2660/1092 4159/2661/1091 4160/2658/1091
f 4164/2662/1093 4161/2663/1092 4162/2660/1092
f 4166/2664/1094 4163/2665/1093 4164/2662/1093
f 4168/2666/1095 4165/2667/1094 4166/2664/1094
f 4170/2668/1096 4167/2669/1097 4168/2666/1095
f 4172/2670/1098 4169/2671/1096 4170/2668/1096
f 4174/2672/1099 4171/2673/1098 4172/2670/1098
f 4176/2674/1100 4173/2675/1099 4174/2672/1099
f 4178/2676/1101 4175/2677/1100 4176/2674/1100
f 4180/2678/1102 4177/2679/1101 4178/2676/1101
f 3848/1374/926 4179/2680/1103 4180/2678/1102
f 2094/1006/5 2093/1009/5 2091/122/6
f 2096/1008/7 2095/1011/7 2093/1009/5
f 2098/1010/8 2097/1013/8 2095/1011/7
f 2100/1012/9 2099/1015/9 2097/1013/8
f 2102/1014/10 2101/1017/10 2099/1015/9
f 2104/1016/11 2103/1019/11 2101/1017/10
f 2106/1018/12 2105/1021/12 2103/1019/11
f 2108/1020/13 2107/1023/13 2105/1021/12
f 2110/1022/14 2109/1025/16 2107/1023/13
f 2112/1024/15 2111/1027/15 2109/1025/16
f 2114/1026/17 2113/1029/17 2111/1027/15
f 2116/1028/18 2115/1031/18 2113/1029/17
f 2118/1030/19 2117/1033/19 2115/1031/18
f 2120/1032/20 2119/1035/20 2117/1033/19
f 2122/1034/21 2121/1037/21 2119/1035/20
f 2124/1036/22 2123/1039/22 2121/1037/21
f 2126/1038/23 2125/1041/23 2123/1039/22
f 2128/1040/24 2127/1043/24 2125/1041/23
f 2130/1042/25 2129/1045/25 2127/1043/24
f 2132/1044/26 2131/1047/26 2129/1045/25
f 2134/1046/27 2133/700/27 2131/1047/26
f 2136/1048/28 2135/1050/28 2133/700/27
f 2138/1049/29 2137/1052/29 2135/1050/28
f 2140/1051/30 2139/1054/30 2137/1052/29
f 2142/1053/31 2141/1056/31 2139/1054/30
f 2144/1055/32 2143/1058/32 2141/1056/31
f 2146/1057/33 2145/1060/33 2143/1058/32
f 2148/1059/34 2147/1062/34 2145/1060/33
f 2150/1061/35 2149/1064/35 2147/1062/34
f 2152/1063/36 2151/1066/36 2149/1064/35
f 2154/1065/37 2153/1068/37 2151/1066/36
f 2156/1067/38 2155/1070/38 2153/1068/37
f 2158/1069/39 2157/1072/39 2155/1070/38
f 2160/1071/40 2159/1074/42 2157/1072/39
f 2162/1073/41 2161/1076/41 2159/1074/42
f 2164/1075/43 2163/1078/43 2161/1076/41
f 2166/1077/44 2165/1080/44 2163/1078/43
f 2168/1079/45 2167/1082/45 2165/1080/44
f 2170/1081/46 2169/1084/46 2167/1082/45
f 2172/1083/47 2171/1086/47 2169/1084/46
f 2174/1085/48 2173/1088/48 2171/1086/47
f 2176/1087/49 2175/680/49 2173/1088/48
f 2178/1089/50 2177/1091/50 2175/680/49
f 2180/1090/51 2179/1093/51 2177/1091/50
f 2182/1092/52 2181/1095/52 2179/1093/51
f 2184/1094/53 2183/1097/53 2181/1095/52
f 2186/1096/54 2185/1099/54 2183/1097/53
f 2188/1098/55 2187/1101/55 2185/1099/54
f 2190/1100/56 2189/1103/58 2187/1101/55
f 2192/1102/57 2191/1105/57 2189/1103/58
f 2194/1104/59 2193/1107/61 2191/1105/57
f 2196/1106/60 2195/1109/60 2193/1107/61
f 2198/1108/62 2197/1111/64 2195/1109/60
f 2200/1110/63 2199/1113/63 2197/1111/64
f 2202/1112/65 2201/1115/65 2199/1113/63
f 2204/1114/66 2203/1117/66 2201/1115/65
f 2206/1116/67 2205/1119/67 2203/1117/66
f 2208/1118/68 2207/1121/68 2205/1119/67
f 2210/1120/69 2209/1123/69 2207/1121/68
f 2212/1122/70 2211/1125/72 2209/1123/69
f 2214/1124/71 2213/1127/71 2211/1125/72
f 2216/1126/73 2215/1129/73 2213/1127/71
f 2218/1128/73 2217/124/73 2215/1129/73
f 2220/1130/73 2219/1132/73 2217/124/73
f 2222/1131/73 2221/1134/73 2219/1132/73
f 2224/1133/73 2223/1136/73 2221/1134/73
f 2226/1135/73 2225/1138/73 2223/1136/73
f 2228/1137/73 2227/1140/73 2225/1138/73
f 2230/1139/73 2229/1142/73 2227/1140/73
f 2232/1141/73 2231/1144/73 2229/1142/73
f 2234/1143/73 2233/1146/73 2231/1144/73
f 2236/1145/73 2235/1148/73 2233/1146/73
f 2238/1147/74 2237/1150/76 2235/1148/73
f 2240/1149/75 2239/1152/78 2237/1150/76
f 2242/1151/77 2241/1154/80 2239/1152/78
f 2244/1153/79 2243/1156/82 2241/1154/80
f 2246/1155/81 2245/1158/84 2243/1156/82
f 2248/1157/83 2247/1160/86 2245/1158/84
f 2250/1159/85 2249/1162/88 2247/1160/86
f 2252/1161/87 2251/1164/90 2249/1162/88
f 2254/1163/89 2253/1166/92 2251/1164/90
f 2256/1165/91 2255/1168/91 2253/1166/92
f 2258/1167/93 2257/1170/93 2255/1168/91
f 2260/1169/94 2259/572/96 2257/1170/93
f 2262/1171/95 2261/1173/98 2259/572/96
f 2264/1172/97 2263/1175/100 2261/1173/98
f 2266/1174/99 2265/1177/99 2263/1175/100
f 2268/1176/101 2267/1179/103 2265/1177/99
f 2270/1178/102 2269/1181/105 2267/1179/103
f 2272/1180/104 2271/1183/104 2269/1181/105
f 2274/1182/106 2273/1185/106 2271/1183/104
f 2276/1184/107 2275/1187/109 2273/1185/106
f 2278/1186/108 2277/1189/111 2275/1187/109
f 2280/1188/110 2279/1191/110 2277/1189/111
f 2282/1190/112 2281/1193/114 2279/1191/110
f 2284/1192/113 2283/1195/113 2281/1193/114
f 2286/1194/115 2285/1197/117 2283/1195/113
f 2288/1196/116 2287/1199/116 2285/1197/117
f 2290/1198/118 2289/1201/118 2287/1199/116
f 2292/1200/118 2291/1203/118 2289/1201/118
f 2294/1202/118 2293/1205/118 2291/1203/118
f 2296/1204/118 2295/1207/118 2293/1205/118
f 2298/1206/118 2297/1209/118 2295/1207/118
f 2300/1208/118 2299/1211/118 2297/1209/118
f 2302/1210/118 2301/612/118 2299/1211/118
f 2304/1212/118 2303/1214/118 2301/612/118
f 2306/1213/118 2305/1216/118 2303/1214/118
f 2308/1215/118 2307/1218/118 2305/1216/118
f 2310/1217/118 2309/1220/118 2307/1218/118
f 2312/1219/119 2311/1222/119 2309/1220/118
f 2314/1221/120 2313/1224/120 2311/1222/119
f 2316/1223/121 2315/1226/121 2313/1224/120
f 2318/1225/122 2317/1228/124 2315/1226/121
f 2320/1227/123 2319/1230/126 2317/1228/124
f 2322/1229/125 2321/1232/125 2319/1230/126
f 2324/1231/127 2323/1234/129 2321/1232/125
f 2326/1233/128 2325/1236/131 2323/1234/129
f 2328/1235/130 2327/1238/133 2325/1236/131
f 2330/1237/132 2329/1240/132 2327/1238/133
f 2332/1239/134 2331/1242/136 2329/1240/132
f 2334/1241/135 2333/1244/138 2331/1242/136
f 2336/1243/137 2335/1246/140 2333/1244/138
f 2338/1245/139 2337/1248/139 2335/1246/140
f 2340/1247/141 2339/1250/141 2337/1248/139
f 2342/1249/142 2341/1252/142 2339/1250/141
f 2344/1251/143 2343/36/143 2341/1252/142
f 2346/1253/144 2345/1255/144 2343/36/143
f 2348/1254/145 2347/1257/145 2345/1255/144
f 2350/1256/146 2349/1259/146 2347/1257/145
f 2352/1258/147 2351/1261/147 2349/1259/146
f 2354/1260/148 2353/1263/148 2351/1261/147
f 2356/1262/149 2355/1265/149 2353/1263/148
f 2358/1264/150 2357/1267/150 2355/1265/149
f 2360/1266/151 2359/1269/151 2357/1267/150
f 2362/1268/152 2361/1271/152 2359/1269/151
f 2364/1270/153 2363/1273/153 2361/1271/152
f 2366/1272/154 2365/1275/156 2363/1273/153
f 2368/1274/155 2367/1277/158 2365/1275/156
f 2370/1276/157 2369/1279/157 2367/1277/158
f 2372/1278/159 2371/1281/161 2369/1279/157
f 2374/1280/160 2373/1283/163 2371/1281/161
f 2376/1282/162 2375/1285/165 2373/1283/163
f 2378/1284/164 2377/1287/167 2375/1285/165
f 2380/1286/166 2379/1289/166 2377/1287/167
f 2382/1288/168 2381/1291/168 2379/1289/166
f 2384/1290/169 2383/1293/169 2381/1291/168
f 2386/1292/170 2385/591/170 2383/1293/169
f 2388/1294/171 2387/1296/173 2385/591/170
f 2390/1295/172 2389/1298/172 2387/1296/173
f 2392/1297/174 2391/1300/174 2389/1298/172
f 2394/1299/175 2393/1302/175 2391/1300/174
f 2396/1301/176 2395/1304/176 2393/1302/175
f 2398/1303/177 2397/1306/177 2395/1304/176
f 2400/1305/178 2399/1308/180 2397/1306/177
f 2402/1307/179 2401/1310/182 2399/1308/180
f 2404/1309/181 2403/1312/181 2401/1310/182
f 2406/1311/183 2405/1314/183 2403/1312/181
f 2408/1313/184 2407/1316/186 2405/1314/183
f 2410/1315/185 2409/1318/188 2407/1316/186
f 2412/1317/187 2411/1320/190 2409/1318/188
f 2414/1319/189 2413/1322/192 2411/1320/190
f 2416/1321/191 2415/1324/191 2413/1322/192
f 2418/1323/193 2417/1326/193 2415/1324/191
f 2420/1325/194 2419/1328/194 2417/1326/193
f 2422/1327/195 2421/1330/195 2419/1328/194
f 2424/1329/196 2423/1332/196 2421/1330/195
f 2426/1331/197 2425/1334/197 2423/1332/196
f 2428/1333/198 2427/554/198 2425/1334/197
f 2430/1335/199 2429/1337/199 2427/554/198
f 2432/1336/200 2431/1339/200 2429/1337/199
f 2434/1338/201 2433/1341/201 2431/1339/200
f 2436/1340/202 2435/1343/202 2433/1341/201
f 2438/1342/203 2437/1345/205 2435/1343/202
f 2440/1344/204 2439/1347/204 2437/1345/205
f 2442/1346/206 2441/1349/208 2439/1347/204
f 2444/1348/207 2443/1351/207 2441/1349/208
f 2446/1350/209 2445/1353/209 2443/1351/207
f 2448/1352/210 2447/1355/212 2445/1353/209
f 2450/1354/211 2449/1357/211 2447/1355/212
f 2452/1356/213 2451/1359/213 2449/1357/211
f 2454/1358/214 2453/1361/214 2451/1359/213
f 2456/1360/215 2455/1363/215 2453/1361/214
f 2458/1362/216 2457/1365/216 2455/1363/215
f 2460/1364/217 2459/1367/219 2457/1365/216
f 2462/1366/218 2461/1369/218 2459/1367/219
f 2464/1368/220 2463/1371/220 2461/1369/218
f 2466/1370/221 2465/1373/221 2463/1371/220
f 2468/1372/222 2467/1375/222 2465/1373/221
f 2092/1374/6 2091/94/6 2467/1375/222
f 2472/1376/223 2471/1378/223 2469/122/224
f 2474/1377/226 2473/1380/226 2471/1378/223
f 2476/1379/227 2475/1382/227 2473/1380/226
f 2478/1381/228 2477/1384/228 2475/1382/227
f 2480/1383/229 2479/1386/231 2477/1384/228
f 2482/1385/230 2481/1388/230 2479/1386/231
f 2484/1387/232 2483/1390/234 2481/1388/230
f 2486/1389/233 2485/1392/233 2483/1390/234
f 2488/1391/235 2487/1394/237 2485/1392/233
f 2490/1393/236 2489/1396/236 2487/1394/237
f 2492/1395/238 2491/1398/238 2489/1396/236
f 2494/1397/239 2493/1400/239 2491/1398/238
f 2496/1399/240 2495/99/242 2493/1400/239
f 2498/1401/241 2497/1403/241 2495/99/242
f 2500/1402/243 2499/1405/243 2497/1403/241
f 2502/1404/244 2501/1407/244 2499/1405/243
f 2504/1406/245 2503/1409/245 2501/1407/244
f 2506/1408/246 2505/1411/246 2503/1409/245
f 2508/1410/247 2507/1413/247 2505/1411/246
f 2510/1412/248 2509/1415/250 2507/1413/247
f 2512/1414/249 2511/1417/249 2509/1415/250
f 2514/1416/251 2513/1419/251 2511/1417/249
f 2516/1418/252 2515/1421/252 2513/1419/251
f 2518/1420/253 2517/1423/253 2515/1421/252
f 2520/1422/254 2519/1424/254 2517/1423/253
f 2470/1374/225 2469/94/224 2519/1424/254
f 2524/1425/255 2523/1427/255 2521/122/256
f 2526/1426/258 2525/1429/258 2523/1427/255
f 2528/1428/259 2527/1431/259 2525/1429/258
f 2530/1430/260 2529/1433/260 2527/1431/259
f 2532/1432/261 2531/1435/261 2529/1433/260
f 2534/1434/262 2533/1437/262 2531/1435/261
f 2536/1436/263 2535/1439/263 2533/1437/262
f 2538/1438/264 2537/1441/264 2535/1439/263
f 2540/1440/265 2539/1443/267 2537/1441/264
f 2542/1442/266 2541/1445/266 2539/1443/267
f 2544/1444/268 2543/1447/268 2541/1445/266
f 2546/1446/269 2545/1449/269 2543/1447/268
f 2548/1448/270 2547/1451/270 2545/1449/269
f 2550/1450/271 2549/1453/271 2547/1451/270
f 2552/1452/272 2551/1455/272 2549/1453/271
f 2554/1454/273 2553/1457/273 2551/1455/272
f 2556/1456/274 2555/1459/274 2553/1457/273
f 2558/1458/275 2557/1461/275 2555/1459/274
f 2560/1460/276 2559/1463/276 2557/1461/275
f 2562/1462/277 2561/1465/277 2559/1463/276
f 2564/1464/278 2563/1467/278 2561/1465/277
f 2566/1466/279 2565/1469/279 2563/1467/278
f 2568/1468/280 2567/1471/280 2565/1469/279
f 2570/1470/281 2569/1473/281 2567/1471/280
f 2572/1472/282 2571/1475/282 2569/1473/281
f 2574/1474/283 2573/1477/283 2571/1475/282
f 2576/1476/284 2575/1479/284 2573/1477/283
f 2578/1478/285 2577/1481/287 2575/1479/284
f 2580/1480/286 2579/1483/286 2577/1481/287
f 2582/1482/288 2581/1484/288 2579/1483/286
f 2584/1399/289 2583/99/289 2581/1484/288
f 2586/1485/290 2585/1487/290 2583/99/289
f 2588/1486/291 2587/1489/291 2585/1487/290
f 2590/1488/292 2589/1491/292 2587/1489/291
f 2592/1490/293 2591/1493/293 2589/1491/292
f 2594/1492/294 2593/1495/294 2591/1493/293
f 2596/1494/295 2595/1497/295 2593/1495/294
f 2598/1496/296 2597/1499/296 2595/1497/295
f 2600/1498/297 2599/1501/297 2597/1499/296
f 2602/1500/298 2601/1503/298 2599/1501/297
f 2604/1502/299 2603/1505/299 2601/1503/298
f 2606/1504/300 2605/1507/300 2603/1505/299
f 2608/1506/301 2607/1509/301 2605/1507/300
f 2610/1508/302 2609/1511/302 2607/1509/301
f 2612/1510/303 2611/1513/303 2609/1511/302
f 2614/1512/304 2613/1515/304 2611/1513/303
f 2616/1514/305 2615/1517/305 2613/1515/304
f 2618/1516/306 2617/1519/306 2615/1517/305
f 2620/1518/307 2619/1521/307 2617/1519/306
f 2622/1520/308 2621/1523/308 2619/1521/307
f 2624/1522/309 2623/1525/309 2621/1523/308
f 2626/1524/310 2625/1527/310 2623/1525/309
f 2628/1526/311 2627/1529/313 2625/1527/310
f 2630/1528/312 2629/1531/312 2627/1529/313
f 2632/1530/209 2631/1533/209 2629/1531/312
f 2634/1532/314 2633/1535/314 2631/1533/209
f 2636/1534/315 2635/1537/317 2633/1535/314
f 2638/1536/316 2637/1539/316 2635/1537/317
f 2640/1538/318 2639/1541/320 2637/1539/316
f 2642/1540/319 2641/1543/319 2639/1541/320
f 2644/1542/321 2643/1544/321 2641/1543/319
f 2522/1374/257 2521/94/256 2643/1544/321
f 2648/1376/322 2647/1378/322 2645/122/323
f 2650/1377/229 2649/1380/229 2647/1378/322
f 2652/1379/324 2651/1382/324 2649/1380/229
f 2654/1381/325 2653/1384/325 2651/1382/324
f 2656/1383/326 2655/1386/326 2653/1384/325
f 2658/1385/327 2657/1388/329 2655/1386/326
f 2660/1387/328 2659/1390/328 2657/1388/329
f 2662/1389/330 2661/1392/330 2659/1390/328
f 2664/1391/331 2663/1394/331 2661/1392/330
f 2666/1393/332 2665/1396/332 2663/1394/331
f 2668/1395/333 2667/1398/333 2665/1396/332
f 2670/1397/334 2669/1400/334 2667/1398/333
f 2672/1399/335 2671/99/335 2669/1400/334
f 2674/1401/336 2673/1403/336 2671/99/335
f 2676/1402/337 2675/1405/339 2673/1403/336
f 2678/1404/338 2677/1407/338 2675/1405/339
f 2680/1406/340 2679/1409/340 2677/1407/338
f 2682/1408/341 2681/1411/341 2679/1409/340
f 2684/1410/342 2683/1413/342 2681/1411/341
f 2686/1412/343 2685/1415/343 2683/1413/342
f 2688/1414/344 2687/1417/344 2685/1415/343
f 2690/1416/345 2689/1419/345 2687/1417/344
f 2692/1418/346 2691/1421/346 2689/1419/345
f 2694/1420/347 2693/1423/347 2691/1421/346
f 2696/1422/348 2695/1424/349 2693/1423/347
f 2646/1374/323 2645/94/323 2695/1424/349
f 2700/1545/73 2699/1547/73 2697/122/73
f 2702/1546/73 2701/1549/73 2699/1547/73
f 2704/1548/73 2703/1551/73 2701/1549/73
f 2706/1550/73 2705/1553/73 2703/1551/73
f 2708/1552/73 2707/1555/73 2705/1553/73
f 2710/1554/73 2709/1557/73 2707/1555/73
f 2712/1556/73 2711/1559/73 2709/1557/73
f 2714/1558/73 2713/1561/73 2711/1559/73
f 2716/1560/73 2715/1563/73 2713/1561/73
f 2718/1562/73 2717/1565/73 2715/1563/73
f 2720/1564/350 2719/1567/350 2717/1565/73
f 2722/1566/351 2721/1569/351 2719/1567/350
f 2724/1568/352 2723/1570/354 2721/1569/351
f 2726/1057/353 2725/1060/353 2723/1570/354
f 2728/1571/355 2727/1573/355 2725/1060/353
f 2730/1572/356 2729/1575/356 2727/1573/355
f 2732/1574/357 2731/1577/357 2729/1575/356
f 2734/1576/358 2733/1579/358 2731/1577/357
f 2736/1578/359 2735/1581/359 2733/1579/358
f 2738/1580/360 2737/1583/360 2735/1581/359
f 2740/1582/361 2739/1585/361 2737/1583/360
f 2742/1584/362 2741/1587/362 2739/1585/361
f 2744/1586/363 2743/1589/363 2741/1587/362
f 2746/1588/364 2745/1591/364 2743/1589/363
f 2748/1590/365 2747/1593/365 2745/1591/364
f 2750/1592/366 2749/1595/366 2747/1593/365
f 2752/1594/367 2751/1596/367 2749/1595/366
f 2754/1110/368 2753/1113/368 2751/1596/367
f 2756/1597/369 2755/1599/369 2753/1113/368
f 2758/1598/370 2757/1601/370 2755/1599/369
f 2760/1600/371 2759/1603/371 2757/1601/370
f 2762/1602/372 2761/1605/372 2759/1603/371
f 2764/1604/373 2763/1607/373 2761/1605/372
f 2766/1606/374 2765/1609/374 2763/1607/373
f 2768/1608/375 2767/1611/375 2765/1609/374
f 2770/1610/376 2769/1613/376 2767/1611/375
f 2772/1612/377 2771/1615/377 2769/1613/376
f 2774/1614/378 2773/1617/378 2771/1615/377
f 2776/1616/379 2775/1619/379 2773/1617/378
f 2778/1618/380 2777/1621/380 2775/1619/379
f 2780/1620/381 2779/1622/381 2777/1621/380
f 2782/1163/382 2781/1166/382 2779/1622/381
f 2784/1623/383 2783/1625/383 2781/1166/382
f 2786/1624/384 2785/1627/384 2783/1625/383
f 2788/1626/385 2787/1629/385 2785/1627/384
f 2790/1628/386 2789/1631/386 2787/1629/385
f 2792/1630/387 2791/1633/387 2789/1631/386
f 2794/1632/388 2793/1634/388 2791/1633/387
f 2796/1399/389 2795/99/389 2793/1634/388
f 2798/1635/390 2797/1637/390 2795/99/389
f 2800/1636/391 2799/1639/391 2797/1637/390
f 2802/1638/392 2801/1641/392 2799/1639/391
f 2804/1640/393 2803/1643/393 2801/1641/392
f 2806/1642/394 2805/1645/394 2803/1643/393
f 2808/1644/395 2807/1646/395 2805/1645/394
f 2810/1215/396 2809/1218/396 2807/1646/395
f 2812/1647/397 2811/1649/397 2809/1218/396
f 2814/1648/398 2813/1651/398 2811/1649/397
f 2816/1650/399 2815/1653/399 2813/1651/398
f 2818/1652/400 2817/1655/400 2815/1653/399
f 2820/1654/118 2819/1657/118 2817/1655/400
f 2822/1656/118 2821/1659/118 2819/1657/118
f 2824/1658/118 2823/1661/118 2821/1659/118
f 2826/1660/118 2825/1663/118 2823/1661/118
f 2828/1662/118 2827/1665/118 2825/1663/118
f 2830/1664/118 2829/1667/118 2827/1665/118
f 2832/1666/118 2831/1669/118 2829/1667/118
f 2834/1668/118 2833/1671/118 2831/1669/118
f 2836/1670/118 2835/1672/118 2833/1671/118
f 2838/1268/118 2837/1271/118 2835/1672/118
f 2840/1673/118 2839/1675/118 2837/1271/118
f 2842/1674/401 2841/1677/403 2839/1675/118
f 2844/1676/402 2843/1679/402 2841/1677/403
f 2846/1678/404 2845/1681/404 2843/1679/402
f 2848/1680/405 2847/1683/405 2845/1681/404
f 2850/1682/406 2849/1685/406 2847/1683/405
f 2852/1684/407 2851/1687/407 2849/1685/406
f 2854/1686/408 2853/1689/408 2851/1687/407
f 2856/1688/409 2855/1691/409 2853/1689/408
f 2858/1690/410 2857/1693/410 2855/1691/409
f 2860/1692/411 2859/1695/411 2857/1693/410
f 2862/1694/412 2861/1697/412 2859/1695/411
f 2864/1696/413 2863/1698/413 2861/1697/412
f 2866/1321/414 2865/1324/416 2863/1698/413
f 2868/1699/415 2867/1701/415 2865/1324/416
f 2870/1700/417 2869/1703/417 2867/1701/415
f 2872/1702/418 2871/1705/418 2869/1703/417
f 2874/1704/419 2873/1707/419 2871/1705/418
f 2876/1706/420 2875/1709/420 2873/1707/419
f 2878/1708/421 2877/1711/421 2875/1709/420
f 2880/1710/422 2879/1713/422 2877/1711/421
f 2882/1712/423 2881/1715/425 2879/1713/422
f 2884/1714/424 2883/1717/424 2881/1715/425
f 2886/1716/426 2885/1719/426 2883/1717/424
f 2888/1718/427 2887/1721/427 2885/1719/426
f 2890/1720/428 2889/1723/428 2887/1721/427
f 2892/1722/429 2891/1724/429 2889/1723/428
f 2698/1374/73 2697/94/73 2891/1724/429
f 2896/1725/73 2895/1727/73 2893/122/73
f 2898/1726/73 2897/498/73 2895/1727/73
f 2900/1728/73 2899/1730/73 2897/498/73
f 2902/1729/73 2901/504/73 2899/1730/73
f 2904/1731/73 2903/1733/73 2901/504/73
f 2906/1732/73 2905/511/73 2903/1733/73
f 2908/1734/73 2907/1736/73 2905/511/73
f 2910/1735/73 2909/516/73 2907/1736/73
f 2912/1737/73 2911/1739/73 2909/516/73
f 2914/1738/73 2913/521/73 2911/1739/73
f 2916/1740/430 2915/1742/430 2913/521/73
f 2918/1741/431 2917/528/431 2915/1742/430
f 2920/1743/432 2919/1745/432 2917/528/431
f 2922/1744/433 2921/534/433 2919/1745/432
f 2924/1746/434 2923/1748/434 2921/534/433
f 2926/1747/435 2925/540/435 2923/1748/434
f 2928/1749/436 2927/1751/438 2925/540/435
f 2930/1750/437 2929/537/440 2927/1751/438
f 2932/1752/439 2931/1754/442 2929/537/440
f 2934/1753/441 2933/531/441 2931/1754/442
f 2936/1755/443 2935/1757/445 2933/531/441
f 2938/1756/444 2937/525/444 2935/1757/445
f 2940/1758/446 2939/1760/446 2937/525/444
f 2942/1759/447 2941/520/447 2939/1760/446
f 2944/1761/448 2943/1763/450 2941/520/447
f 2946/1762/449 2945/514/449 2943/1763/450
f 2948/1764/451 2947/1766/451 2945/514/449
f 2950/1765/452 2949/509/452 2947/1766/451
f 2952/1767/453 2951/1769/453 2949/509/452
f 2954/1768/454 2953/503/454 2951/1769/453
f 2956/1770/455 2955/1772/455 2953/503/454
f 2958/1771/456 2957/497/456 2955/1772/455
f 2960/1773/457 2959/1775/457 2957/497/456
f 2962/1774/458 2961/436/458 2959/1775/457
f 2964/1776/459 2963/1778/459 2961/436/458
f 2966/1777/460 2965/440/460 2963/1778/459
f 2968/1399/118 2967/99/118 2965/440/460
f 2970/1779/118 2969/443/118 2967/99/118
f 2972/1780/118 2971/1782/118 2969/443/118
f 2974/1781/118 2973/447/118 2971/1782/118
f 2976/1783/118 2975/1785/118 2973/447/118
f 2978/1784/118 2977/450/118 2975/1785/118
f 2980/1786/118 2979/1788/118 2977/450/118
f 2982/1787/118 2981/455/118 2979/1788/118
f 2984/1789/118 2983/1791/118 2981/455/118
f 2986/1790/118 2985/461/118 2983/1791/118
f 2988/1792/118 2987/1794/118 2985/461/118
f 2990/1793/461 2989/467/461 2987/1794/118
f 2992/1795/462 2991/1797/464 2989/467/461
f 2994/1796/463 2993/472/463 2991/1797/464
f 2996/1798/465 2995/1800/465 2993/472/463
f 2998/1799/466 2997/478/466 2995/1800/465
f 3000/1801/163 2999/1803/163 2997/478/466
f 3002/1802/467 3001/484/467 2999/1803/163
f 3004/1804/468 3003/1806/468 3001/484/467
f 3006/1805/469 3005/490/469 3003/1806/468
f 3008/1807/470 3007/1809/470 3005/490/469
f 3010/1808/471 3009/491/471 3007/1809/470
f 3012/1810/472 3011/1812/472 3009/491/471
f 3014/1811/473 3013/485/475 3011/1812/472
f 3016/1813/474 3015/1815/474 3013/485/475
f 3018/1814/476 3017/479/476 3015/1815/474
f 3020/1816/477 3019/1818/477 3017/479/476
f 3022/1817/478 3021/473/478 3019/1818/477
f 3024/1819/479 3023/1821/481 3021/473/478
f 3026/1820/480 3025/468/483 3023/1821/481
f 3028/1822/482 3027/1824/482 3025/468/483
f 3030/1823/484 3029/462/486 3027/1824/482
f 3032/1825/485 3031/1827/485 3029/462/486
f 3034/1826/487 3033/456/487 3031/1827/485
f 3036/1828/488 3035/1830/488 3033/456/487
f 3038/1829/489 3037/444/489 3035/1830/488
f 3040/1831/490 3039/1832/490 3037/444/489
f 2894/1374/73 2893/94/73 3039/1832/490
f 3044/1425/491 3043/1427/491 3041/122/492
f 3046/1426/493 3045/1429/493 3043/1427/491
f 3048/1428/494 3047/1431/494 3045/1429/493
f 3050/1430/495 3049/1433/495 3047/1431/494
f 3052/1432/496 3051/1435/496 3049/1433/495
f 3054/1434/497 3053/1437/497 3051/1435/496
f 3056/1436/498 3055/1439/498 3053/1437/497
f 3058/1438/499 3057/1441/499 3055/1439/498
f 3060/1440/500 3059/1443/500 3057/1441/499
f 3062/1442/501 3061/1445/503 3059/1443/500
f 3064/1444/502 3063/1447/502 3061/1445/503
f 3066/1446/504 3065/1449/504 3063/1447/502
f 3068/1448/505 3067/1451/505 3065/1449/504
f 3070/1450/506 3069/1453/506 3067/1451/505
f 3072/1452/507 3071/1455/507 3069/1453/506
f 3074/1454/508 3073/1457/508 3071/1455/507
f 3076/1456/509 3075/1459/509 3073/1457/508
f 3078/1458/510 3077/1461/510 3075/1459/509
f 3080/1460/511 3079/1463/511 3077/1461/510
f 3082/1462/512 3081/1465/512 3079/1463/511
f 3084/1464/513 3083/1467/513 3081/1465/512
f 3086/1466/514 3085/1469/514 3083/1467/513
f 3088/1468/515 3087/1471/515 3085/1469/514
f 3090/1470/516 3089/1473/516 3087/1471/515
f 3092/1472/517 3091/1475/517 3089/1473/516
f 3094/1474/518 3093/1477/518 3091/1475/517
f 3096/1476/519 3095/1479/519 3093/1477/518
f 3098/1478/520 3097/1481/520 3095/1479/519
f 3100/1480/521 3099/1483/521 3097/1481/520
f 3102/1482/522 3101/1484/522 3099/1483/521
f 3104/1399/523 3103/99/523 3101/1484/522
f 3106/1485/524 3105/1487/524 3103/99/523
f 3108/1486/525 3107/1489/525 3105/1487/524
f 3110/1488/526 3109/1491/526 3107/1489/525
f 3112/1490/527 3111/1493/527 3109/1491/526
f 3114/1492/528 3113/1495/528 3111/1493/527
f 3116/1494/529 3115/1497/529 3113/1495/528
f 3118/1496/530 3117/1499/530 3115/1497/529
f 3120/1498/531 3119/1501/531 3117/1499/530
f 3122/1500/532 3121/1503/532 3119/1501/531
f 3124/1502/533 3123/1505/533 3121/1503/532
f 3126/1504/534 3125/1507/534 3123/1505/533
f 3128/1506/535 3127/1509/535 3125/1507/534
f 3130/1508/536 3129/1511/536 3127/1509/535
f 3132/1510/537 3131/1513/537 3129/1511/536
f 3134/1512/538 3133/1515/538 3131/1513/537
f 3136/1514/539 3135/1517/539 3133/1515/538
f 3138/1516/540 3137/1519/540 3135/1517/539
f 3140/1518/541 3139/1521/541 3137/1519/540
f 3142/1520/542 3141/1523/542 3139/1521/541
f 3144/1522/543 3143/1525/543 3141/1523/542
f 3146/1524/544 3145/1527/544 3143/1525/543
f 3148/1526/545 3147/1529/545 3145/1527/544
f 3150/1528/546 3149/1531/546 3147/1529/545
f 3152/1530/547 3151/1533/547 3149/1531/546
f 3154/1532/548 3153/1535/548 3151/1533/547
f 3156/1534/549 3155/1537/549 3153/1535/548
f 3158/1536/550 3157/1539/550 3155/1537/549
f 3160/1538/551 3159/1541/551 3157/1539/550
f 3162/1540/552 3161/1543/552 3159/1541/551
f 3164/1542/553 3163/1544/553 3161/1543/552
f 3042/1374/492 3041/94/492 3163/1544/553
f 3168/1833/554 3167/1835/554 3165/122/555
f 3170/1834/556 3169/1837/556 3167/1835/554
f 3172/1836/557 3171/1839/557 3169/1837/556
f 3174/1838/558 3173/1841/560 3171/1839/557
f 3176/1840/559 3175/1843/559 3173/1841/560
f 3178/1842/561 3177/1845/561 3175/1843/559
f 3180/1844/562 3179/1847/562 3177/1845/561
f 3182/1846/563 3181/1849/563 3179/1847/562
f 3184/1848/564 3183/1851/564 3181/1849/563
f 3186/1850/565 3185/1853/565 3183/1851/564
f 3188/1852/566 3187/1855/566 3185/1853/565
f 3190/1854/567 3189/1857/567 3187/1855/566
f 3192/1856/568 3191/1859/568 3189/1857/567
f 3194/1858/569 3193/1861/569 3191/1859/568
f 3196/1860/570 3195/1863/570 3193/1861/569
f 3198/1862/571 3197/1865/571 3195/1863/570
f 3200/1864/572 3199/1867/572 3197/1865/571
f 3202/1866/573 3201/1869/573 3199/1867/572
f 3204/1868/574 3203/1871/574 3201/1869/573
f 3206/1870/575 3205/1873/575 3203/1871/574
f 3208/1872/253 3207/1875/253 3205/1873/575
f 3210/1874/576 3209/1877/576 3207/1875/253
f 3212/1876/577 3211/1879/577 3209/1877/576
f 3214/1878/578 3213/1880/578 3211/1879/577
f 3216/1399/579 3215/99/579 3213/1880/578
f 3218/1881/580 3217/1883/580 3215/99/579
f 3220/1882/581 3219/1885/581 3217/1883/580
f 3222/1884/582 3221/1887/582 3219/1885/581
f 3224/1886/583 3223/1889/583 3221/1887/582
f 3226/1888/584 3225/1891/584 3223/1889/583
f 3228/1890/585 3227/1893/585 3225/1891/584
f 3230/1892/586 3229/1895/586 3227/1893/585
f 3232/1894/587 3231/1897/587 3229/1895/586
f 3234/1896/588 3233/1899/588 3231/1897/587
f 3236/1898/589 3235/1901/589 3233/1899/588
f 3238/1900/590 3237/1903/590 3235/1901/589
f 3240/1902/591 3239/1905/591 3237/1903/590
f 3242/1904/592 3241/1907/592 3239/1905/591
f 3244/1906/593 3243/1909/593 3241/1907/592
f 3246/1908/594 3245/1911/594 3243/1909/593
f 3248/1910/595 3247/1913/595 3245/1911/594
f 3250/1912/596 3249/1915/596 3247/1913/595
f 3252/1914/597 3251/1917/597 3249/1915/596
f 3254/1916/598 3253/1919/598 3251/1917/597
f 3256/1918/599 3255/1921/599 3253/1919/598
f 3258/1920/600 3257/1923/600 3255/1921/599
f 3260/1922/601 3259/1925/601 3257/1923/600
f 3262/1924/602 3261/1927/602 3259/1925/601
f 3264/1926/603 3263/1928/603 3261/1927/602
f 3166/1374/555 3165/94/555 3263/1928/603
f 3268/1376/604 3267/1378/604 3265/122/605
f 3270/1377/606 3269/1380/606 3267/1378/604
f 3272/1379/607 3271/1382/607 3269/1380/606
f 3274/1381/608 3273/1384/610 3271/1382/607
f 3276/1383/609 3275/1386/609 3273/1384/610
f 3278/1385/611 3277/1388/611 3275/1386/609
f 3280/1387/612 3279/1390/612 3277/1388/611
f 3282/1389/613 3281/1392/613 3279/1390/612
f 3284/1391/614 3283/1394/614 3281/1392/613
f 3286/1393/615 3285/1396/617 3283/1394/614
f 3288/1395/616 3287/1398/619 3285/1396/617
f 3290/1397/618 3289/1400/618 3287/1398/619
f 3292/1399/620 3291/99/622 3289/1400/618
f 3294/1401/621 3293/1403/621 3291/99/622
f 3296/1402/623 3295/1405/623 3293/1403/621
f 3298/1404/624 3297/1407/624 3295/1405/623
f 3300/1406/625 3299/1409/625 3297/1407/624
f 3302/1408/626 3301/1411/626 3299/1409/625
f 3304/1410/627 3303/1413/627 3301/1411/626
f 3306/1412/628 3305/1415/628 3303/1413/627
f 3308/1414/629 3307/1417/629 3305/1415/628
f 3310/1416/630 3309/1419/632 3307/1417/629
f 3312/1418/631 3311/1421/631 3309/1419/632
f 3314/1420/633 3313/1423/633 3311/1421/631
f 3316/1422/634 3315/1424/634 3313/1423/633
f 3266/1374/605 3265/94/605 3315/1424/634
f 3320/1376/635 3319/1378/638 3317/122/636
f 3322/1377/637 3321/1380/637 3319/1378/638
f 3324/1379/639 3323/1382/639 3321/1380/637
f 3326/1381/609 3325/1384/609 3323/1382/639
f 3328/1383/640 3327/1386/640 3325/1384/609
f 3330/1385/641 3329/1388/641 3327/1386/640
f 3332/1387/642 3331/1390/642 3329/1388/641
f 3334/1389/643 3333/1392/643 3331/1390/642
f 3336/1391/644 3335/1394/644 3333/1392/643
f 3338/1393/645 3337/1396/645 3335/1394/644
f 3340/1395/646 3339/1398/648 3337/1396/645
f 3342/1397/647 3341/1400/647 3339/1398/648
f 3344/1399/649 3343/99/649 3341/1400/647
f 3346/1401/650 3345/1403/650 3343/99/649
f 3348/1402/651 3347/1405/651 3345/1403/650
f 3350/1404/652 3349/1407/652 3347/1405/651
f 3352/1406/653 3351/1409/653 3349/1407/652
f 3354/1408/654 3353/1411/654 3351/1409/653
f 3356/1410/655 3355/1413/655 3353/1411/654
f 3358/1412/656 3357/1415/656 3355/1413/655
f 3360/1414/657 3359/1417/657 3357/1415/656
f 3362/1416/658 3361/1419/660 3359/1417/657
f 3364/1418/659 3363/1421/659 3361/1419/660
f 3366/1420/661 3365/1423/661 3363/1421/659
f 3368/1422/662 3367/1424/662 3365/1423/661
f 3318/1374/636 3317/94/636 3367/1424/662
f 3372/1929/663 3371/1931/663 3369/122/664
f 3374/1930/665 3373/1933/665 3371/1931/663
f 3376/1932/483 3375/1935/483 3373/1933/665
f 3378/1934/666 3377/1937/666 3375/1935/483
f 3380/1936/667 3379/1939/667 3377/1937/666
f 3382/1938/668 3381/1941/668 3379/1939/667
f 3384/1940/669 3383/1943/669 3381/1941/668
f 3386/1942/670 3385/1945/670 3383/1943/669
f 3388/1944/671 3387/1947/671 3385/1945/670
f 3390/1946/672 3389/1949/672 3387/1947/671
f 3392/1948/673 3391/1951/673 3389/1949/672
f 3394/1950/674 3393/1953/674 3391/1951/673
f 3396/1952/675 3395/1955/677 3393/1953/674
f 3398/1954/676 3397/1957/676 3395/1955/677
f 3400/1956/678 3399/1959/678 3397/1957/676
f 3402/1958/679 3401/1961/681 3399/1959/678
f 3404/1960/680 3403/1963/680 3401/1961/681
f 3406/1962/682 3405/1965/682 3403/1963/680
f 3408/1964/683 3407/1967/683 3405/1965/682
f 3410/1966/684 3409/1969/684 3407/1967/683
f 3412/1968/685 3411/1971/685 3409/1969/684
f 3414/1970/686 3413/1973/686 3411/1971/685
f 3416/1972/687 3415/1975/687 3413/1973/686
f 3418/1974/688 3417/1977/688 3415/1975/687
f 3420/1976/689 3419/1979/689 3417/1977/688
f 3422/1978/690 3421/1981/690 3419/1979/689
f 3424/1980/691 3423/1983/691 3421/1981/690
f 3426/1982/692 3425/1985/692 3423/1983/691
f 3428/1984/693 3427/1987/693 3425/1985/692
f 3430/1986/694 3429/1989/694 3427/1987/693
f 3432/1988/695 3431/1991/695 3429/1989/694
f 3434/1990/696 3433/1993/696 3431/1991/695
f 3436/1992/697 3435/1995/697 3433/1993/696
f 3438/1994/698 3437/1997/698 3435/1995/697
f 3440/1996/699 3439/1999/699 3437/1997/698
f 3442/1998/700 3441/2001/702 3439/1999/699
f 3444/2000/701 3443/2003/701 3441/2001/702
f 3446/2002/703 3445/2005/703 3443/2003/701
f 3448/2004/704 3447/2007/704 3445/2005/703
f 3450/2006/705 3449/2009/705 3447/2007/704
f 3452/2008/706 3451/2011/706 3449/2009/705
f 3454/2010/707 3453/2013/707 3451/2011/706
f 3456/2012/708 3455/2015/708 3453/2013/707
f 3458/2014/709 3457/2017/709 3455/2015/708
f 3460/2016/710 3459/2019/710 3457/2017/709
f 3462/2018/711 3461/2021/711 3459/2019/710
f 3464/2020/712 3463/2023/712 3461/2021/711
f 3466/2022/713 3465/2025/713 3463/2023/712
f 3468/2024/714 3467/2027/714 3465/2025/713
f 3470/2026/715 3469/2029/715 3467/2027/714
f 3472/2028/716 3471/2031/716 3469/2029/715
f 3474/2030/717 3473/2033/717 3471/2031/716
f 3476/2032/718 3475/2035/718 3473/2033/717
f 3478/2034/719 3477/2037/719 3475/2035/718
f 3480/2036/720 3479/2039/720 3477/2037/719
f 3482/2038/721 3481/2041/721 3479/2039/720
f 3484/2040/722 3483/2043/722 3481/2041/721
f 3486/2042/723 3485/2045/723 3483/2043/722
f 3488/2044/724 3487/2047/724 3485/2045/723
f 3490/2046/725 3489/2049/725 3487/2047/724
f 3492/2048/726 3491/2051/726 3489/2049/725
f 3494/2050/727 3493/2053/727 3491/2051/726
f 3496/2052/728 3495/2055/728 3493/2053/727
f 3498/2054/729 3497/2057/729 3495/2055/728
f 3500/2056/730 3499/2059/730 3497/2057/729
f 3502/2058/731 3501/2061/731 3499/2059/730
f 3504/2060/732 3503/2063/732 3501/2061/731
f 3506/2062/733 3505/2065/733 3503/2063/732
f 3508/2064/734 3507/2067/734 3505/2065/733
f 3510/2066/735 3509/2068/735 3507/2067/734
f 3512/1128/736 3511/124/736 3509/2068/735
f 3514/2069/737 3513/2071/737 3511/124/736
f 3516/2070/738 3515/2073/738 3513/2071/737
f 3518/2072/739 3517/2075/739 3515/2073/738
f 3520/2074/740 3519/2077/740 3517/2075/739
f 3522/2076/741 3521/2079/741 3519/2077/740
f 3524/2078/742 3523/2081/742 3521/2079/741
f 3526/2080/743 3525/2083/743 3523/2081/742
f 3528/2082/744 3527/2085/744 3525/2083/743
f 3530/2084/745 3529/2087/745 3527/2085/744
f 3532/2086/746 3531/2089/746 3529/2087/745
f 3534/2088/747 3533/2091/747 3531/2089/746
f 3536/2090/748 3535/2093/748 3533/2091/747
f 3538/2092/749 3537/2095/749 3535/2093/748
f 3540/2094/750 3539/2097/750 3537/2095/749
f 3542/2096/751 3541/2099/753 3539/2097/750
f 3544/2098/752 3543/2101/752 3541/2099/753
f 3546/2100/754 3545/2103/754 3543/2101/752
f 3548/2102/755 3547/2105/755 3545/2103/754
f 3550/2104/756 3549/2107/756 3547/2105/755
f 3552/2106/757 3551/2109/757 3549/2107/756
f 3554/2108/758 3553/2111/760 3551/2109/757
f 3556/2110/759 3555/2113/759 3553/2111/760
f 3558/2112/761 3557/2115/761 3555/2113/759
f 3560/2114/762 3559/2117/762 3557/2115/761
f 3562/2116/763 3561/2119/763 3559/2117/762
f 3564/2118/764 3563/2121/764 3561/2119/763
f 3566/2120/765 3565/2123/765 3563/2121/764
f 3568/2122/766 3567/2125/766 3565/2123/765
f 3570/2124/388 3569/2127/388 3567/2125/766
f 3572/2126/767 3571/2129/767 3569/2127/388
f 3574/2128/768 3573/2131/768 3571/2129/767
f 3576/2130/769 3575/2133/769 3573/2131/768
f 3578/2132/770 3577/2135/770 3575/2133/769
f 3580/2134/771 3579/2137/771 3577/2135/770
f 3582/2136/772 3581/2139/772 3579/2137/771
f 3584/2138/773 3583/2141/773 3581/2139/772
f 3586/2140/774 3585/2143/774 3583/2141/773
f 3588/2142/775 3587/2145/775 3585/2143/774
f 3590/2144/776 3589/2147/778 3587/2145/775
f 3592/2146/777 3591/2149/777 3589/2147/778
f 3594/2148/779 3593/2151/779 3591/2149/777
f 3596/2150/780 3595/2153/780 3593/2151/779
f 3598/2152/781 3597/2155/781 3595/2153/780
f 3600/2154/782 3599/2157/782 3597/2155/781
f 3602/2156/783 3601/2159/783 3599/2157/782
f 3604/2158/784 3603/2161/784 3601/2159/783
f 3606/2160/785 3605/2163/785 3603/2161/784
f 3608/2162/786 3607/2165/786 3605/2163/785
f 3610/2164/787 3609/2167/787 3607/2165/786
f 3612/2166/788 3611/2169/788 3609/2167/787
f 3614/2168/789 3613/2171/789 3611/2169/788
f 3616/2170/790 3615/2173/790 3613/2171/789
f 3618/2172/791 3617/2175/791 3615/2173/790
f 3620/2174/792 3619/2177/792 3617/2175/791
f 3622/2176/793 3621/2179/793 3619/2177/792
f 3624/2178/794 3623/2181/794 3621/2179/793
f 3626/2180/795 3625/2183/795 3623/2181/794
f 3628/2182/796 3627/2185/796 3625/2183/795
f 3630/2184/797 3629/2187/797 3627/2185/796
f 3632/2186/798 3631/2189/798 3629/2187/797
f 3634/2188/799 3633/2191/799 3631/2189/798
f 3636/2190/800 3635/2193/800 3633/2191/799
f 3638/2192/801 3637/2195/801 3635/2193/800
f 3640/2194/802 3639/2197/802 3637/2195/801
f 3642/2196/803 3641/2199/803 3639/2197/802
f 3644/2198/804 3643/2201/806 3641/2199/803
f 3646/2200/805 3645/2203/805 3643/2201/806
f 3648/2202/807 3647/2205/807 3645/2203/805
f 3650/2204/808 3649/2207/808 3647/2205/807
f 3652/2206/809 3651/2208/809 3649/2207/808
f 3654/1251/810 3653/36/810 3651/2208/809
f 3656/2209/811 3655/2211/811 3653/36/810
f 3658/2210/812 3657/2213/814 3655/2211/811
f 3660/2212/813 3659/2215/813 3657/2213/814
f 3662/2214/815 3661/2217/815 3659/2215/813
f 3664/2216/816 3663/2219/816 3661/2217/815
f 3666/2218/817 3665/2221/819 3663/2219/816
f 3668/2220/818 3667/2223/818 3665/2221/819
f 3670/2222/820 3669/2225/822 3667/2223/818
f 3672/2224/821 3671/2227/821 3669/2225/822
f 3674/2226/823 3673/2229/823 3671/2227/821
f 3676/2228/824 3675/2231/824 3673/2229/823
f 3678/2230/825 3677/2233/825 3675/2231/824
f 3680/2232/826 3679/2235/826 3677/2233/825
f 3682/2234/827 3681/2237/829 3679/2235/826
f 3684/2236/828 3683/2239/828 3681/2237/829
f 3686/2238/830 3685/2241/830 3683/2239/828
f 3688/2240/831 3687/2243/833 3685/2241/830
f 3690/2242/832 3689/2245/835 3687/2243/833
f 3692/2244/834 3691/2247/834 3689/2245/835
f 3694/2246/836 3693/2249/836 3691/2247/834
f 3696/2248/837 3695/2251/837 3693/2249/836
f 3698/2250/838 3697/2253/838 3695/2251/837
f 3700/2252/839 3699/2255/839 3697/2253/838
f 3702/2254/840 3701/2257/840 3699/2255/839
f 3704/2256/841 3703/2259/841 3701/2257/840
f 3706/2258/842 3705/2261/842 3703/2259/841
f 3708/2260/843 3707/2263/843 3705/2261/842
f 3710/2262/844 3709/2265/844 3707/2263/843
f 3712/2264/845 3711/2267/845 3709/2265/844
f 3714/2266/663 3713/2269/663 3711/2267/845
f 3716/2268/846 3715/2271/848 3713/2269/663
f 3718/2270/847 3717/2273/850 3715/2271/848
f 3720/2272/849 3719/2275/849 3717/2273/850
f 3722/2274/850 3721/2277/850 3719/2275/849
f 3724/2276/851 3723/2279/851 3721/2277/850
f 3726/2278/852 3725/2281/852 3723/2279/851
f 3728/2280/853 3727/2283/853 3725/2281/852
f 3730/2282/854 3729/2285/854 3727/2283/853
f 3732/2284/845 3731/2287/845 3729/2285/854
f 3734/2286/855 3733/2289/855 3731/2287/845
f 3736/2288/856 3735/2291/858 3733/2289/855
f 3738/2290/857 3737/2293/860 3735/2291/858
f 3740/2292/859 3739/2295/859 3737/2293/860
f 3742/2294/861 3741/2297/861 3739/2295/859
f 3744/2296/862 3743/2299/862 3741/2297/861
f 3746/2298/863 3745/2301/863 3743/2299/862
f 3748/2300/864 3747/2303/864 3745/2301/863
f 3750/2302/865 3749/2305/865 3747/2303/864
f 3752/2304/866 3751/2307/866 3749/2305/865
f 3754/2306/867 3753/2309/869 3751/2307/866
f 3756/2308/868 3755/2311/868 3753/2309/869
f 3758/2310/870 3757/2313/870 3755/2311/868
f 3760/2312/871 3759/2315/871 3757/2313/870
f 3762/2314/872 3761/2317/872 3759/2315/871
f 3764/2316/873 3763/2319/873 3761/2317/872
f 3766/2318/874 3765/2321/874 3763/2319/873
f 3768/2320/875 3767/2323/875 3765/2321/874
f 3770/2322/876 3769/2325/878 3767/2323/875
f 3772/2324/877 3771/2327/880 3769/2325/878
f 3774/2326/879 3773/2329/882 3771/2327/880
f 3776/2328/881 3775/2331/884 3773/2329/882
f 3778/2330/883 3777/2333/886 3775/2331/884
f 3780/2332/885 3779/2335/885 3777/2333/886
f 3782/2334/887 3781/2337/889 3779/2335/885
f 3784/2336/888 3783/2339/888 3781/2337/889
f 3786/2338/890 3785/2341/841 3783/2339/888
f 3788/2340/891 3787/2343/893 3785/2341/841
f 3790/2342/892 3789/2345/895 3787/2343/893
f 3792/2344/894 3791/2347/894 3789/2345/895
f 3794/2346/896 3793/2348/896 3791/2347/894
f 3370/1374/664 3369/94/664 3793/2348/896
f 3798/1376/897 3797/1378/897 3795/122/898
f 3800/1377/899 3799/1380/899 3797/1378/897
f 3802/1379/900 3801/1382/900 3799/1380/899
f 3804/1381/901 3803/1384/901 3801/1382/900
f 3806/1383/902 3805/1386/902 3803/1384/901
f 3808/1385/903 3807/1388/903 3805/1386/902
f 3810/1387/904 3809/1390/904 3807/1388/903
f 3812/1389/905 3811/1392/905 3809/1390/904
f 3814/1391/906 3813/1394/906 3811/1392/905
f 3816/1393/907 3815/1396/907 3813/1394/906
f 3818/1395/908 3817/1398/908 3815/1396/907
f 3820/1397/909 3819/1400/909 3817/1398/908
f 3822/1399/910 3821/99/910 3819/1400/909
f 3824/1401/911 3823/1403/911 3821/99/910
f 3826/1402/912 3825/1405/914 3823/1403/911
f 3828/1404/913 3827/1407/916 3825/1405/914
f 3830/1406/915 3829/1409/915 3827/1407/916
f 3832/1408/917 3831/1411/917 3829/1409/915
f 3834/1410/918 3833/1413/918 3831/1411/917
f 3836/1412/919 3835/1415/919 3833/1413/918
f 3838/1414/920 3837/1417/920 3835/1415/919
f 3840/1416/921 3839/1419/921 3837/1417/920
f 3842/1418/922 3841/1421/922 3839/1419/921
f 3844/1420/923 3843/1423/923 3841/1421/922
f 3846/1422/924 3845/1424/924 3843/1423/923
f 3796/1374/898 3795/94/898 3845/1424/924
f 3850/2349/925 3849/2351/925 3847/122/926
f 3852/2350/927 3851/2353/927 3849/2351/925
f 3854/2352/928 3853/2355/930 3851/2353/927
f 3856/2354/929 3855/2357/929 3853/2355/930
f 3858/2356/931 3857/2359/933 3855/2357/929
f 3860/2358/932 3859/2361/932 3857/2359/933
f 3862/2360/934 3861/2363/934 3859/2361/932
f 3864/2362/935 3863/2365/935 3861/2363/934
f 3866/2364/936 3865/2367/936 3863/2365/935
f 3868/2366/937 3867/2369/937 3865/2367/936
f 3870/2368/938 3869/2371/940 3867/2369/937
f 3872/2370/939 3871/2373/939 3869/2371/940
f 3874/2372/941 3873/2375/941 3871/2373/939
f 3876/2374/942 3875/2377/942 3873/2375/941
f 3878/2376/943 3877/2379/943 3875/2377/942
f 3880/2378/944 3879/2381/944 3877/2379/943
f 3882/2380/945 3881/2383/947 3879/2381/944
f 3884/2382/946 3883/2385/946 3881/2383/947
f 3886/2384/948 3885/2387/948 3883/2385/946
f 3888/2386/949 3887/2389/951 3885/2387/948
f 3890/2388/950 3889/2391/950 3887/2389/951
f 3892/2390/952 3891/2393/952 3889/2391/950
f 3894/2392/953 3893/2395/953 3891/2393/952
f 3896/2394/954 3895/2397/956 3893/2395/953
f 3898/2396/955 3897/2399/955 3895/2397/956
f 3900/2398/957 3899/2401/957 3897/2399/955
f 3902/2400/958 3901/2403/958 3899/2401/957
f 3904/2402/959 3903/2405/961 3901/2403/958
f 3906/2404/960 3905/2407/960 3903/2405/961
f 3908/2406/962 3907/2409/964 3905/2407/960
f 3910/2408/963 3909/2411/966 3907/2409/964
f 3912/2410/965 3911/2413/965 3909/2411/966
f 3914/2412/967 3913/2415/969 3911/2413/965
f 3916/2414/968 3915/2417/968 3913/2415/969
f 3918/2416/970 3917/2419/970 3915/2417/968
f 3920/2418/971 3919/2421/971 3917/2419/970
f 3922/2420/972 3921/2423/972 3919/2421/971
f 3924/2422/973 3923/2425/973 3921/2423/972
f 3926/2424/974 3925/2427/974 3923/2425/973
f 3928/2426/975 3927/2429/975 3925/2427/974
f 3930/2428/976 3929/2431/976 3927/2429/975
f 3932/2430/977 3931/2433/977 3929/2431/976
f 3934/2432/978 3933/2435/978 3931/2433/977
f 3936/2434/979 3935/2437/979 3933/2435/978
f 3938/2436/980 3937/2439/982 3935/2437/979
f 3940/2438/981 3939/2441/981 3937/2439/982
f 3942/2440/983 3941/2443/983 3939/2441/981
f 3944/2442/984 3943/2445/984 3941/2443/983
f 3946/2444/985 3945/2447/985 3943/2445/984
f 3948/2446/986 3947/2449/988 3945/2447/985
f 3950/2448/987 3949/2451/987 3947/2449/988
f 3952/2450/989 3951/2453/989 3949/2451/987
f 3954/2452/990 3953/2455/990 3951/2453/989
f 3956/2454/991 3955/2457/991 3953/2455/990
f 3958/2456/992 3957/2459/992 3955/2457/991
f 3960/2458/993 3959/2461/993 3957/2459/992
f 3962/2460/994 3961/2463/994 3959/2461/993
f 3964/2462/995 3963/2465/995 3961/2463/994
f 3966/2464/996 3965/2467/998 3963/2465/995
f 3968/2466/997 3967/2469/997 3965/2467/998
f 3970/2468/999 3969/2471/999 3967/2469/997
f 3972/2470/1000 3971/2473/1000 3969/2471/999
f 3974/2472/1001 3973/2475/1001 3971/2473/1000
f 3976/2474/1002 3975/2477/1002 3973/2475/1001
f 3978/2476/1003 3977/2479/1003 3975/2477/1002
f 3980/2478/1004 3979/2481/1006 3977/2479/1003
f 3982/2480/1005 3981/2483/1005 3979/2481/1006
f 3984/2482/1007 3983/2485/1007 3981/2483/1005
f 3986/2484/1008 3985/2487/1008 3983/2485/1007
f 3988/2486/1009 3987/2489/1009 3985/2487/1008
f 3990/2488/1010 3989/2491/1010 3987/2489/1009
f 3992/2490/1011 3991/2493/1011 3989/2491/1010
f 3994/2492/1012 3993/2495/1012 3991/2493/1011
f 3996/2494/1013 3995/2497/1013 3993/2495/1012
f 3998/2496/1014 3997/2499/1014 3995/2497/1013
f 4000/2498/1015 3999/2501/1015 3997/2499/1014
f 4002/2500/1015 4001/2503/1015 3999/2501/1015
f 4004/2502/1015 4003/2505/1015 4001/2503/1015
f 4006/2504/1015 4005/2507/1015 4003/2505/1015
f 4008/2506/1015 4007/2509/1015 4005/2507/1015
f 4010/2508/1015 4009/2511/1015 4007/2509/1015
f 4012/2510/1015 4011/2513/1015 4009/2511/1015
f 4014/2512/1015 4013/2515/1015 4011/2513/1015
f 4016/2514/1015 4015/2517/1015 4013/2515/1015
f 4018/2516/1015 4017/2519/1015 4015/2517/1015
f 4020/2518/1015 4019/2521/1015 4017/2519/1015
f 4022/2520/1016 4021/2523/1016 4019/2521/1015
f 4024/2522/1017 4023/2525/1017 4021/2523/1016
f 4026/2524/1018 4025/2527/1018 4023/2525/1017
f 4028/2526/1019 4027/2529/1019 4025/2527/1018
f 4030/2528/1020 4029/2531/1020 4027/2529/1019
f 4032/2530/1021 4031/2533/1021 4029/2531/1020
f 4034/2532/1022 4033/2535/1022 4031/2533/1021
f 4036/2534/1023 4035/2537/1023 4033/2535/1022
f 4038/2536/1024 4037/2539/1024 4035/2537/1023
f 4040/2538/1025 4039/2541/1025 4037/2539/1024
f 4042/2540/1026 4041/2543/1026 4039/2541/1025
f 4044/2542/1027 4043/2545/1027 4041/2543/1026
f 4046/2544/1028 4045/2547/1028 4043/2545/1027
f 4048/2546/1029 4047/2549/1029 4045/2547/1028
f 4050/2548/1030 4049/2551/1030 4047/2549/1029
f 4052/2550/1031 4051/2553/1033 4049/2551/1030
f 4054/2552/1032 4053/2555/1032 4051/2553/1033
f 4056/2554/1034 4055/2557/1034 4053/2555/1032
f 4058/2556/1035 4057/2559/1035 4055/2557/1034
f 4060/2558/1036 4059/2561/1036 4057/2559/1035
f 4062/2560/1037 4061/2563/1037 4059/2561/1036
f 4064/2562/1038 4063/2565/1038 4061/2563/1037
f 4066/2564/1039 4065/2567/1039 4063/2565/1038
f 4068/2566/1040 4067/2569/1040 4065/2567/1039
f 4070/2568/1041 4069/2571/1041 4067/2569/1040
f 4072/2570/1042 4071/2573/1042 4069/2571/1041
f 4074/2572/152 4073/2575/152 4071/2573/1042
f 4076/2574/1043 4075/2577/1043 4073/2575/152
f 4078/2576/1044 4077/2579/1044 4075/2577/1043
f 4080/2578/1045 4079/2581/1045 4077/2579/1044
f 4082/2580/1046 4081/2583/1048 4079/2581/1045
f 4084/2582/1047 4083/2585/1049 4081/2583/1048
f 4086/2584/131 4085/2587/131 4083/2585/1049
f 4088/2586/1050 4087/2589/1052 4085/2587/131
f 4090/2588/1051 4089/2591/1051 4087/2589/1052
f 4092/2590/1053 4091/2593/1053 4089/2591/1051
f 4094/2592/1054 4093/2595/1056 4091/2593/1053
f 4096/2594/1055 4095/2597/1055 4093/2595/1056
f 4098/2596/1057 4097/2599/1057 4095/2597/1055
f 4100/2598/1058 4099/2601/1060 4097/2599/1057
f 4102/2600/1059 4101/2603/1059 4099/2601/1060
f 4104/2602/1061 4103/2605/1061 4101/2603/1059
f 4106/2604/1062 4105/2607/1064 4103/2605/1061
f 4108/2606/1063 4107/2609/1066 4105/2607/1064
f 4110/2608/1065 4109/2611/1065 4107/2609/1066
f 4112/2610/1067 4111/2613/1067 4109/2611/1065
f 4114/2612/1068 4113/2615/1068 4111/2613/1067
f 4116/2614/1069 4115/2617/1069 4113/2615/1068
f 4118/2616/1070 4117/2619/1070 4115/2617/1069
f 4120/2618/1071 4119/2621/1073 4117/2619/1070
f 4122/2620/1072 4121/2623/1072 4119/2621/1073
f 4124/2622/1074 4123/2625/1074 4121/2623/1072
f 4126/2624/1075 4125/2627/1075 4123/2625/1074
f 4128/2626/191 4127/2629/191 4125/2627/1075
f 4130/2628/1076 4129/2631/1076 4127/2629/191
f 4132/2630/1077 4131/2633/1077 4129/2631/1076
f 4134/2632/1078 4133/2635/1078 4131/2633/1077
f 4136/2634/1079 4135/2637/1079 4133/2635/1078
f 4138/2636/1080 4137/2639/1080 4135/2637/1079
f 4140/2638/1081 4139/2641/1081 4137/2639/1080
f 4142/2640/1082 4141/2643/1082 4139/2641/1081
f 4144/2642/1083 4143/2645/1083 4141/2643/1082
f 4146/2644/1084 4145/2647/1084 4143/2645/1083
f 4148/2646/1085 4147/2649/1085 4145/2647/1084
f 4150/2648/1086 4149/2651/1086 4147/2649/1085
f 4152/2650/1087 4151/2653/1087 4149/2651/1086
f 4154/2652/1088 4153/2655/1088 4151/2653/1087
f 4156/2654/1089 4155/2657/1089 4153/2655/1088
f 4158/2656/1090 4157/2659/1090 4155/2657/1089
f 4160/2658/1091 4159/2661/1091 4157/2659/1090
f 4162/2660/1092 4161/2663/1092 4159/2661/1091
f 4164/2662/1093 4163/2665/1093 4161/2663/1092
f 4166/2664/1094 4165/2667/1094 4163/2665/1093
f 4168/2666/1095 4167/2669/1097 4165/2667/1094
f 4170/2668/1096 4169/2671/1096 4167/2669/1097
f 4172/2670/1098 4171/2673/1098 4169/2671/1096
f 4174/2672/1099 4173/2675/1099 4171/2673/1098
f 4176/2674/1100 4175/2677/1100 4173/2675/1099
f 4178/2676/1101 4177/2679/1101 4175/2677/1100
f 4180/2678/1102 4179/2680/1103 4177/2679/1101
f 3848/1374/926 3847/94/926 4179/2680/1103
